{
    "epoch": [
        0,
        1,
        2,
        3,
        4,
        5,
        6,
        7,
        8,
        9,
        10,
        11,
        12,
        13,
        14,
        15,
        16,
        17,
        18,
        19
    ],
    "train_loss": [
        0.02811591327190399,
        0.020908748731017113,
        0.014847096055746078,
        0.010930349119007587,
        0.012260730378329754,
        0.015320006757974625,
        0.012169323861598969,
        0.010629710741341114,
        0.011446923948824406,
        0.00900286715477705,
        0.008523698896169662,
        0.007533384952694178,
        0.007258386816829443,
        0.006996809039264917,
        0.008319564163684845,
        0.00818287767469883,
        0.008809156715869904,
        0.007278101984411478,
        0.006549435667693615,
        0.00612318841740489
    ]
}