{
    "epoch": [
        0,
        1,
        2,
        3,
        4,
        5,
        6,
        7,
        8,
        9,
        10,
        11,
        12,
        13,
        14,
        15,
        16,
        17,
        18,
        19,
        20,
        21,
        22,
        23,
        24,
        25,
        26,
        27,
        28,
        29,
        30,
        31,
        32,
        33,
        34,
        35,
        36,
        37,
        38,
        39,
        40,
        41,
        42,
        43,
        44,
        45,
        46,
        47,
        48,
        49,
        50,
        51,
        52,
        53,
        54,
        55,
        56,
        57,
        58,
        59,
        60,
        61,
        62,
        63,
        64,
        65,
        66,
        67,
        68,
        69,
        70,
        71,
        72,
        73,
        74,
        75,
        76,
        77,
        78,
        79,
        80,
        81,
        82,
        83,
        84,
        85,
        86,
        87,
        88,
        89,
        90,
        91,
        92,
        93,
        94,
        95,
        96,
        97,
        98,
        99
    ],
    "train_loss": [
        0.03662601485848427,
        0.024489734321832657,
        0.012055870145559311,
        0.011256919242441654,
        0.00879546720534563,
        0.009104539640247822,
        0.008006584830582142,
        0.00796325784176588,
        0.00868375226855278,
        0.008277026936411858,
        0.008440805599093437,
        0.00835727620869875,
        0.008663812652230263,
        0.008475455455482006,
        0.009455469436943531,
        0.008313046768307686,
        0.009471491910517216,
        0.009009016677737236,
        0.009387152269482613,
        0.009950545616447926,
        0.00965388398617506,
        0.010302554816007614,
        0.010897739790380001,
        0.01104267593473196,
        0.010801786556839943,
        0.010958374477922916,
        0.011164428666234016,
        0.011571078561246395,
        0.01179458573460579,
        0.011961863376200199,
        0.011943786405026913,
        0.011884023435413837,
        0.011919711716473103,
        0.012027738615870476,
        0.012058204039931297,
        0.012097992934286594,
        0.012140206061303616,
        0.012171037495136261,
        0.012193260714411736,
        0.01226774137467146,
        0.01235638465732336,
        0.01246239896863699,
        0.01251816563308239,
        0.01257369201630354,
        0.012572203762829304,
        0.012597871012985706,
        0.01263740099966526,
        0.012763174250721931,
        0.012956378981471062,
        0.013134443201124668,
        0.01328339520841837,
        0.013386470265686512,
        0.013591224327683449,
        0.013707438483834267,
        0.01381189189851284,
        0.013941747136414051,
        0.014198792167007923,
        0.014225908555090427,
        0.01429771725088358,
        0.014422997832298279,
        0.014562197029590607,
        0.014759035781025887,
        0.01498689129948616,
        0.014829191379249096,
        0.01449866034090519,
        0.014013683423399925,
        0.013600404374301434,
        0.013508807867765427,
        0.013334400951862335,
        0.013246637769043446,
        0.01319456659257412,
        0.013173647224903107,
        0.01317068375647068,
        0.013173652812838554,
        0.013168039731681347,
        0.013152597472071648,
        0.013123984448611736,
        0.013065180741250515,
        0.013022939674556255,
        0.012957914732396603,
        0.012865575961768627,
        0.01280125416815281,
        0.012779365293681622,
        0.012780887074768543,
        0.012767575681209564,
        0.012764368206262589,
        0.01276212465018034,
        0.012758332304656506,
        0.012749196961522102,
        0.012746479362249374,
        0.012740351259708405,
        0.012738386169075966,
        0.012737124226987362,
        0.012736043892800808,
        0.012736456468701363,
        0.012735797092318535,
        0.012735412456095219,
        0.012731996364891529,
        0.012734398245811462,
        0.0127303097397089
    ]
}