{
    "epoch": [
        0,
        1,
        2,
        3,
        4,
        5,
        6,
        7,
        8,
        9,
        10,
        11,
        12,
        13,
        14,
        15,
        16,
        17,
        18,
        19,
        20,
        21,
        22,
        23,
        24,
        25,
        26,
        27,
        28,
        29,
        30,
        31,
        32,
        33,
        34,
        35,
        36,
        37,
        38,
        39,
        40,
        41,
        42,
        43,
        44,
        45,
        46,
        47,
        48,
        49,
        50,
        51,
        52,
        53,
        54,
        55,
        56,
        57,
        58,
        59,
        60,
        61,
        62,
        63,
        64,
        65,
        66,
        67,
        68,
        69,
        70,
        71,
        72,
        73,
        74,
        75,
        76,
        77,
        78,
        79,
        80,
        81,
        82,
        83,
        84,
        85,
        86,
        87,
        88,
        89,
        90,
        91,
        92,
        93,
        94,
        95,
        96,
        97,
        98,
        99
    ],
    "train_loss": [
        0.03903421759605408,
        0.016239719465374947,
        0.012072556652128696,
        0.013796104118227959,
        0.012962386012077332,
        0.011815312318503857,
        0.013371201232075691,
        0.01478117611259222,
        0.016195395961403847,
        0.014639323577284813,
        0.013026655651628971,
        0.01208687573671341,
        0.011386212892830372,
        0.01102762296795845,
        0.010787374339997768,
        0.010814118199050426,
        0.010899859480559826,
        0.010293412953615189,
        0.01024500373750925,
        0.01033259741961956,
        0.01045609638094902,
        0.010314700193703175,
        0.010353823192417622,
        0.01040379423648119,
        0.010531500913202763,
        0.010888038203120232,
        0.01146607380360365,
        0.010847507044672966,
        0.010208925232291222,
        0.01002872921526432,
        0.009640948846936226,
        0.009263240732252598,
        0.008889890275895596,
        0.008787790313363075,
        0.008778424002230167,
        0.008350708521902561,
        0.008218451403081417,
        0.008229784667491913,
        0.008214449509978294,
        0.00831523910164833,
        0.008363946340978146,
        0.008479004725813866,
        0.008968651294708252,
        0.00931242574006319,
        0.009617425501346588,
        0.009808569215238094,
        0.010307947173714638,
        0.010755117051303387,
        0.011330959387123585,
        0.013501394540071487,
        0.014268907718360424,
        0.014330871403217316,
        0.014500281773507595,
        0.015292873606085777,
        0.01576591096818447,
        0.015927139669656754,
        0.016727367416024208,
        0.016004635021090508,
        0.015532512217760086,
        0.01465089526027441,
        0.013645165599882603,
        0.012975852005183697,
        0.012367704883217812,
        0.012631739489734173,
        0.01244406495243311,
        0.012918492779135704,
        0.012993847019970417,
        0.013366731815040112,
        0.01344574335962534,
        0.012926834635436535,
        0.012603271752595901,
        0.01206972636282444,
        0.010998621582984924,
        0.010242732241749763,
        0.010079922154545784,
        0.010179657489061356,
        0.010324293747544289,
        0.010027173906564713,
        0.010620562359690666,
        0.010144025087356567,
        0.010577172972261906,
        0.011059150099754333,
        0.01065838523209095,
        0.0110847232863307,
        0.010788118466734886,
        0.010893288999795914,
        0.01154856476932764,
        0.012267791666090488,
        0.012557018548250198,
        0.01294427178800106,
        0.01315105240792036,
        0.012975617311894894,
        0.012561517767608166,
        0.012417889200150967,
        0.011937747709453106,
        0.011858152225613594,
        0.011928120627999306,
        0.01163711678236723,
        0.010988257825374603,
        0.010614767670631409
    ]
}