{
    "epoch": [
        0,
        1,
        2,
        3,
        4,
        5,
        6,
        7,
        8,
        9,
        10,
        11,
        12,
        13,
        14,
        15,
        16,
        17,
        18,
        19,
        20,
        21,
        22,
        23,
        24,
        25,
        26,
        27,
        28,
        29,
        30,
        31,
        32,
        33,
        34,
        35,
        36,
        37,
        38,
        39,
        40,
        41,
        42,
        43,
        44,
        45,
        46,
        47,
        48,
        49,
        50,
        51,
        52,
        53,
        54,
        55,
        56,
        57,
        58,
        59,
        60,
        61,
        62,
        63,
        64,
        65,
        66,
        67,
        68,
        69,
        70,
        71,
        72,
        73,
        74,
        75,
        76,
        77,
        78,
        79,
        80,
        81,
        82,
        83,
        84,
        85,
        86,
        87,
        88,
        89,
        90,
        91,
        92,
        93,
        94,
        95,
        96,
        97,
        98,
        99
    ],
    "train_loss": [
        0.02447761408984661,
        0.01251750998198986,
        0.009848998859524727,
        0.02024136856198311,
        0.01266227662563324,
        0.015758877620100975,
        0.013039677403867245,
        0.012360737659037113,
        0.012226934544742107,
        0.011812854558229446,
        0.01143088098615408,
        0.011168659664690495,
        0.010942981578409672,
        0.010881738737225533,
        0.011271167546510696,
        0.011482248082756996,
        0.011792817153036594,
        0.011693455278873444,
        0.01141863688826561,
        0.011207654140889645,
        0.01146108191460371,
        0.011640683747828007,
        0.011988187208771706,
        0.011830979026854038,
        0.012062698602676392,
        0.01220179907977581,
        0.011284374631941319,
        0.011052193120121956,
        0.010835040360689163,
        0.010809740051627159,
        0.010720650665462017,
        0.010540499351918697,
        0.010384883731603622,
        0.01037379540503025,
        0.010356903076171875,
        0.010366473346948624,
        0.010325915180146694,
        0.010324223898351192,
        0.010336058214306831,
        0.010311540216207504,
        0.010330571793019772,
        0.010312613099813461,
        0.010238002054393291,
        0.010184288024902344,
        0.010140986181795597,
        0.010115853510797024,
        0.010099601931869984,
        0.010100671090185642,
        0.010054771788418293,
        0.009943564422428608,
        0.009837247431278229,
        0.009684945456683636,
        0.009421867318451405,
        0.009249781258404255,
        0.009250473231077194,
        0.009186236187815666,
        0.009029267355799675,
        0.009041110053658485,
        0.008929494768381119,
        0.008961674757301807,
        0.009074301458895206,
        0.0091533362865448,
        0.009155198000371456,
        0.009084613993763924,
        0.009016687050461769,
        0.008934934623539448,
        0.00886116735637188,
        0.008875503204762936,
        0.008889121003448963,
        0.008875836618244648,
        0.008878586813807487,
        0.008893473073840141,
        0.00892610102891922,
        0.00900364201515913,
        0.008991975337266922,
        0.008988982997834682,
        0.00898598600178957,
        0.0090305395424366,
        0.009134194813668728,
        0.009199118241667747,
        0.009230113588273525,
        0.00928372424095869,
        0.0093539422377944,
        0.009471312165260315,
        0.009607253596186638,
        0.009628364816308022,
        0.009579881094396114,
        0.009511636570096016,
        0.00940434355288744,
        0.00936808716505766,
        0.00938008539378643,
        0.009372500702738762,
        0.009369079023599625,
        0.009311161935329437,
        0.009294086135923862,
        0.009247652254998684,
        0.009253017604351044,
        0.009253017604351044,
        0.009253017604351044,
        0.009253017604351044
    ]
}