{
    "epoch": [
        0,
        1,
        2,
        3,
        4,
        5,
        6,
        7,
        8,
        9,
        10,
        11,
        12,
        13,
        14,
        15,
        16,
        17,
        18,
        19,
        20,
        21,
        22,
        23,
        24,
        25,
        26,
        27,
        28,
        29,
        30,
        31,
        32,
        33,
        34,
        35,
        36,
        37,
        38,
        39,
        40,
        41,
        42,
        43,
        44,
        45,
        46,
        47,
        48,
        49,
        50,
        51,
        52,
        53,
        54,
        55,
        56,
        57,
        58,
        59,
        60,
        61,
        62,
        63,
        64,
        65,
        66,
        67,
        68,
        69,
        70,
        71,
        72,
        73,
        74,
        75,
        76,
        77,
        78,
        79,
        80,
        81,
        82,
        83,
        84,
        85,
        86,
        87,
        88,
        89,
        90,
        91,
        92,
        93,
        94,
        95,
        96,
        97,
        98,
        99
    ],
    "train_loss": [
        0.018856294453144073,
        0.009786291047930717,
        0.007340144366025925,
        0.006215423345565796,
        0.004733270965516567,
        0.004878710955381393,
        0.004661414306610823,
        0.004169989377260208,
        0.004080335609614849,
        0.004597656428813934,
        0.004501061048358679,
        0.0041178264655172825,
        0.00425361655652523,
        0.003934921696782112,
        0.0038458199705928564,
        0.003977666608989239,
        0.0038887944538146257,
        0.0039017335511744022,
        0.004249461926519871,
        0.004246953874826431,
        0.0038615972734987736,
        0.003757818602025509,
        0.003986705560237169,
        0.003769882256165147,
        0.003703628433868289,
        0.003703127847984433,
        0.0036190820392221212,
        0.003418359439820051,
        0.0032172491773962975,
        0.0032235768157988787,
        0.0032972325570881367,
        0.0035335735883563757,
        0.0037527859676629305,
        0.003944501280784607,
        0.004291925113648176,
        0.004556506872177124,
        0.0043324814178049564,
        0.0041416543535888195,
        0.004092175979167223,
        0.0041508059948682785,
        0.004311795346438885,
        0.004447122570127249,
        0.004674083553254604,
        0.00485442578792572,
        0.005000415723770857,
        0.004865884315222502,
        0.0047464496456086636,
        0.005191945005208254,
        0.005731949582695961,
        0.006263721734285355,
        0.006556781008839607,
        0.006705799140036106,
        0.007227007765322924,
        0.008292416110634804,
        0.008849241770803928,
        0.009713378734886646,
        0.01062240730971098,
        0.011525505222380161,
        0.011519860476255417,
        0.010992342606186867,
        0.011035991832613945,
        0.011502985842525959,
        0.01217932254076004,
        0.012798488140106201,
        0.013032136484980583,
        0.01273580826818943,
        0.012357627041637897,
        0.011878103949129581,
        0.011186335235834122,
        0.010811246931552887,
        0.010853348299860954,
        0.010320721194148064,
        0.009773124009370804,
        0.009208050556480885,
        0.008743265643715858,
        0.008502188138663769,
        0.008292874321341515,
        0.008122533559799194,
        0.007797609083354473,
        0.007625379599630833,
        0.007443357724696398,
        0.007216268219053745,
        0.00670350668951869,
        0.006137513555586338,
        0.00574894342571497,
        0.0053519196808338165,
        0.004893747624009848,
        0.004624205641448498,
        0.004360548220574856,
        0.0042051104828715324,
        0.004139356780797243,
        0.003859436372295022,
        0.0037520381156355143,
        0.0037020016461610794,
        0.0035729450173676014,
        0.003534993389621377,
        0.00372927519492805,
        0.003821050049737096,
        0.003678671084344387,
        0.003386975498870015
    ]
}