{
    "epoch": [
        0,
        1,
        2,
        3,
        4,
        5,
        6,
        7,
        8,
        9,
        10,
        11,
        12,
        13,
        14,
        15,
        16,
        17,
        18,
        19,
        20,
        21,
        22,
        23,
        24,
        25,
        26,
        27,
        28,
        29,
        30,
        31,
        32,
        33,
        34,
        35,
        36,
        37,
        38,
        39,
        40,
        41,
        42,
        43,
        44,
        45,
        46,
        47,
        48,
        49,
        50,
        51,
        52,
        53,
        54,
        55,
        56,
        57,
        58,
        59,
        60,
        61,
        62,
        63,
        64,
        65,
        66,
        67,
        68,
        69,
        70,
        71,
        72,
        73,
        74,
        75,
        76,
        77,
        78,
        79,
        80,
        81,
        82,
        83,
        84,
        85,
        86,
        87,
        88,
        89,
        90,
        91,
        92,
        93,
        94,
        95,
        96,
        97,
        98,
        99
    ],
    "train_loss": [
        0.06354282796382904,
        0.025395656004548073,
        0.01613483764231205,
        0.012687389738857746,
        0.01546823512762785,
        0.02560630813241005,
        0.019172541797161102,
        0.013021236285567284,
        0.013982917182147503,
        0.013790170662105083,
        0.013035275042057037,
        0.012463545426726341,
        0.01243875827640295,
        0.012556999921798706,
        0.012798421084880829,
        0.012658304534852505,
        0.012798389419913292,
        0.012442084029316902,
        0.011767609976232052,
        0.011000254191458225,
        0.01089104451239109,
        0.010770052671432495,
        0.01074095070362091,
        0.010808367282152176,
        0.010805360972881317,
        0.010788770392537117,
        0.010693851858377457,
        0.010571125894784927,
        0.010555341839790344,
        0.010767031461000443,
        0.01083118561655283,
        0.010884193703532219,
        0.01065104641020298,
        0.010615542531013489,
        0.01062448788434267,
        0.010675855912268162,
        0.0108134550973773,
        0.010853265412151814,
        0.010824896395206451,
        0.010785066522657871,
        0.01077775564044714,
        0.010777891613543034,
        0.010772399604320526,
        0.01077999733388424,
        0.010804660618305206,
        0.010791175998747349,
        0.010780519805848598,
        0.010760853998363018,
        0.010741631500422955,
        0.010733255185186863,
        0.010723387822508812,
        0.010743348859250546,
        0.01074584387242794,
        0.01075771264731884,
        0.01076818909496069,
        0.010761279612779617,
        0.010738983750343323,
        0.010678661055862904,
        0.010622700676321983,
        0.010566269047558308,
        0.01051140297204256,
        0.010494408197700977,
        0.010494000278413296,
        0.01049839798361063,
        0.010501236654818058,
        0.010509705170989037,
        0.010529553517699242,
        0.010565558448433876,
        0.010590349324047565,
        0.010684876702725887,
        0.010813005268573761,
        0.010850809514522552,
        0.010952427051961422,
        0.01102984044700861,
        0.011102400720119476,
        0.01126977801322937,
        0.011375326663255692,
        0.011611904948949814,
        0.01156415045261383,
        0.011611762456595898,
        0.011451739817857742,
        0.011485317721962929,
        0.0114812720566988,
        0.011544055305421352,
        0.011560056358575821,
        0.011586174368858337,
        0.011633207090198994,
        0.011685824953019619,
        0.011674442328512669,
        0.011706533841788769,
        0.011745579540729523,
        0.011753970757126808,
        0.011763440445065498,
        0.01174293365329504,
        0.01167583279311657,
        0.011637849733233452,
        0.011678075417876244,
        0.011711894534528255,
        0.011719568632543087,
        0.011741644702851772
    ]
}