{
    "epoch": [
        0,
        1,
        2,
        3,
        4,
        5,
        6,
        7,
        8,
        9,
        10,
        11,
        12,
        13,
        14,
        15,
        16,
        17,
        18,
        19,
        20,
        21,
        22,
        23,
        24,
        25,
        26,
        27,
        28,
        29,
        30,
        31,
        32,
        33,
        34,
        35,
        36,
        37,
        38,
        39,
        40,
        41,
        42,
        43,
        44,
        45,
        46,
        47,
        48,
        49,
        50,
        51,
        52,
        53,
        54,
        55,
        56,
        57,
        58,
        59,
        60,
        61,
        62,
        63,
        64,
        65,
        66,
        67,
        68,
        69,
        70,
        71,
        72,
        73,
        74,
        75,
        76,
        77,
        78,
        79,
        80,
        81,
        82,
        83,
        84,
        85,
        86,
        87,
        88,
        89,
        90,
        91,
        92,
        93,
        94,
        95,
        96,
        97,
        98,
        99
    ],
    "train_loss": [
        0.027207257226109505,
        0.02334851399064064,
        0.010099058039486408,
        0.008594447746872902,
        0.008449390530586243,
        0.008009695447981358,
        0.009765708819031715,
        0.010596535168588161,
        0.009439103305339813,
        0.007799359038472176,
        0.007240131963044405,
        0.0068687801249325275,
        0.006821046583354473,
        0.00732237147167325,
        0.007121556904166937,
        0.007062375545501709,
        0.007044624071568251,
        0.006993785500526428,
        0.007043358404189348,
        0.007460165768861771,
        0.00767775671556592,
        0.00788027886301279,
        0.008295059204101562,
        0.008597907610237598,
        0.008614597842097282,
        0.009054788388311863,
        0.009030994959175587,
        0.008979174308478832,
        0.008561266586184502,
        0.008092468604445457,
        0.007977464236319065,
        0.007713883649557829,
        0.0068708243779838085,
        0.006201783195137978,
        0.005669501144438982,
        0.0060100010596215725,
        0.006020852364599705,
        0.00623877439647913,
        0.006624293513596058,
        0.007109545636922121,
        0.008580327033996582,
        0.008758094161748886,
        0.009061588905751705,
        0.009408624842762947,
        0.01000500563532114,
        0.01260397955775261,
        0.011591685004532337,
        0.011153988540172577,
        0.011009301990270615,
        0.01056589838117361,
        0.01046976912766695,
        0.010317940264940262,
        0.009920445270836353,
        0.009809929877519608,
        0.009614246897399426,
        0.00933836679905653,
        0.009142804890871048,
        0.008695087395608425,
        0.007809700444340706,
        0.007403497584164143,
        0.0070484355092048645,
        0.007130416110157967,
        0.006952762138098478,
        0.00678060669451952,
        0.006657950114458799,
        0.006511696148663759,
        0.006285099312663078,
        0.0060458979569375515,
        0.006084606051445007,
        0.005765215959399939,
        0.005390520673245192,
        0.005260630045086145,
        0.0052907345816493034,
        0.005284016020596027,
        0.005563948303461075,
        0.005879119038581848,
        0.00603851955384016,
        0.006276248954236507,
        0.007341795600950718,
        0.00716869393363595,
        0.0070654540322721004,
        0.006935324054211378,
        0.006865884643048048,
        0.006634367164224386,
        0.00649091973900795,
        0.0061925859190523624,
        0.005947937723249197,
        0.005877911113202572,
        0.0058639273047447205,
        0.00582305621355772,
        0.005849441979080439,
        0.005874615628272295,
        0.005882786121219397,
        0.005904085002839565,
        0.005914411507546902,
        0.005930829793214798,
        0.005968195851892233,
        0.005988332908600569,
        0.006010687444359064,
        0.0060273343697190285
    ]
}