{
    "epoch": [
        0,
        1,
        2,
        3,
        4,
        5,
        6,
        7,
        8,
        9,
        10,
        11,
        12,
        13,
        14,
        15,
        16,
        17,
        18,
        19,
        20,
        21,
        22,
        23,
        24,
        25,
        26,
        27,
        28,
        29,
        30,
        31,
        32,
        33,
        34,
        35,
        36,
        37,
        38,
        39,
        40,
        41,
        42,
        43,
        44,
        45,
        46,
        47,
        48,
        49,
        50,
        51,
        52,
        53,
        54,
        55,
        56,
        57,
        58,
        59,
        60,
        61,
        62,
        63,
        64,
        65,
        66,
        67,
        68,
        69,
        70,
        71,
        72,
        73,
        74,
        75,
        76,
        77,
        78,
        79,
        80,
        81,
        82,
        83,
        84,
        85,
        86,
        87,
        88,
        89,
        90,
        91,
        92,
        93,
        94,
        95,
        96,
        97,
        98,
        99
    ],
    "train_loss": [
        0.038231734186410904,
        0.015590530820190907,
        0.015979016199707985,
        0.014493284747004509,
        0.009402972646057606,
        0.00934932753443718,
        0.009264825843274593,
        0.00892080832272768,
        0.008726785890758038,
        0.008846458978950977,
        0.009060507640242577,
        0.009306028485298157,
        0.009283198043704033,
        0.009331929497420788,
        0.009092058055102825,
        0.009004125371575356,
        0.008692597970366478,
        0.009279828518629074,
        0.008313876576721668,
        0.007430775556713343,
        0.008258286863565445,
        0.012997887097299099,
        0.013841304928064346,
        0.01208279374986887,
        0.010623925365507603,
        0.008913286961615086,
        0.0082392618060112,
        0.008294498547911644,
        0.008364326320588589,
        0.007880836725234985,
        0.00687089329585433,
        0.006540532223880291,
        0.006595265120267868,
        0.007694088388234377,
        0.007674210239201784,
        0.00686640152707696,
        0.006544593721628189,
        0.006416189484298229,
        0.006263391580432653,
        0.006579867098480463,
        0.006565702147781849,
        0.006667400244623423,
        0.00665636733174324,
        0.006647841073572636,
        0.0066177756525576115,
        0.006676145829260349,
        0.006255618296563625,
        0.006243761163204908,
        0.0060517387464642525,
        0.00601720018312335,
        0.006081694271415472,
        0.006013673730194569,
        0.005805040709674358,
        0.005806916859000921,
        0.005784326232969761,
        0.005735151004046202,
        0.005770033225417137,
        0.005870433058589697,
        0.0060364981181919575,
        0.006185152567923069,
        0.005966082215309143,
        0.005777997896075249,
        0.0057993801310658455,
        0.005641751457005739,
        0.005542992614209652,
        0.0055605387315154076,
        0.005513898096978664,
        0.005478456616401672,
        0.005499692168086767,
        0.005558249540627003,
        0.005486244801431894,
        0.00565076619386673,
        0.0057292538695037365,
        0.00556854298338294,
        0.0053702485747635365,
        0.005318389739841223,
        0.005204595625400543,
        0.005192229524254799,
        0.005186405032873154,
        0.005209318827837706,
        0.005234275013208389,
        0.005237951409071684,
        0.005222501698881388,
        0.0051375883631408215,
        0.005123495124280453,
        0.005126971751451492,
        0.005126971751451492,
        0.005126971751451492,
        0.005126971751451492,
        0.005126971751451492,
        0.005126971751451492,
        0.005126971751451492,
        0.005126971751451492,
        0.005126971751451492,
        0.005126971751451492,
        0.005126971751451492,
        0.005126971751451492,
        0.005126971751451492,
        0.005126971751451492,
        0.005125905387103558
    ]
}