{
    "epoch": [
        0,
        1,
        2,
        3,
        4,
        5,
        6,
        7,
        8,
        9,
        10,
        11,
        12,
        13,
        14,
        15,
        16,
        17,
        18,
        19,
        20,
        21,
        22,
        23,
        24,
        25,
        26,
        27,
        28,
        29,
        30,
        31,
        32,
        33,
        34,
        35,
        36,
        37,
        38,
        39,
        40,
        41,
        42,
        43,
        44,
        45,
        46,
        47,
        48,
        49,
        50,
        51,
        52,
        53,
        54,
        55,
        56,
        57,
        58,
        59,
        60,
        61,
        62,
        63,
        64,
        65,
        66,
        67,
        68,
        69,
        70,
        71,
        72,
        73,
        74,
        75,
        76,
        77,
        78,
        79,
        80,
        81,
        82,
        83,
        84,
        85,
        86,
        87,
        88,
        89,
        90,
        91,
        92,
        93,
        94,
        95,
        96,
        97,
        98,
        99
    ],
    "train_loss": [
        0.024875519797205925,
        0.011405998840928078,
        0.009235871955752373,
        0.009741858579218388,
        0.009963520802557468,
        0.010648470371961594,
        0.01129957940429449,
        0.010683460161089897,
        0.010928047820925713,
        0.01075404416769743,
        0.01061026006937027,
        0.010136135853827,
        0.010486488230526447,
        0.010452027432620525,
        0.010302002541720867,
        0.010253258049488068,
        0.010243427939713001,
        0.010263615287840366,
        0.010199690237641335,
        0.010154874064028263,
        0.010199591517448425,
        0.010163453407585621,
        0.009960762225091457,
        0.010010716505348682,
        0.009840943850576878,
        0.009789793752133846,
        0.009856171905994415,
        0.009922242723405361,
        0.00971190258860588,
        0.009797804057598114,
        0.00951746478676796,
        0.00972633995115757,
        0.009631626307964325,
        0.009764441289007664,
        0.009718642570078373,
        0.009710478596389294,
        0.009644810110330582,
        0.009616565890610218,
        0.009629571810364723,
        0.009548289701342583,
        0.009541070088744164,
        0.009568879380822182,
        0.009611262008547783,
        0.00955223385244608,
        0.009554977528750896,
        0.009610006585717201,
        0.009726029820740223,
        0.009687031619250774,
        0.009701770730316639,
        0.009729895740747452,
        0.00974876619875431,
        0.00986162107437849,
        0.009913275949656963,
        0.009920010343194008,
        0.00996359158307314,
        0.01012677326798439,
        0.010295135900378227,
        0.01032477430999279,
        0.01038704439997673,
        0.01046926062554121,
        0.010547608137130737,
        0.010707609355449677,
        0.010895485989749432,
        0.011104445904493332,
        0.01107052806764841,
        0.011206057853996754,
        0.0115469079464674,
        0.011808945797383785,
        0.0119370948523283,
        0.012191642075777054,
        0.012053032405674458,
        0.012045903131365776,
        0.012152056209743023,
        0.012236577458679676,
        0.012306928634643555,
        0.012299695983529091,
        0.012352980673313141,
        0.01235179603099823,
        0.01232669036835432,
        0.012296791188418865,
        0.01227914821356535,
        0.012262491509318352,
        0.012249602936208248,
        0.012247023172676563,
        0.012248110957443714,
        0.012259644456207752,
        0.012263605371117592,
        0.01224606018513441,
        0.012218764051795006,
        0.012210806831717491,
        0.012188191525638103,
        0.01215978804975748,
        0.0121464217081666,
        0.012113072909414768,
        0.01210313756018877,
        0.012085171416401863,
        0.012074040248990059,
        0.012067193165421486,
        0.012062566354870796,
        0.012065285816788673
    ]
}