{
    "epoch": [
        0,
        1,
        2,
        3,
        4,
        5,
        6,
        7,
        8,
        9,
        10,
        11,
        12,
        13,
        14,
        15,
        16,
        17,
        18,
        19,
        20,
        21,
        22,
        23,
        24,
        25,
        26,
        27,
        28,
        29,
        30,
        31,
        32,
        33,
        34,
        35,
        36,
        37,
        38,
        39,
        40,
        41,
        42,
        43,
        44,
        45,
        46,
        47,
        48,
        49,
        50,
        51,
        52,
        53,
        54,
        55,
        56,
        57,
        58,
        59,
        60,
        61,
        62,
        63,
        64,
        65,
        66,
        67,
        68,
        69,
        70,
        71,
        72,
        73,
        74,
        75,
        76,
        77,
        78,
        79,
        80,
        81,
        82,
        83,
        84,
        85,
        86,
        87,
        88,
        89,
        90,
        91,
        92,
        93,
        94,
        95,
        96,
        97,
        98,
        99
    ],
    "train_loss": [
        0.6039375066757202,
        0.4784652590751648,
        0.39879095554351807,
        0.3395922780036926,
        0.28443995118141174,
        0.19575761258602142,
        0.1371229588985443,
        0.10065148770809174,
        0.09003807604312897,
        0.07621877640485764,
        0.08246566355228424,
        0.06594175845384598,
        0.0586923323571682,
        0.053581323474645615,
        0.04916345328092575,
        0.05529404059052467,
        0.04694585129618645,
        0.04305043816566467,
        0.03941658139228821,
        0.036675117909908295,
        0.03800836578011513,
        0.034510206431150436,
        0.032684165984392166,
        0.030704645439982414,
        0.028898539021611214,
        0.03134917840361595,
        0.02884877659380436,
        0.027514571323990822,
        0.026492582634091377,
        0.025187866762280464,
        0.02715527079999447,
        0.024437321349978447,
        0.02297411672770977,
        0.022298311814665794,
        0.021597282961010933,
        0.023671463131904602,
        0.02148040011525154,
        0.02016940899193287,
        0.019813694059848785,
        0.020097384229302406,
        0.023347023874521255,
        0.021482396870851517,
        0.01975199393928051,
        0.01941632106900215,
        0.019834067672491074,
        0.023223664611577988,
        0.020151058211922646,
        0.019185081124305725,
        0.018725959584116936,
        0.018804308027029037,
        0.01867903210222721,
        0.018848033621907234,
        0.018973087891936302,
        0.0194872934371233,
        0.020874185487627983,
        0.023472292348742485,
        0.023309340700507164,
        0.023323476314544678,
        0.02211844176054001,
        0.021525025367736816,
        0.021037470549345016,
        0.020708274096250534,
        0.020429829135537148,
        0.02102937363088131,
        0.020720550790429115,
        0.019888054579496384,
        0.018905382603406906,
        0.01900153048336506,
        0.018232164904475212,
        0.018695559352636337,
        0.019363099709153175,
        0.018225498497486115,
        0.01842985302209854,
        0.01819695346057415,
        0.018320301547646523,
        0.019523313269019127,
        0.019856786355376244,
        0.01908332295715809,
        0.018822452053427696,
        0.018838433548808098,
        0.019797325134277344,
        0.019228465855121613,
        0.02003977634012699,
        0.02062409557402134,
        0.02034439891576767,
        0.020069200545549393,
        0.019900944083929062,
        0.01859278604388237,
        0.01816277951002121,
        0.01781856268644333,
        0.017481261864304543,
        0.01722504198551178,
        0.017381487414240837,
        0.017613375559449196,
        0.017896253615617752,
        0.018289903178811073,
        0.018466630950570107,
        0.019343413412570953,
        0.019597982987761497,
        0.01942879892885685
    ]
}