{
    "epoch": [
        0,
        1,
        2,
        3,
        4,
        5,
        6,
        7,
        8,
        9,
        10,
        11,
        12,
        13,
        14,
        15,
        16,
        17,
        18,
        19,
        20,
        21,
        22,
        23,
        24,
        25,
        26,
        27,
        28,
        29,
        30,
        31,
        32,
        33,
        34,
        35,
        36,
        37,
        38,
        39,
        40,
        41,
        42,
        43,
        44,
        45,
        46,
        47,
        48,
        49,
        50,
        51,
        52,
        53,
        54,
        55,
        56,
        57,
        58,
        59,
        60,
        61,
        62,
        63,
        64,
        65,
        66,
        67,
        68,
        69,
        70,
        71,
        72,
        73,
        74,
        75,
        76,
        77,
        78,
        79,
        80,
        81,
        82,
        83,
        84,
        85,
        86,
        87,
        88,
        89,
        90,
        91,
        92,
        93,
        94,
        95,
        96,
        97,
        98,
        99
    ],
    "train_loss": [
        0.4000691771507263,
        0.1999094933271408,
        0.1219078004360199,
        0.09615468978881836,
        0.07611271739006042,
        0.10097547620534897,
        0.06637352705001831,
        0.05327973514795303,
        0.042645227164030075,
        0.03445211052894592,
        0.057331643998622894,
        0.04327169060707092,
        0.03707195445895195,
        0.03289452940225601,
        0.030609402805566788,
        0.03356269374489784,
        0.02958352491259575,
        0.0278930701315403,
        0.026126205921173096,
        0.02643640525639057,
        0.03154921531677246,
        0.025780268013477325,
        0.022603891789913177,
        0.021681008860468864,
        0.021308045834302902,
        0.025857575237751007,
        0.024914449080824852,
        0.02709318697452545,
        0.026787642389535904,
        0.026006624102592468,
        0.03231791779398918,
        0.02572961337864399,
        0.02318194881081581,
        0.02189071662724018,
        0.021605027839541435,
        0.02222818322479725,
        0.02135542593896389,
        0.020809125155210495,
        0.02111574448645115,
        0.020870737731456757,
        0.026394568383693695,
        0.022812066599726677,
        0.021354511380195618,
        0.02092703990638256,
        0.020800305530428886,
        0.022045079618692398,
        0.019345395267009735,
        0.019206643104553223,
        0.018987026065587997,
        0.01887572929263115,
        0.019732385873794556,
        0.020077381283044815,
        0.02092888578772545,
        0.022201435640454292,
        0.024422461166977882,
        0.025365162640810013,
        0.023832177743315697,
        0.023782461881637573,
        0.024371203035116196,
        0.02464066632091999,
        0.025556791573762894,
        0.024024084210395813,
        0.02266009896993637,
        0.022157136350870132,
        0.021767018362879753,
        0.021931637078523636,
        0.02217833139002323,
        0.022598056122660637,
        0.023502027615904808,
        0.022835753858089447,
        0.0233589019626379,
        0.02458101697266102,
        0.026779599487781525,
        0.0270344540476799,
        0.026642777025699615,
        0.02661934122443199,
        0.025393882766366005,
        0.02376551739871502,
        0.023079579696059227,
        0.02299785614013672,
        0.02313128672540188,
        0.022975631058216095,
        0.022601988166570663,
        0.022440895438194275,
        0.02185346931219101,
        0.021403204649686813,
        0.021136237308382988,
        0.02084796503186226,
        0.020789002999663353,
        0.02084510587155819,
        0.020485851913690567,
        0.019903182983398438,
        0.02012103609740734,
        0.02013484388589859,
        0.020160485059022903,
        0.02000260539352894,
        0.020696258172392845,
        0.02081313729286194,
        0.021818770095705986,
        0.02105383202433586
    ]
}