{
    "epoch": [
        0,
        1,
        2,
        3,
        4,
        5,
        6,
        7,
        8,
        9,
        10,
        11,
        12,
        13,
        14,
        15,
        16,
        17,
        18,
        19,
        20,
        21,
        22,
        23,
        24,
        25,
        26,
        27,
        28,
        29,
        30,
        31,
        32,
        33,
        34,
        35,
        36,
        37,
        38,
        39,
        40,
        41,
        42,
        43,
        44,
        45,
        46,
        47,
        48,
        49,
        50,
        51,
        52,
        53,
        54,
        55,
        56,
        57,
        58,
        59,
        60,
        61,
        62,
        63,
        64,
        65,
        66,
        67,
        68,
        69,
        70,
        71,
        72,
        73,
        74,
        75,
        76,
        77,
        78,
        79,
        80,
        81,
        82,
        83,
        84,
        85,
        86,
        87,
        88,
        89,
        90,
        91,
        92,
        93,
        94,
        95,
        96,
        97,
        98,
        99
    ],
    "train_loss": [
        0.027682961896061897,
        0.016395490616559982,
        0.01497030258178711,
        0.01510089822113514,
        0.01519863959401846,
        0.015260178595781326,
        0.01492658257484436,
        0.014620219357311726,
        0.014348668977618217,
        0.014001933857798576,
        0.014005997218191624,
        0.01914270967245102,
        0.011764059774577618,
        0.010873469524085522,
        0.00827022735029459,
        0.008881737478077412,
        0.009310341440141201,
        0.009926911443471909,
        0.008813240565359592,
        0.009031586349010468,
        0.008983027189970016,
        0.009218920022249222,
        0.008829141966998577,
        0.008155474439263344,
        0.007792394608259201,
        0.00718064745888114,
        0.00701694143936038,
        0.006972028873860836,
        0.006780403666198254,
        0.006531975232064724,
        0.006456836126744747,
        0.006507088430225849,
        0.006346414797008038,
        0.006428426597267389,
        0.006527514196932316,
        0.006494814530014992,
        0.006434892304241657,
        0.006322484463453293,
        0.006230088882148266,
        0.006106052082031965,
        0.005998214706778526,
        0.005996675696223974,
        0.00602332828566432,
        0.0061007170006632805,
        0.006008357275277376,
        0.005959633272141218,
        0.005949197802692652,
        0.005972034763544798,
        0.005982088856399059,
        0.005996490363031626,
        0.006000868510454893,
        0.005994156934320927,
        0.00598442368209362,
        0.005966590251773596,
        0.005956271663308144,
        0.005946789402514696,
        0.005918039940297604,
        0.005901842378079891,
        0.005858813412487507,
        0.005833800416439772,
        0.005809350870549679,
        0.0057866619899868965,
        0.005771324969828129,
        0.005780459847301245,
        0.005811470560729504,
        0.005807244684547186,
        0.005800855346024036,
        0.005786169320344925,
        0.0057525355368852615,
        0.005740014370530844,
        0.00570725928992033,
        0.005712112411856651,
        0.0057373386807739735,
        0.005776841193437576,
        0.005855742841959,
        0.0059071253053843975,
        0.0058527118526399136,
        0.005837027449160814,
        0.005847029387950897,
        0.0059314901009202,
        0.005817023105919361,
        0.005787293892353773,
        0.005818941630423069,
        0.005766946356743574,
        0.005732208024710417,
        0.005760312080383301,
        0.005779094062745571,
        0.005698102526366711,
        0.005678077694028616,
        0.005747619550675154,
        0.00575117627158761,
        0.00579215819016099,
        0.005742277484387159,
        0.005729762837290764,
        0.00571425911039114,
        0.005732903257012367,
        0.005782772321254015,
        0.005744578782469034,
        0.0056839631870388985,
        0.00565323606133461
    ]
}