{
    "epoch": [
        0,
        1,
        2,
        3,
        4,
        5,
        6,
        7,
        8,
        9,
        10,
        11,
        12,
        13,
        14,
        15,
        16,
        17,
        18,
        19,
        20,
        21,
        22,
        23,
        24,
        25,
        26,
        27,
        28,
        29,
        30,
        31,
        32,
        33,
        34,
        35,
        36,
        37,
        38,
        39,
        40,
        41,
        42,
        43,
        44,
        45,
        46,
        47,
        48,
        49,
        50,
        51,
        52,
        53,
        54,
        55,
        56,
        57,
        58,
        59,
        60,
        61,
        62,
        63,
        64,
        65,
        66,
        67,
        68,
        69,
        70,
        71,
        72,
        73,
        74,
        75,
        76,
        77,
        78,
        79,
        80,
        81,
        82,
        83,
        84,
        85,
        86,
        87,
        88,
        89,
        90,
        91,
        92,
        93,
        94,
        95,
        96,
        97,
        98,
        99
    ],
    "train_loss": [
        0.026473436504602432,
        0.015537770465016365,
        0.013870308175683022,
        0.008702848106622696,
        0.007930144667625427,
        0.008358119055628777,
        0.008706234395503998,
        0.00822699535638094,
        0.008414201438426971,
        0.008366397581994534,
        0.008540593087673187,
        0.008526545949280262,
        0.008446987718343735,
        0.008462848141789436,
        0.00833811704069376,
        0.008372844196856022,
        0.008448801003396511,
        0.008674883283674717,
        0.00963184330612421,
        0.00939760822802782,
        0.010045311413705349,
        0.01120041124522686,
        0.011297094635665417,
        0.010844909586012363,
        0.014366821385920048,
        0.017939286306500435,
        0.01737811788916588,
        0.017437748610973358,
        0.016671674326062202,
        0.016393940895795822,
        0.016478491947054863,
        0.01627287082374096,
        0.015873104333877563,
        0.01562993787229061,
        0.01532034669071436,
        0.015040846541523933,
        0.014856225810945034,
        0.01455482468008995,
        0.013891832903027534,
        0.013894619420170784,
        0.013702857308089733,
        0.013391060754656792,
        0.013025443069636822,
        0.012703727930784225,
        0.012778058648109436,
        0.012570951133966446,
        0.012024997733533382,
        0.01181032694876194,
        0.011363145895302296,
        0.0114277433604002,
        0.011533352546393871,
        0.011348594911396503,
        0.011507203802466393,
        0.011782994493842125,
        0.013138055801391602,
        0.01629403978586197,
        0.013786209747195244,
        0.011100757867097855,
        0.009644725359976292,
        0.008954896591603756,
        0.008367541246116161,
        0.008014427497982979,
        0.007860305719077587,
        0.007764315232634544,
        0.007601630873978138,
        0.007451760116964579,
        0.0074843065813183784,
        0.007464815862476826,
        0.007524363696575165,
        0.007398109417408705,
        0.007295271381735802,
        0.007246176712214947,
        0.0071856193244457245,
        0.007096609566360712,
        0.006922534666955471,
        0.006775506306439638,
        0.006753324996680021,
        0.00668976828455925,
        0.006447270512580872,
        0.006146937608718872,
        0.006048239767551422,
        0.005927446763962507,
        0.005873820278793573,
        0.005566173233091831,
        0.00525551475584507,
        0.004979659337550402,
        0.005052629392594099,
        0.0050255474634468555,
        0.004965456202626228,
        0.004917000886052847,
        0.004905933979898691,
        0.00493211206048727,
        0.0049591027200222015,
        0.0050665708258748055,
        0.005084519740194082,
        0.005034199915826321,
        0.005004081409424543,
        0.005003442522138357,
        0.005010026507079601,
        0.004992782138288021
    ]
}