{
    "epoch": [
        0,
        1,
        2,
        3,
        4,
        5,
        6,
        7,
        8,
        9,
        10,
        11,
        12,
        13,
        14,
        15,
        16,
        17,
        18,
        19,
        20,
        21,
        22,
        23,
        24,
        25,
        26,
        27,
        28,
        29,
        30,
        31,
        32,
        33,
        34,
        35,
        36,
        37,
        38,
        39,
        40,
        41,
        42,
        43,
        44,
        45,
        46,
        47,
        48,
        49,
        50,
        51,
        52,
        53,
        54,
        55,
        56,
        57,
        58,
        59,
        60,
        61,
        62,
        63,
        64,
        65,
        66,
        67,
        68,
        69,
        70,
        71,
        72,
        73,
        74,
        75,
        76,
        77,
        78,
        79,
        80,
        81,
        82,
        83,
        84,
        85,
        86,
        87,
        88,
        89,
        90,
        91,
        92,
        93,
        94,
        95,
        96,
        97,
        98,
        99
    ],
    "train_loss": [
        0.5053614377975464,
        0.34251105785369873,
        0.2540118396282196,
        0.19130684435367584,
        0.14968062937259674,
        0.13244539499282837,
        0.1077723577618599,
        0.09102474898099899,
        0.07738062739372253,
        0.07012366503477097,
        0.06803858280181885,
        0.0623188242316246,
        0.05700424313545227,
        0.052868954837322235,
        0.049764666706323624,
        0.046885497868061066,
        0.0434558130800724,
        0.04128938913345337,
        0.039777323603630066,
        0.03874436765909195,
        0.03963301330804825,
        0.03840399160981178,
        0.03740011528134346,
        0.03636724874377251,
        0.03532104939222336,
        0.03499913215637207,
        0.03414643183350563,
        0.033268921077251434,
        0.03241086006164551,
        0.031115099787712097,
        0.031461670994758606,
        0.03032226860523224,
        0.029536854475736618,
        0.02879783697426319,
        0.02814239263534546,
        0.029560822993516922,
        0.028061719611287117,
        0.02747698873281479,
        0.026889657601714134,
        0.026447119191288948,
        0.027212541550397873,
        0.026386624202132225,
        0.025903383269906044,
        0.025501420721411705,
        0.025168174877762794,
        0.027843693271279335,
        0.02604641765356064,
        0.025277521461248398,
        0.024913189932703972,
        0.02452455647289753,
        0.02409726195037365,
        0.023584453389048576,
        0.023211730644106865,
        0.022807611152529716,
        0.022408906370401382,
        0.022249553352594376,
        0.022168653085827827,
        0.02204197086393833,
        0.02194732427597046,
        0.021465176716446877,
        0.02142508327960968,
        0.021215302869677544,
        0.020892741158604622,
        0.02084556221961975,
        0.020748727023601532,
        0.020506560802459717,
        0.020342206582427025,
        0.020144598558545113,
        0.020045705139636993,
        0.019985420629382133,
        0.019904769957065582,
        0.019792573526501656,
        0.019556304439902306,
        0.019517045468091965,
        0.019342679530382156,
        0.01913839764893055,
        0.01895521767437458,
        0.018791014328598976,
        0.018625447526574135,
        0.018543435260653496,
        0.01850753277540207,
        0.018497666344046593,
        0.018510328605771065,
        0.018465831875801086,
        0.018393415957689285,
        0.018379075452685356,
        0.018291769549250603,
        0.018189236521720886,
        0.01827535219490528,
        0.018225939944386482,
        0.01820879988372326,
        0.01813587360084057,
        0.01818327233195305,
        0.018079211935400963,
        0.0180030670017004,
        0.017941080033779144,
        0.018086818978190422,
        0.018138011917471886,
        0.018069738522171974,
        0.017821339890360832
    ]
}