{
    "epoch": [
        0,
        1,
        2,
        3,
        4,
        5,
        6,
        7,
        8,
        9,
        10,
        11,
        12,
        13,
        14,
        15,
        16,
        17,
        18,
        19,
        20,
        21,
        22,
        23,
        24,
        25,
        26,
        27,
        28,
        29,
        30,
        31,
        32,
        33,
        34,
        35,
        36,
        37,
        38,
        39,
        40,
        41,
        42,
        43,
        44,
        45,
        46,
        47,
        48,
        49,
        50,
        51,
        52,
        53,
        54,
        55,
        56,
        57,
        58,
        59,
        60,
        61,
        62,
        63,
        64,
        65,
        66,
        67,
        68,
        69,
        70,
        71,
        72,
        73,
        74,
        75,
        76,
        77,
        78,
        79,
        80,
        81,
        82,
        83,
        84,
        85,
        86,
        87,
        88,
        89,
        90,
        91,
        92,
        93,
        94,
        95,
        96,
        97,
        98,
        99
    ],
    "train_loss": [
        0.1122758761048317,
        0.036112599074840546,
        0.0261225625872612,
        0.022633714601397514,
        0.017209935933351517,
        0.012765217572450638,
        0.012944306246936321,
        0.008521981537342072,
        0.007740369066596031,
        0.008550870232284069,
        0.007860132493078709,
        0.00857966672629118,
        0.007443916518241167,
        0.008800996467471123,
        0.0075610605999827385,
        0.0074937655590474606,
        0.007650133688002825,
        0.008115223608911037,
        0.00991339236497879,
        0.014691555872559547,
        0.013026806525886059,
        0.00812930054962635,
        0.006283279974013567,
        0.005018955562263727,
        0.0040705385617911816,
        0.00427928427234292,
        0.004017813131213188,
        0.0037651562597602606,
        0.0036688153631985188,
        0.0034416555427014828,
        0.003752304706722498,
        0.003449823474511504,
        0.0036231093108654022,
        0.0037264011334627867,
        0.003850790672004223,
        0.003908398561179638,
        0.004075760953128338,
        0.0036520110443234444,
        0.0037919306196272373,
        0.0038342420011758804,
        0.003829832188785076,
        0.003761693835258484,
        0.003827299689874053,
        0.003787088906392455,
        0.0037535978481173515,
        0.0037770848721265793,
        0.003686441108584404,
        0.003757912665605545,
        0.003905113786458969,
        0.003924244549125433,
        0.00375452172011137,
        0.0038077484350651503,
        0.0037572530563920736,
        0.0038445857353508472,
        0.0037972412537783384,
        0.003817195538431406,
        0.0038232055958360434,
        0.003936742432415485,
        0.003769179806113243,
        0.003853137604892254,
        0.003792461706325412,
        0.0040558381006121635,
        0.0038137086667120457,
        0.003875388065353036,
        0.0038799901958554983,
        0.0040352740325033665,
        0.00392449414357543,
        0.004001811146736145,
        0.003947742749005556,
        0.0039343866519629955,
        0.0038834603037685156,
        0.0039374614134430885,
        0.004014256875962019,
        0.003906515892595053,
        0.003964264877140522,
        0.004093991592526436,
        0.003940432798117399,
        0.00397165073081851,
        0.004026276525110006,
        0.003994348458945751,
        0.003987605217844248,
        0.004011848475784063,
        0.003995298873633146,
        0.0039963792078197,
        0.004005162976682186,
        0.0039737652987241745,
        0.003988816402852535,
        0.003995508886873722,
        0.003979102708399296,
        0.003975461237132549,
        0.003989306278526783,
        0.004043105524033308,
        0.004062799271196127,
        0.00404581381008029,
        0.0040536862798035145,
        0.004076378419995308,
        0.004069565795361996,
        0.0040836213156580925,
        0.004090317524969578,
        0.004108442924916744
    ]
}