{
    "epoch": [
        0,
        1,
        2,
        3,
        4,
        5,
        6,
        7,
        8,
        9
    ],
    "train_loss": [
        0.0322079211473465,
        0.02070644497871399,
        0.018045391887426376,
        0.015857143327593803,
        0.014943260699510574,
        0.014243550598621368,
        0.01389204803854227,
        0.013731544837355614,
        0.01303524523973465,
        0.01291374210268259
    ]
}