{
    "epoch": [
        0,
        1,
        2,
        3,
        4,
        5,
        6,
        7,
        8,
        9,
        10,
        11,
        12,
        13,
        14,
        15,
        16,
        17,
        18,
        19,
        20,
        21,
        22,
        23,
        24,
        25,
        26,
        27,
        28,
        29,
        30,
        31,
        32,
        33,
        34,
        35,
        36,
        37,
        38,
        39,
        40,
        41,
        42,
        43,
        44,
        45,
        46,
        47,
        48,
        49,
        50,
        51,
        52,
        53,
        54,
        55,
        56,
        57,
        58,
        59,
        60,
        61,
        62,
        63,
        64,
        65,
        66,
        67,
        68,
        69,
        70,
        71,
        72,
        73,
        74,
        75,
        76,
        77,
        78,
        79,
        80,
        81,
        82,
        83,
        84,
        85,
        86,
        87,
        88,
        89,
        90,
        91,
        92,
        93,
        94,
        95,
        96,
        97,
        98,
        99
    ],
    "train_loss": [
        0.1375270038843155,
        0.03431736305356026,
        0.022121824324131012,
        0.035368334501981735,
        0.023452455177903175,
        0.024740342050790787,
        0.02293786220252514,
        0.021464046090841293,
        0.02264174446463585,
        0.022397611290216446,
        0.026000218465924263,
        0.025502629578113556,
        0.025123925879597664,
        0.025718750432133675,
        0.02800392359495163,
        0.02783723920583725,
        0.027164598926901817,
        0.02652982994914055,
        0.027092723175883293,
        0.026318805292248726,
        0.027418440207839012,
        0.026563744992017746,
        0.02594873122870922,
        0.02565154992043972,
        0.025575781241059303,
        0.0262812077999115,
        0.02597680874168873,
        0.02567676641047001,
        0.025356357917189598,
        0.025559792295098305,
        0.026348790153861046,
        0.025926576927304268,
        0.02565079741179943,
        0.025601163506507874,
        0.02519318275153637,
        0.02566622942686081,
        0.025443939492106438,
        0.0252891406416893,
        0.02530660107731819,
        0.02534463070333004,
        0.02551513910293579,
        0.025355393067002296,
        0.02533162198960781,
        0.025246672332286835,
        0.025236906483769417,
        0.025339441373944283,
        0.02529074065387249,
        0.025239691138267517,
        0.02516813948750496,
        0.025050630792975426,
        0.02502506785094738,
        0.0249620471149683,
        0.025023017078638077,
        0.024925461038947105,
        0.024975610896945,
        0.02503950521349907,
        0.025155235081911087,
        0.0252337958663702,
        0.025325724855065346,
        0.025272607803344727,
        0.025359727442264557,
        0.025347666814923286,
        0.02549605444073677,
        0.02564028650522232,
        0.02583528868854046,
        0.025869524106383324,
        0.025929288938641548,
        0.026015648618340492,
        0.026072127744555473,
        0.0260935015976429,
        0.026121998205780983,
        0.026138603687286377,
        0.02629474364221096,
        0.02627449482679367,
        0.02631136029958725,
        0.026346812024712563,
        0.026329154148697853,
        0.026352211833000183,
        0.026275329291820526,
        0.026260117068886757,
        0.026167364791035652,
        0.0261475071310997,
        0.0260610431432724,
        0.02599998749792576,
        0.02597455121576786,
        0.025964273139834404,
        0.02602490782737732,
        0.026028823107481003,
        0.02594873309135437,
        0.025922035798430443,
        0.02590940333902836,
        0.026014069095253944,
        0.026011446490883827,
        0.026074767112731934,
        0.02613578923046589,
        0.026128996163606644,
        0.026089707389473915,
        0.025978073477745056,
        0.025975914672017097,
        0.025928450748324394
    ]
}