{
    "epoch": [
        0,
        1,
        2,
        3,
        4,
        5,
        6,
        7,
        8,
        9,
        10,
        11,
        12,
        13,
        14,
        15,
        16,
        17,
        18,
        19,
        20,
        21,
        22,
        23,
        24,
        25,
        26,
        27,
        28,
        29,
        30,
        31,
        32,
        33,
        34,
        35,
        36,
        37,
        38,
        39,
        40,
        41,
        42,
        43,
        44,
        45,
        46,
        47,
        48,
        49,
        50,
        51,
        52,
        53,
        54,
        55,
        56,
        57,
        58,
        59,
        60,
        61,
        62,
        63,
        64,
        65,
        66,
        67,
        68,
        69,
        70,
        71,
        72,
        73,
        74,
        75,
        76,
        77,
        78,
        79,
        80,
        81,
        82,
        83,
        84,
        85,
        86,
        87,
        88,
        89,
        90,
        91,
        92,
        93,
        94,
        95,
        96,
        97,
        98,
        99
    ],
    "train_loss": [
        0.03140609338879585,
        0.012817944400012493,
        0.010306132026016712,
        0.010186654515564442,
        0.009768891148269176,
        0.0096565717831254,
        0.009427951648831367,
        0.008326268754899502,
        0.007715070154517889,
        0.007167148403823376,
        0.0077227321453392506,
        0.009578614495694637,
        0.012531093321740627,
        0.015681037679314613,
        0.010013417340815067,
        0.010059832595288754,
        0.01042256597429514,
        0.010957523249089718,
        0.012039488181471825,
        0.0147870983928442,
        0.016875967383384705,
        0.02136671170592308,
        0.02056645043194294,
        0.019949190318584442,
        0.01873600110411644,
        0.01863882690668106,
        0.017504645511507988,
        0.016554325819015503,
        0.015867657959461212,
        0.015330336056649685,
        0.015520832501351833,
        0.01517103798687458,
        0.014783989638090134,
        0.014398838393390179,
        0.014184395782649517,
        0.01425063144415617,
        0.013888389803469181,
        0.013600461184978485,
        0.01333542913198471,
        0.013127989135682583,
        0.01339669432491064,
        0.013201017864048481,
        0.013073907233774662,
        0.012938756495714188,
        0.012755412608385086,
        0.012971294112503529,
        0.01290161907672882,
        0.012834379449486732,
        0.012780559249222279,
        0.012696471065282822,
        0.01259920746088028,
        0.012541196309030056,
        0.012399216182529926,
        0.012234611436724663,
        0.012060184963047504,
        0.011858702637255192,
        0.01159795094281435,
        0.011496592313051224,
        0.011465541087090969,
        0.011450397782027721,
        0.011437918990850449,
        0.011430018581449986,
        0.011428015306591988,
        0.011405223049223423,
        0.011399691924452782,
        0.011406740173697472,
        0.011394917964935303,
        0.01139475591480732,
        0.011382021941244602,
        0.01137484610080719,
        0.011364194564521313,
        0.011342715471982956,
        0.011337026953697205,
        0.011334968730807304,
        0.011320612393319607,
        0.011318114586174488,
        0.01131234411150217,
        0.011308089829981327,
        0.011316788382828236,
        0.011307340115308762,
        0.011297659948468208,
        0.011293835937976837,
        0.011308097280561924,
        0.0113043999299407,
        0.011292805895209312,
        0.011294124647974968,
        0.011300969868898392,
        0.011295133270323277,
        0.011291379109025002,
        0.011285028420388699,
        0.011283508501946926,
        0.011274085380136967,
        0.011267001740634441,
        0.011261504143476486,
        0.011256493628025055,
        0.011255588382482529,
        0.011250808835029602,
        0.011249886825680733,
        0.011245294474065304,
        0.011243652552366257
    ]
}