{
    "epoch": [
        0,
        1,
        2,
        3,
        4,
        5,
        6,
        7,
        8,
        9,
        10,
        11,
        12,
        13,
        14,
        15,
        16,
        17,
        18,
        19,
        20,
        21,
        22,
        23,
        24,
        25,
        26,
        27,
        28,
        29,
        30,
        31,
        32,
        33,
        34,
        35,
        36,
        37,
        38,
        39,
        40,
        41,
        42,
        43,
        44,
        45,
        46,
        47,
        48,
        49,
        50,
        51,
        52,
        53,
        54,
        55,
        56,
        57,
        58,
        59,
        60,
        61,
        62,
        63,
        64,
        65,
        66,
        67,
        68,
        69,
        70,
        71,
        72,
        73,
        74,
        75,
        76,
        77,
        78,
        79,
        80,
        81,
        82,
        83,
        84,
        85,
        86,
        87,
        88,
        89,
        90,
        91,
        92,
        93,
        94,
        95,
        96,
        97,
        98,
        99
    ],
    "train_loss": [
        0.18296566605567932,
        0.09560920298099518,
        0.0585414320230484,
        0.040452443063259125,
        0.030508946627378464,
        0.02307312749326229,
        0.01976809650659561,
        0.018152965232729912,
        0.01587965339422226,
        0.013313811272382736,
        0.011720405891537666,
        0.010655142366886139,
        0.00988046731799841,
        0.009087890386581421,
        0.008906721137464046,
        0.009182184934616089,
        0.009649422019720078,
        0.009136484935879707,
        0.009258118458092213,
        0.01014478038996458,
        0.009740562178194523,
        0.009891469031572342,
        0.009052064269781113,
        0.009499830193817616,
        0.009607377462089062,
        0.00975455529987812,
        0.009324515238404274,
        0.00936731044203043,
        0.009418146684765816,
        0.010195397771894932,
        0.010306092910468578,
        0.01073765940964222,
        0.01262329425662756,
        0.016348546370863914,
        0.02058292366564274,
        0.020913608372211456,
        0.018071837723255157,
        0.015976808965206146,
        0.015542879700660706,
        0.014113431796431541,
        0.013090405613183975,
        0.01224778313189745,
        0.010684644803404808,
        0.009948299266397953,
        0.01010215375572443,
        0.00997351948171854,
        0.010247224010527134,
        0.0106541458517313,
        0.011848283931612968,
        0.012225642800331116,
        0.012627474032342434,
        0.012679730542004108,
        0.012310225516557693,
        0.012325177900493145,
        0.012314371764659882,
        0.012484332546591759,
        0.012924093753099442,
        0.013118557631969452,
        0.012907220050692558,
        0.013603704050183296,
        0.013454149477183819,
        0.014340692199766636,
        0.015708770602941513,
        0.016445985063910484,
        0.016485614702105522,
        0.016395162791013718,
        0.016275592148303986,
        0.015685338526964188,
        0.015434912405908108,
        0.015156284905970097,
        0.014962851069867611,
        0.014921658672392368,
        0.015028811991214752,
        0.015188964083790779,
        0.015187792479991913,
        0.015160554088652134,
        0.015420325100421906,
        0.015514575876295567,
        0.01566747948527336,
        0.01583860069513321,
        0.015850311145186424,
        0.015582960098981857,
        0.01525663211941719,
        0.014540710486471653,
        0.01403826754540205,
        0.013601463288068771,
        0.013282456435263157,
        0.013387608341872692,
        0.01346494723111391,
        0.013718736357986927,
        0.013296578079462051,
        0.013212856836616993,
        0.013084067031741142,
        0.012849298305809498,
        0.012631857767701149,
        0.012738936580717564,
        0.01252762135118246,
        0.012262850068509579,
        0.012118554674088955,
        0.011982484720647335
    ]
}