{
    "epoch": [
        0,
        1,
        2,
        3,
        4,
        5,
        6,
        7,
        8,
        9,
        10,
        11,
        12,
        13,
        14,
        15,
        16,
        17,
        18,
        19,
        20,
        21,
        22,
        23,
        24,
        25,
        26,
        27,
        28,
        29,
        30,
        31,
        32,
        33,
        34,
        35,
        36,
        37,
        38,
        39,
        40,
        41,
        42,
        43,
        44,
        45,
        46,
        47,
        48,
        49,
        50,
        51,
        52,
        53,
        54,
        55,
        56,
        57,
        58,
        59,
        60,
        61,
        62,
        63,
        64,
        65,
        66,
        67,
        68,
        69,
        70,
        71,
        72,
        73,
        74,
        75,
        76,
        77,
        78,
        79,
        80,
        81,
        82,
        83,
        84,
        85,
        86,
        87,
        88,
        89,
        90,
        91,
        92,
        93,
        94,
        95,
        96,
        97,
        98,
        99
    ],
    "train_loss": [
        0.029101205989718437,
        0.013075926341116428,
        0.012555964291095734,
        0.011402918957173824,
        0.01077483594417572,
        0.01070969644933939,
        0.010658932849764824,
        0.010549169033765793,
        0.010541601106524467,
        0.010548499412834644,
        0.010563497431576252,
        0.01052909530699253,
        0.010437393561005592,
        0.01033014990389347,
        0.010267379693686962,
        0.010248450562357903,
        0.010297958739101887,
        0.010346445254981518,
        0.010372655466198921,
        0.010375935584306717,
        0.010377321392297745,
        0.010363608598709106,
        0.010313352569937706,
        0.010271504521369934,
        0.010281624272465706,
        0.010293950326740742,
        0.010300767607986927,
        0.01031175721436739,
        0.010164037346839905,
        0.010145560838282108,
        0.010172531008720398,
        0.010295684449374676,
        0.010408002883195877,
        0.010398352518677711,
        0.01026932243257761,
        0.010259794071316719,
        0.010247730650007725,
        0.010257299989461899,
        0.010201139375567436,
        0.010151499882340431,
        0.00995942298322916,
        0.00979896541684866,
        0.009766049683094025,
        0.009739918634295464,
        0.009761221706867218,
        0.009823029860854149,
        0.009810135699808598,
        0.009850099682807922,
        0.009890282526612282,
        0.00987237598747015,
        0.009960317052900791,
        0.010006633587181568,
        0.009990990161895752,
        0.009874219074845314,
        0.009759997017681599,
        0.00976523570716381,
        0.009811845608055592,
        0.009829679504036903,
        0.00978829525411129,
        0.00963634718209505,
        0.009564236737787724,
        0.00946476124227047,
        0.009370231069624424,
        0.009327196516096592,
        0.009302709251642227,
        0.009271559305489063,
        0.009244081564247608,
        0.009222914464771748,
        0.009213060140609741,
        0.009230494499206543,
        0.009295804426074028,
        0.009326967410743237,
        0.009359837509691715,
        0.009374568238854408,
        0.009333908557891846,
        0.009329993277788162,
        0.009371582418680191,
        0.009523579850792885,
        0.009798258543014526,
        0.010009626857936382,
        0.010333983227610588,
        0.010353906080126762,
        0.010507924482226372,
        0.010652138851583004,
        0.010663928464055061,
        0.010680733248591423,
        0.010731242597103119,
        0.010766672901809216,
        0.010778327472507954,
        0.010749050416052341,
        0.010747275315225124,
        0.010747960768640041,
        0.010749613866209984,
        0.010737412609159946,
        0.010751374997198582,
        0.01075670961290598,
        0.010786280035972595,
        0.010854916647076607,
        0.01096181571483612,
        0.011075389571487904
    ]
}