{
    "epoch": [
        0,
        1,
        2,
        3,
        4,
        5,
        6,
        7,
        8,
        9,
        10,
        11,
        12,
        13,
        14,
        15,
        16,
        17,
        18,
        19,
        20,
        21,
        22,
        23,
        24,
        25,
        26,
        27,
        28,
        29,
        30,
        31,
        32,
        33,
        34,
        35,
        36,
        37,
        38,
        39,
        40,
        41,
        42,
        43,
        44,
        45,
        46,
        47,
        48,
        49,
        50,
        51,
        52,
        53,
        54,
        55,
        56,
        57,
        58,
        59,
        60,
        61,
        62,
        63,
        64,
        65,
        66,
        67,
        68,
        69,
        70,
        71,
        72,
        73,
        74,
        75,
        76,
        77,
        78,
        79,
        80,
        81,
        82,
        83,
        84,
        85,
        86,
        87,
        88,
        89,
        90,
        91,
        92,
        93,
        94,
        95,
        96,
        97,
        98,
        99
    ],
    "train_loss": [
        0.022705351933836937,
        0.011780450120568275,
        0.007787965703755617,
        0.0061648753471672535,
        0.005835775751620531,
        0.006161068100482225,
        0.006040483713150024,
        0.00595661299303174,
        0.0058045401237905025,
        0.0055382042191922665,
        0.005821574945002794,
        0.006549491081386805,
        0.006689335219562054,
        0.006689103320240974,
        0.007106943055987358,
        0.0066985078155994415,
        0.006707809865474701,
        0.007049502804875374,
        0.006922610569745302,
        0.007172721438109875,
        0.007597589865326881,
        0.007843969389796257,
        0.007577928714454174,
        0.007013255264610052,
        0.006477415561676025,
        0.006088859401643276,
        0.005899171344935894,
        0.0058122118934988976,
        0.0059267692267894745,
        0.006042107008397579,
        0.006143397185951471,
        0.006240729242563248,
        0.005998097360134125,
        0.005789896473288536,
        0.005729833152145147,
        0.005757828243076801,
        0.005722423549741507,
        0.005672163795679808,
        0.00566667877137661,
        0.005763822700828314,
        0.005810246802866459,
        0.005766267888247967,
        0.005732154008001089,
        0.005703159607946873,
        0.005609874613583088,
        0.0055910623632371426,
        0.005651500541716814,
        0.005854716058820486,
        0.005969603545963764,
        0.006035352125763893,
        0.006184340920299292,
        0.006334200967103243,
        0.006411683280020952,
        0.006653458811342716,
        0.007048221305012703,
        0.007366972975432873,
        0.007586891762912273,
        0.007582024205476046,
        0.007443973794579506,
        0.0073005943559110165,
        0.007137289736419916,
        0.006934113334864378,
        0.006747080013155937,
        0.006487139035016298,
        0.006225945428013802,
        0.006111552938818932,
        0.006083649583160877,
        0.006145651452243328,
        0.006375029217451811,
        0.0066650803200900555,
        0.0068093701265752316,
        0.007160810753703117,
        0.007924020290374756,
        0.008595778606832027,
        0.009601145051419735,
        0.010448580607771873,
        0.011086267419159412,
        0.011698595248162746,
        0.012780326418578625,
        0.014376289211213589,
        0.013983543962240219,
        0.013153769075870514,
        0.012162813916802406,
        0.011178125627338886,
        0.009912924841046333,
        0.00905571598559618,
        0.008332831785082817,
        0.007654867134988308,
        0.007054177112877369,
        0.006724304053932428,
        0.0067754993215203285,
        0.007105924189090729,
        0.0070793344639241695,
        0.006977621000260115,
        0.0068980553187429905,
        0.006969447247684002,
        0.006943016778677702,
        0.0068208337761461735,
        0.006297413259744644,
        0.0061910273507237434
    ]
}