{
    "epoch": [
        0,
        1,
        2,
        3,
        4,
        5,
        6,
        7,
        8,
        9,
        10,
        11,
        12,
        13,
        14,
        15,
        16,
        17,
        18,
        19,
        20,
        21,
        22,
        23,
        24,
        25,
        26,
        27,
        28,
        29,
        30,
        31,
        32,
        33,
        34,
        35,
        36,
        37,
        38,
        39,
        40,
        41,
        42,
        43,
        44,
        45,
        46,
        47,
        48,
        49,
        50,
        51,
        52,
        53,
        54,
        55,
        56,
        57,
        58,
        59,
        60,
        61,
        62,
        63,
        64,
        65,
        66,
        67,
        68,
        69,
        70,
        71,
        72,
        73,
        74,
        75,
        76,
        77,
        78,
        79,
        80,
        81,
        82,
        83,
        84,
        85,
        86,
        87,
        88,
        89,
        90,
        91,
        92,
        93,
        94,
        95,
        96,
        97,
        98,
        99
    ],
    "train_loss": [
        0.029796797782182693,
        0.016431637108325958,
        0.011093988083302975,
        0.009814429096877575,
        0.008566468022763729,
        0.008651631884276867,
        0.008427386172115803,
        0.007771085482090712,
        0.007738512009382248,
        0.00799648743122816,
        0.007447999902069569,
        0.007471160031855106,
        0.007258295081555843,
        0.006972994655370712,
        0.007143463008105755,
        0.007025766186416149,
        0.007088923826813698,
        0.006833958439528942,
        0.006722372956573963,
        0.006804983597248793,
        0.006854229141026735,
        0.006860101595520973,
        0.006868417374789715,
        0.006955927237868309,
        0.007186222821474075,
        0.0072976378723979,
        0.007490384392440319,
        0.007650143466889858,
        0.007914151065051556,
        0.0082250302657485,
        0.00846240296959877,
        0.00875311903655529,
        0.009060936979949474,
        0.009460977278649807,
        0.009716561995446682,
        0.00970365572720766,
        0.009671015664935112,
        0.009585298597812653,
        0.009392615407705307,
        0.009109188802540302,
        0.008891738951206207,
        0.008667740039527416,
        0.008493059314787388,
        0.008295073173940182,
        0.008177073672413826,
        0.008050777018070221,
        0.007901203818619251,
        0.007740255910903215,
        0.007737535983324051,
        0.00785386934876442,
        0.008060338906943798,
        0.008086223155260086,
        0.008280590176582336,
        0.008329476229846478,
        0.008400145918130875,
        0.008384061977267265,
        0.008294805884361267,
        0.00823957845568657,
        0.008029943332076073,
        0.007882772013545036,
        0.007762485183775425,
        0.0077644228003919125,
        0.007807956542819738,
        0.007948949001729488,
        0.008211549371480942,
        0.0083129508420825,
        0.008365721441805363,
        0.008579952642321587,
        0.008574266918003559,
        0.008335375227034092,
        0.008239609189331532,
        0.008190933614969254,
        0.0082381097599864,
        0.008287572301924229,
        0.008497095666825771,
        0.008734751492738724,
        0.008949222043156624,
        0.00904123391956091,
        0.008841810747981071,
        0.008786037564277649,
        0.008919651620090008,
        0.009003214538097382,
        0.009102758951485157,
        0.00921268854290247,
        0.009135027416050434,
        0.009279134683310986,
        0.009463006630539894,
        0.009599313139915466,
        0.009744038805365562,
        0.010021951980888844,
        0.009956219233572483,
        0.010144049301743507,
        0.010250006802380085,
        0.01053881086409092,
        0.010688346810638905,
        0.011114084161818027,
        0.011670869775116444,
        0.012007148936390877,
        0.012406767345964909,
        0.013141504488885403
    ]
}