{
    "timestamp": "20250114_140441",
    "method": "mlp",
    "configuration": {
        "m": 1.0,
        "c": 1.0,
        "k": 10.0,
        "force_type": "sine",
        "amplitude": 1.0,
        "freq": 1.0,
        "random_seed": 42,
        "x0": 0.0,
        "v0": 0.0,
        "t_max": 10.0,
        "dt": 0.02,
        "noise_std": 0.05
    },
    "true_parameters": [
        1.0,
        1.0,
        10.0
    ],
    "estimated_parameters": [
        0.06201994024762438,
        0.0,
        0.0
    ],
    "parameter_errors": [
        93.79800597523756,
        100.0,
        100.0
    ],
    "force_rmse": 0.07407942957125561,
    "optimization_info": {
        "success": true,
        "message": "MLP training and SINDy parameter estimation completed",
        "hyperparameters": {
            "hidden_sizes": [
                512,
                1024,
                512,
                256
            ],
            "batch_size": 64,
            "learning_rate": 0.002,
            "weight_decay": 0.05,
            "dropout": 0.3
        },
        "mlp_training": {
            "best_val_loss": 1.7849140763282776,
            "train_losses": [
                7.613991165161133,
                6.046983146667481,
                6.100367069244385,
                4.004645919799804,
                3.396691179275513,
                2.776924157142639,
                2.7564299583435057,
                2.318467926979065,
                2.351875114440918,
                2.3692761421203614,
                2.6630695819854737,
                2.913260316848755,
                2.5400140047073365,
                2.246547269821167,
                2.5333346843719484,
                2.685353231430054,
                2.641125774383545,
                2.167313647270203,
                2.5066935300827025,
                2.250419092178345,
                2.5008946657180786,
                2.529300403594971,
                2.451938104629517,
                2.0849252223968504,
                2.301445484161377,
                2.817546033859253,
                2.351321315765381,
                2.13464617729187,
                2.1706228733062742,
                2.1511732816696165,
                2.7542553424835203,
                2.1362330436706545,
                2.085459351539612,
                1.9319964170455932,
                2.202287292480469,
                2.2892254114151003,
                2.6167829513549803,
                2.172849416732788,
                2.134789538383484,
                2.0709660768508913,
                2.1437753677368163,
                2.3228631973266602,
                2.233416485786438,
                1.9332897424697877,
                1.8607567071914672,
                2.2151562452316282,
                1.8903907060623169,
                2.052280306816101,
                1.8934419870376586,
                2.6412042140960694,
                1.9941692113876344,
                1.8843572378158568,
                2.0236900568008425,
                1.9077173471450806,
                1.901592779159546,
                2.1173556089401244,
                1.6468893766403199,
                1.9676897287368775,
                1.7518429517745973,
                1.5877835035324097,
                1.709429669380188,
                2.026595139503479,
                1.7106036424636841,
                1.6112892866134643,
                1.8673762083053589,
                2.098343348503113,
                1.7877065181732177,
                2.1138986587524413,
                1.6646592140197753,
                1.5246551275253295,
                1.7032427787780762,
                1.8215006589889526,
                1.4774347066879272,
                1.4104328393936156,
                1.5097810983657838,
                1.4658900260925294,
                1.5054037809371947,
                1.5306259870529175,
                1.6631953716278076,
                1.778237533569336,
                1.5100287199020386,
                1.7606924533843995,
                1.8090375661849976,
                1.5512002229690551,
                1.4909491062164306,
                1.8667338848114015,
                1.4276637315750123,
                1.422275185585022,
                1.8276654005050659,
                1.6887606620788573,
                1.7448927640914917,
                1.5363088607788087,
                1.5738025426864624,
                1.4783228397369386,
                1.572141909599304,
                1.4362512826919556,
                1.6032639741897583,
                1.412993276119232,
                1.6326774835586548,
                1.7126289844512939,
                1.4369817972183228,
                1.414384388923645,
                1.4308772087097168,
                1.5043773412704469,
                1.6183357000350953,
                1.6334736824035645,
                1.8304733514785767,
                1.8709972143173217,
                1.7248120069503785,
                1.605322504043579,
                1.5732073068618775,
                1.5525420665740968,
                1.350843906402588,
                1.4447202205657959,
                1.5866080522537231,
                1.459586238861084,
                1.6159361362457276,
                1.495602560043335,
                1.7417431354522706,
                1.5558736324310303,
                1.5943781852722168,
                1.6760764837265014,
                1.427539014816284,
                1.4428401470184327,
                1.597961926460266,
                1.5147681713104248
            ],