{
    "epoch": [
        0,
        1,
        2,
        3,
        4,
        5,
        6,
        7,
        8,
        9,
        10,
        11,
        12,
        13,
        14,
        15,
        16,
        17,
        18,
        19,
        20,
        21,
        22,
        23,
        24,
        25,
        26,
        27,
        28,
        29,
        30,
        31,
        32,
        33,
        34,
        35,
        36,
        37,
        38,
        39,
        40,
        41,
        42,
        43,
        44,
        45,
        46,
        47,
        48,
        49,
        50,
        51,
        52,
        53,
        54,
        55,
        56,
        57,
        58,
        59,
        60,
        61,
        62,
        63,
        64,
        65,
        66,
        67,
        68,
        69,
        70,
        71,
        72,
        73,
        74,
        75,
        76,
        77,
        78,
        79,
        80,
        81,
        82,
        83,
        84,
        85,
        86,
        87,
        88,
        89,
        90,
        91,
        92,
        93,
        94,
        95,
        96,
        97,
        98,
        99
    ],
    "train_loss": [
        0.022551745176315308,
        0.007659015245735645,
        0.006826100870966911,
        0.007125511299818754,
        0.006066192407160997,
        0.006953806150704622,
        0.006460785865783691,
        0.0060032750479876995,
        0.005952844396233559,
        0.0058916653506457806,
        0.005766005255281925,
        0.005714115686714649,
        0.00602882681414485,
        0.005421952344477177,
        0.0056077660992741585,
        0.005552304908633232,
        0.005577657371759415,
        0.005402933806180954,
        0.005123042967170477,
        0.005070109385997057,
        0.004872176330536604,
        0.004813229665160179,
        0.00489778071641922,
        0.00486243749037385,
        0.004822012968361378,
        0.004752209410071373,
        0.004786199424415827,
        0.004733745940029621,
        0.004829294513911009,
        0.004958595614880323,
        0.00480074156075716,
        0.004757555201649666,
        0.004680975340306759,
        0.004699202720075846,
        0.004710240755230188,
        0.004682707600295544,
        0.004678256344050169,
        0.004648035392165184,
        0.004662476945668459,
        0.0046945237554609776,
        0.004734158981591463,
        0.004651617258787155,
        0.004591813776642084,
        0.0047674900852143764,
        0.0048879352398216724,
        0.0047982665710151196,
        0.0047419629991054535,
        0.004799805581569672,
        0.004855631850659847,
        0.004635476507246494,
        0.004595749080181122,
        0.004675182513892651,
        0.00472117867320776,
        0.004504804499447346,
        0.004496000241488218,
        0.004297299776226282,
        0.004326906520873308,
        0.0044163004495203495,
        0.004257946275174618,
        0.00425293855369091,
        0.004306726157665253,
        0.004210819024592638,
        0.0042551481164991856,
        0.004242879804223776,
        0.004247299861162901,
        0.004266063217073679,
        0.004274701699614525,
        0.00415054801851511,
        0.004163642879575491,
        0.004269716329872608,
        0.004189337138086557,
        0.004170335363596678,
        0.00424726027995348,
        0.004191235639154911,
        0.004152488429099321,
        0.004155649803578854,
        0.004188260994851589,
        0.004174078349024057,
        0.004066824913024902,
        0.0039915237575769424,
        0.003943005111068487,
        0.004206191282719374,
        0.004067694302648306,
        0.0037521852646023035,
        0.0037744976580142975,
        0.0037210595328360796,
        0.0037106683012098074,
        0.0039801630191504955,
        0.004415476229041815,
        0.0050361305475234985,
        0.005331224296241999,
        0.005925051402300596,
        0.006004123017191887,
        0.005921723786741495,
        0.006323452573269606,
        0.00705116568133235,
        0.0069419327192008495,
        0.006874678656458855,
        0.006734354421496391,
        0.006784210447221994
    ]
}