{
    "epoch": [
        0,
        1,
        2,
        3,
        4,
        5,
        6,
        7,
        8,
        9,
        10,
        11,
        12,
        13,
        14,
        15,
        16,
        17,
        18,
        19,
        20,
        21,
        22,
        23,
        24,
        25,
        26,
        27,
        28,
        29,
        30,
        31,
        32,
        33,
        34,
        35,
        36,
        37,
        38,
        39,
        40,
        41,
        42,
        43,
        44,
        45,
        46,
        47,
        48,
        49,
        50,
        51,
        52,
        53,
        54,
        55,
        56,
        57,
        58,
        59,
        60,
        61,
        62,
        63,
        64,
        65,
        66,
        67,
        68,
        69,
        70,
        71,
        72,
        73,
        74,
        75,
        76,
        77,
        78,
        79,
        80,
        81,
        82,
        83,
        84,
        85,
        86,
        87,
        88,
        89,
        90,
        91,
        92,
        93,
        94,
        95,
        96,
        97,
        98,
        99
    ],
    "train_loss": [
        0.11790555715560913,
        0.047285016626119614,
        0.03612104803323746,
        0.034902241080999374,
        0.020429830998182297,
        0.016008052974939346,
        0.013177911750972271,
        0.012972305528819561,
        0.011141818948090076,
        0.011455312371253967,
        0.011295942589640617,
        0.010673733428120613,
        0.011094409041106701,
        0.01067950390279293,
        0.01056578103452921,
        0.010370846837759018,
        0.010050689801573753,
        0.009820327162742615,
        0.009667550213634968,
        0.009868166409432888,
        0.010067027062177658,
        0.009986454620957375,
        0.009892013855278492,
        0.009923120029270649,
        0.009996733628213406,
        0.010285896249115467,
        0.010668576695024967,
        0.01165773905813694,
        0.011564362794160843,
        0.0117778480052948,
        0.011407913640141487,
        0.010928983800113201,
        0.01068359985947609,
        0.010426538996398449,
        0.009416789747774601,
        0.009448094293475151,
        0.009368508122861385,
        0.009664003737270832,
        0.009775775484740734,
        0.009780803695321083,
        0.009757774882018566,
        0.009728377684950829,
        0.009631381370127201,
        0.009596092626452446,
        0.009581312537193298,
        0.009643866680562496,
        0.00949432048946619,
        0.009333603084087372,
        0.009395882487297058,
        0.009379529394209385,
        0.00944473035633564,
        0.009524542838335037,
        0.009257747791707516,
        0.009154283441603184,
        0.009160511195659637,
        0.009281756356358528,
        0.00909377634525299,
        0.009090214967727661,
        0.0090449508279562,
        0.00905663426965475,
        0.00908197183161974,
        0.009232367388904095,
        0.00950705073773861,
        0.009702643379569054,
        0.009849583730101585,
        0.00997378583997488,
        0.010254229418933392,
        0.01033391896635294,
        0.01058029755949974,
        0.010784369893372059,
        0.010912887752056122,
        0.01105719804763794,
        0.011170285753905773,
        0.011471685953438282,
        0.0115092433989048,
        0.011459884233772755,
        0.011516566388309002,
        0.011525637470185757,
        0.011617260985076427,
        0.011712903156876564,
        0.011829850263893604,
        0.01200700830668211,
        0.011967252939939499,
        0.01202070526778698,
        0.012074966914951801,
        0.01209518313407898,
        0.012058706022799015,
        0.011996599845588207,
        0.011900453828275204,
        0.01182507537305355,
        0.011726499535143375,
        0.011614661663770676,
        0.011498438194394112,
        0.01145316381007433,
        0.011441036127507687,
        0.0114898681640625,
        0.011584487743675709,
        0.011704454198479652,
        0.011873818933963776,
        0.012059501372277737
    ]
}