{
    "epoch": [
        0,
        1,
        2,
        3,
        4,
        5,
        6,
        7,
        8,
        9,
        10,
        11,
        12,
        13,
        14,
        15,
        16,
        17,
        18,
        19,
        20,
        21,
        22,
        23,
        24,
        25,
        26,
        27,
        28,
        29,
        30,
        31,
        32,
        33,
        34,
        35,
        36,
        37,
        38,
        39,
        40,
        41,
        42,
        43,
        44,
        45,
        46,
        47,
        48,
        49,
        50,
        51,
        52,
        53,
        54,
        55,
        56,
        57,
        58,
        59,
        60,
        61,
        62,
        63,
        64,
        65,
        66,
        67,
        68,
        69,
        70,
        71,
        72,
        73,
        74,
        75,
        76,
        77,
        78,
        79,
        80,
        81,
        82,
        83,
        84,
        85,
        86,
        87,
        88,
        89,
        90,
        91,
        92,
        93,
        94,
        95,
        96,
        97,
        98,
        99
    ],
    "train_loss": [
        0.6502320170402527,
        0.43821004033088684,
        0.3660070300102234,
        0.29438021779060364,
        0.25069674849510193,
        0.22908160090446472,
        0.16222411394119263,
        0.1339590847492218,
        0.12122639268636703,
        0.1102304682135582,
        0.10641591250896454,
        0.09263130277395248,
        0.08395913988351822,
        0.07564425468444824,
        0.07068358361721039,
        0.0767141580581665,
        0.07072757929563522,
        0.06696467846632004,
        0.0643085166811943,
        0.061255112290382385,
        0.07860705256462097,
        0.07323724776506424,
        0.06978045403957367,
        0.06616803258657455,
        0.06320787221193314,
        0.06631208211183548,
        0.06137474626302719,
        0.05928443744778633,
        0.05702570453286171,
        0.053851593285799026,
        0.05672910436987877,
        0.0532357357442379,
        0.05121518671512604,
        0.04956348240375519,
        0.04788414016366005,
        0.04997330904006958,
        0.04774460569024086,
        0.04605890065431595,
        0.04466306045651436,
        0.04334766045212746,
        0.04882901534438133,
        0.044888198375701904,
        0.04296395182609558,
        0.041411127895116806,
        0.03995479643344879,
        0.044782958924770355,
        0.04141750931739807,
        0.04018876701593399,
        0.039202332496643066,
        0.03784726560115814,
        0.03712088614702225,
        0.03592582419514656,
        0.03496568650007248,
        0.03424058482050896,
        0.033634889870882034,
        0.033130060881376266,
        0.03269636258482933,
        0.03212955594062805,
        0.031774867326021194,
        0.031832948327064514,
        0.030945202335715294,
        0.030140815302729607,
        0.029620759189128876,
        0.028923029080033302,
        0.028749646618962288,
        0.028380006551742554,
        0.027870727702975273,
        0.02751253731548786,
        0.02685130387544632,
        0.02612258493900299,
        0.025189219042658806,
        0.02494749426841736,
        0.02507902681827545,
        0.025263961404561996,
        0.02540808729827404,
        0.025391442701220512,
        0.024960443377494812,
        0.024649355560541153,
        0.024024978280067444,
        0.0239056795835495,
        0.022840674966573715,
        0.022320959717035294,
        0.022839581593871117,
        0.0230652317404747,
        0.02325287088751793,
        0.02303708717226982,
        0.021684983745217323,
        0.021164096891880035,
        0.021041881293058395,
        0.021066784858703613,
        0.020893583074212074,
        0.02109784632921219,
        0.020377501845359802,
        0.02030951716005802,
        0.019979236647486687,
        0.01986806094646454,
        0.02025466039776802,
        0.021099422127008438,
        0.021321119740605354,
        0.02069871686398983
    ]
}