{
    "epoch": [
        0,
        1,
        2,
        3,
        4,
        5,
        6,
        7,
        8,
        9,
        10,
        11,
        12,
        13,
        14,
        15,
        16,
        17,
        18,
        19,
        20,
        21,
        22,
        23,
        24,
        25,
        26,
        27,
        28,
        29,
        30,
        31,
        32,
        33,
        34,
        35,
        36,
        37,
        38,
        39,
        40,
        41,
        42,
        43,
        44,
        45,
        46,
        47,
        48,
        49,
        50,
        51,
        52,
        53,
        54,
        55,
        56,
        57,
        58,
        59,
        60,
        61,
        62,
        63,
        64,
        65,
        66,
        67,
        68,
        69,
        70,
        71,
        72,
        73,
        74,
        75,
        76,
        77,
        78,
        79,
        80,
        81,
        82,
        83,
        84,
        85,
        86,
        87,
        88,
        89,
        90,
        91,
        92,
        93,
        94,
        95,
        96,
        97,
        98,
        99
    ],
    "train_loss": [
        0.03857041522860527,
        0.021975362673401833,
        0.013546844944357872,
        0.015437372960150242,
        0.014318760484457016,
        0.01650095358490944,
        0.018578916788101196,
        0.0211940947920084,
        0.019015895202755928,
        0.016767844557762146,
        0.016668541356921196,
        0.01656872220337391,
        0.01661582663655281,
        0.01650771126151085,
        0.016438273712992668,
        0.016145974397659302,
        0.01596098765730858,
        0.015825318172574043,
        0.015516967512667179,
        0.01525112334638834,
        0.015015649609267712,
        0.014863776043057442,
        0.014504948630928993,
        0.013851183466613293,
        0.013027128763496876,
        0.013121575117111206,
        0.012383542954921722,
        0.011925926432013512,
        0.011643710546195507,
        0.011102884076535702,
        0.011187773197889328,
        0.010982926934957504,
        0.010976589284837246,
        0.011416739784181118,
        0.011774061247706413,
        0.01189468428492546,
        0.011748536489903927,
        0.01191549003124237,
        0.011949949897825718,
        0.011406984180212021,
        0.011114142835140228,
        0.011283902451395988,
        0.011405469849705696,
        0.011396083980798721,
        0.01133684627711773,
        0.012510274536907673,
        0.013203629292547703,
        0.013599252328276634,
        0.014962786808609962,
        0.01967262290418148,
        0.02059999294579029,
        0.021481262519955635,
        0.025327065959572792,
        0.025110241025686264,
        0.023435378447175026,
        0.022073669359087944,
        0.021572072058916092,
        0.021548256278038025,
        0.021548256278038025,
        0.02153216302394867,
        0.021488690748810768,
        0.021481109783053398,
        0.021475400775671005,
        0.021281994879245758,
        0.021075427532196045,
        0.02098114788532257,
        0.020803969353437424,
        0.020692700520157814,
        0.02059164270758629,
        0.02059164270758629,
        0.020497983321547508,
        0.020040268078446388,
        0.01953202486038208,
        0.019521228969097137,
        0.019462358206510544,
        0.01943454146385193,
        0.01943320780992508,
        0.01942930370569229,
        0.019400767982006073,
        0.019337579607963562,
        0.019284676760435104,
        0.019260453060269356,
        0.01922927051782608,
        0.01920264959335327,
        0.01920264959335327,
        0.019171467050909996,
        0.019171467050909996,
        0.019171467050909996,
        0.019171467050909996,
        0.019171467050909996,
        0.019171467050909996,
        0.019171467050909996,
        0.019171467050909996,
        0.019171467050909996,
        0.019171467050909996,
        0.019171467050909996,
        0.0191714596003294,
        0.019171394407749176,
        0.01916978321969509,
        0.019169781357049942
    ]
}