{
    "epoch": [
        0,
        1,
        2,
        3,
        4,
        5,
        6,
        7,
        8,
        9,
        10,
        11,
        12,
        13,
        14,
        15,
        16,
        17,
        18,
        19,
        20,
        21,
        22,
        23,
        24,
        25,
        26,
        27,
        28,
        29,
        30,
        31,
        32,
        33,
        34,
        35,
        36,
        37,
        38,
        39,
        40,
        41,
        42,
        43,
        44,
        45,
        46,
        47,
        48,
        49,
        50,
        51,
        52,
        53,
        54,
        55,
        56,
        57,
        58,
        59,
        60,
        61,
        62,
        63,
        64,
        65,
        66,
        67,
        68,
        69,
        70,
        71,
        72,
        73,
        74,
        75,
        76,
        77,
        78,
        79,
        80,
        81,
        82,
        83,
        84,
        85,
        86,
        87,
        88,
        89,
        90,
        91,
        92,
        93,
        94,
        95,
        96,
        97,
        98,
        99
    ],
    "train_loss": [
        0.02933478355407715,
        0.01465001329779625,
        0.01576188951730728,
        0.006434648763388395,
        0.010806172154843807,
        0.009035296738147736,
        0.007362748496234417,
        0.00834011472761631,
        0.014302034862339497,
        0.015319712460041046,
        0.015141582116484642,
        0.014939678832888603,
        0.015063639730215073,
        0.015307113528251648,
        0.014612947590649128,
        0.014629797078669071,
        0.015471003018319607,
        0.01514813769608736,
        0.014748590067029,
        0.014273328706622124,
        0.013984284363687038,
        0.013601892627775669,
        0.013333149254322052,
        0.012851717881858349,
        0.012319550849497318,
        0.012066914699971676,
        0.011996481567621231,
        0.011866007931530476,
        0.011793166399002075,
        0.011794879101216793,
        0.011767451651394367,
        0.011451024562120438,
        0.01141536794602871,
        0.01135468203574419,
        0.011287730187177658,
        0.011202131398022175,
        0.011119797825813293,
        0.011025538668036461,
        0.010953939519822598,
        0.010889928787946701,
        0.010879122652113438,
        0.010798887349665165,
        0.010737741366028786,
        0.010725301690399647,
        0.010740743950009346,
        0.010573499836027622,
        0.01034842524677515,
        0.010256602428853512,
        0.010149320587515831,
        0.010089516639709473,
        0.010034591890871525,
        0.010010532103478909,
        0.009999087080359459,
        0.009875359013676643,
        0.009725825861096382,
        0.00952756404876709,
        0.009256402030587196,
        0.00928401481360197,
        0.009114246815443039,
        0.008922873064875603,
        0.008849573321640491,
        0.008756610564887524,
        0.008704707957804203,
        0.008697490207850933,
        0.008582462556660175,
        0.008345886133611202,
        0.008157815784215927,
        0.008065607398748398,
        0.007978216744959354,
        0.007909519597887993,
        0.007880935445427895,
        0.007832641713321209,
        0.007803966291248798,
        0.007769571151584387,
        0.007785813417285681,
        0.007782538887113333,
        0.007763383910059929,
        0.007733139209449291,
        0.00770028168335557,
        0.007694602943956852,
        0.007655802648514509,
        0.007646806072443724,
        0.007627710700035095,
        0.007609493564814329,
        0.007605514954775572,
        0.007617779076099396,
        0.00763692008331418,
        0.007617884315550327,
        0.007612266112118959,
        0.007620497606694698,
        0.007606209721416235,
        0.007552280556410551,
        0.0075456006452441216,
        0.007583365309983492,
        0.007615163456648588,
        0.007645767647773027,
        0.00765770860016346,
        0.007618687581270933,
        0.007618279196321964,
        0.007611152715981007
    ]
}