{
    "epoch": [
        0,
        1,
        2,
        3,
        4,
        5,
        6,
        7,
        8,
        9,
        10,
        11,
        12,
        13,
        14,
        15,
        16,
        17,
        18,
        19,
        20,
        21,
        22,
        23,
        24,
        25,
        26,
        27,
        28,
        29,
        30,
        31,
        32,
        33,
        34,
        35,
        36,
        37,
        38,
        39,
        40,
        41,
        42,
        43,
        44,
        45,
        46,
        47,
        48,
        49,
        50,
        51,
        52,
        53,
        54,
        55,
        56,
        57,
        58,
        59,
        60,
        61,
        62,
        63,
        64,
        65,
        66,
        67,
        68,
        69,
        70,
        71,
        72,
        73,
        74,
        75,
        76,
        77,
        78,
        79,
        80,
        81,
        82,
        83,
        84,
        85,
        86,
        87,
        88,
        89,
        90,
        91,
        92,
        93,
        94,
        95,
        96,
        97,
        98,
        99
    ],
    "train_loss": [
        0.028767956420779228,
        0.015262669883668423,
        0.010255178436636925,
        0.013774356804788113,
        0.009305234998464584,
        0.010253209620714188,
        0.009977121837437153,
        0.010263917967677116,
        0.010330142453312874,
        0.011794268153607845,
        0.011215400882065296,
        0.011087602004408836,
        0.010941553860902786,
        0.010246064513921738,
        0.010755511000752449,
        0.010361417196691036,
        0.009868097491562366,
        0.010233411565423012,
        0.010170062072575092,
        0.009688850492238998,
        0.009697404690086842,
        0.009869512170553207,
        0.009921533986926079,
        0.010051144286990166,
        0.010005106218159199,
        0.010020863264799118,
        0.010093851014971733,
        0.01012404914945364,
        0.009980421513319016,
        0.010003180243074894,
        0.009980767965316772,
        0.009927015751600266,
        0.009923165664076805,
        0.009887379594147205,
        0.009690582752227783,
        0.009675402194261551,
        0.009627536870539188,
        0.00963906105607748,
        0.00968114659190178,
        0.009839227423071861,
        0.009868930093944073,
        0.009928425773978233,
        0.009808769449591637,
        0.009710866957902908,
        0.009593972004950047,
        0.009601878933608532,
        0.009597109630703926,
        0.009575234726071358,
        0.009544620290398598,
        0.009558876976370811,
        0.009570885449647903,
        0.009575556963682175,
        0.009581157006323338,
        0.00958674680441618,
        0.009615530259907246,
        0.009612108580768108,
        0.009564418345689774,
        0.009520179592072964,
        0.009520873427391052,
        0.009540990926325321,
        0.00939980149269104,
        0.009433665312826633,
        0.009490189142525196,
        0.009470866993069649,
        0.009242633357644081,
        0.00917377881705761,
        0.009227614849805832,
        0.009319604374468327,
        0.009338212199509144,
        0.009236973710358143,
        0.009138721972703934,
        0.009122931398451328,
        0.009120116010308266,
        0.009054902009665966,
        0.009050009772181511,
        0.009061514399945736,
        0.00908049289137125,
        0.009049473330378532,
        0.009012768976390362,
        0.008950230665504932,
        0.008950715884566307,
        0.008981983177363873,
        0.008997013792395592,
        0.008992034941911697,
        0.008962445892393589,
        0.008997494354844093,
        0.009024923667311668,
        0.008990585803985596,
        0.008943905122578144,
        0.008938373066484928,
        0.008936269208788872,
        0.00893582496792078,
        0.00893582496792078,
        0.008936483412981033,
        0.008936939761042595,
        0.008938082493841648,
        0.00893807876855135,
        0.008938158862292767,
        0.008938286453485489,
        0.008938297629356384
    ]
}