{
    "epoch": [
        0,
        1,
        2,
        3,
        4,
        5,
        6,
        7,
        8,
        9,
        10,
        11,
        12,
        13,
        14,
        15,
        16,
        17,
        18,
        19,
        20,
        21,
        22,
        23,
        24,
        25,
        26,
        27,
        28,
        29,
        30,
        31,
        32,
        33,
        34,
        35,
        36,
        37,
        38,
        39,
        40,
        41,
        42,
        43,
        44,
        45,
        46,
        47,
        48,
        49,
        50,
        51,
        52,
        53,
        54,
        55,
        56,
        57,
        58,
        59,
        60,
        61,
        62,
        63,
        64,
        65,
        66,
        67,
        68,
        69,
        70,
        71,
        72,
        73,
        74,
        75,
        76,
        77,
        78,
        79,
        80,
        81,
        82,
        83,
        84,
        85,
        86,
        87,
        88,
        89,
        90,
        91,
        92,
        93,
        94,
        95,
        96,
        97,
        98,
        99
    ],
    "train_loss": [
        0.050059814006090164,
        0.026496782898902893,
        0.024281958118081093,
        0.01528960932046175,
        0.010702329687774181,
        0.014604336582124233,
        0.01252797245979309,
        0.010617973282933235,
        0.009293833747506142,
        0.008243946358561516,
        0.009413368999958038,
        0.009751121513545513,
        0.009637787938117981,
        0.010047715157270432,
        0.010484145022928715,
        0.008220340125262737,
        0.007387721445411444,
        0.008350517600774765,
        0.008638952858746052,
        0.01000160351395607,
        0.010148607194423676,
        0.009502437897026539,
        0.007875456474721432,
        0.008140313439071178,
        0.009293668903410435,
        0.01056074071675539,
        0.009317676536738873,
        0.009502462111413479,
        0.009948930703103542,
        0.010541708208620548,
        0.010579205118119717,
        0.010437963530421257,
        0.010152042843401432,
        0.009237020276486874,
        0.008963554166257381,
        0.010467012412846088,
        0.010468595661222935,
        0.009083922021090984,
        0.008167827501893044,
        0.00808589905500412,
        0.008524713106453419,
        0.008380518294870853,
        0.008097290061414242,
        0.007470784243196249,
        0.007380349095910788,
        0.007850921712815762,
        0.007674259599298239,
        0.00776019599288702,
        0.007612154353410006,
        0.0068815601989626884,
        0.0069885472767055035,
        0.007159269414842129,
        0.007111192215234041,
        0.007866881787776947,
        0.007796499412506819,
        0.007488406728953123,
        0.007160978391766548,
        0.00691015413030982,
        0.007055908907204866,
        0.007243147119879723,
        0.00775730237364769,
        0.007107872050255537,
        0.006399109959602356,
        0.005951065104454756,
        0.005664454773068428,
        0.005678341258317232,
        0.005541573744267225,
        0.0056333416141569614,
        0.006263707764446735,
        0.006449611857533455,
        0.006261024624109268,
        0.006125729996711016,
        0.00606100307777524,
        0.005990853067487478,
        0.006120308302342892,
        0.006355105899274349,
        0.006564345210790634,
        0.0063985842280089855,
        0.006685895845293999,
        0.006330848205834627,
        0.006136865820735693,
        0.0063977837562561035,
        0.0064680203795433044,
        0.006459080148488283,
        0.006282265763729811,
        0.006339880637824535,
        0.006186286918818951,
        0.005979713052511215,
        0.005567621439695358,
        0.005359279923141003,
        0.005465956870466471,
        0.005459163337945938,
        0.0056182765401899815,
        0.005933557637035847,
        0.006207066588103771,
        0.0062959929928183556,
        0.006279069930315018,
        0.006089021451771259,
        0.005988026969134808,
        0.005921528209000826
    ]
}