{
    "epoch": [
        0,
        1,
        2,
        3,
        4,
        5,
        6,
        7,
        8,
        9,
        10,
        11,
        12,
        13,
        14,
        15,
        16,
        17,
        18,
        19,
        20,
        21,
        22,
        23,
        24,
        25,
        26,
        27,
        28,
        29,
        30,
        31,
        32,
        33,
        34,
        35,
        36,
        37,
        38,
        39,
        40,
        41,
        42,
        43,
        44,
        45,
        46,
        47,
        48,
        49,
        50,
        51,
        52,
        53,
        54,
        55,
        56,
        57,
        58,
        59,
        60,
        61,
        62,
        63,
        64,
        65,
        66,
        67,
        68,
        69,
        70,
        71,
        72,
        73,
        74,
        75,
        76,
        77,
        78,
        79,
        80,
        81,
        82,
        83,
        84,
        85,
        86,
        87,
        88,
        89,
        90,
        91,
        92,
        93,
        94,
        95,
        96,
        97,
        98,
        99
    ],
    "train_loss": [
        0.04472440853714943,
        0.0330505445599556,
        0.024208789691329002,
        0.017416831105947495,
        0.01708446443080902,
        0.013323466293513775,
        0.012816264294087887,
        0.010917753912508488,
        0.009403727017343044,
        0.008773578330874443,
        0.009618119336664677,
        0.009859666228294373,
        0.008517012000083923,
        0.008927108719944954,
        0.008262475952506065,
        0.006992853246629238,
        0.007727290038019419,
        0.007933513261377811,
        0.00786125473678112,
        0.007668645586818457,
        0.006795911118388176,
        0.0065450421534478664,
        0.006522234529256821,
        0.006476717535406351,
        0.006679431069642305,
        0.006426963023841381,
        0.0062661669217050076,
        0.0062981597147881985,
        0.00630965968593955,
        0.006220887880772352,
        0.0061349268071353436,
        0.005949252750724554,
        0.00605042465031147,
        0.006075028795748949,
        0.005843046586960554,
        0.005912877153605223,
        0.006720880512148142,
        0.008527947589755058,
        0.010676556266844273,
        0.008587559685111046,
        0.007002214901149273,
        0.006365559995174408,
        0.006314055062830448,
        0.0061484575271606445,
        0.006037519313395023,
        0.0059702456928789616,
        0.005925551988184452,
        0.00691570620983839,
        0.006054744590073824,
        0.0058906227350234985,
        0.005846974905580282,
        0.005822319071739912,
        0.005761777516454458,
        0.005758391227573156,
        0.005759762600064278,
        0.005759185645729303,
        0.005758865736424923,
        0.00575769878923893,
        0.005749786272644997,
        0.005749802105128765,
        0.005749802105128765,
        0.005749775096774101,
        0.005749775096774101,
        0.005749732255935669,
        0.005740338005125523,
        0.005720393732190132,
        0.0056474339216947556,
        0.005624315235763788,
        0.005630346015095711,
        0.005634607281535864,
        0.005641811992973089,
        0.005616950802505016,
        0.005608547478914261,
        0.0055890316143631935,
        0.005584444850683212,
        0.005582147743552923,
        0.005582152400165796,
        0.005603143945336342,
        0.0056038228794932365,
        0.005607976578176022,
        0.005608358886092901,
        0.0056083775125443935,
        0.005608377046883106,
        0.005608505103737116,
        0.005611089989542961,
        0.005611114203929901,
        0.0056112646125257015,
        0.005602560471743345,
        0.00558840436860919,
        0.00558957876637578,
        0.005589503329247236,
        0.005591200198978186,
        0.005591182503849268,
        0.005591126158833504,
        0.0055913073010742664,
        0.0055913073010742664,
        0.0055913073010742664,
        0.0055913073010742664,
        0.0055913073010742664,
        0.0055913073010742664
    ]
}