{
    "epoch": [
        0,
        1,
        2,
        3,
        4,
        5,
        6,
        7,
        8,
        9,
        10,
        11,
        12,
        13,
        14,
        15,
        16,
        17,
        18,
        19,
        20,
        21,
        22,
        23,
        24,
        25,
        26,
        27,
        28,
        29,
        30,
        31,
        32,
        33,
        34,
        35,
        36,
        37,
        38,
        39,
        40,
        41,
        42,
        43,
        44,
        45,
        46,
        47,
        48,
        49,
        50,
        51,
        52,
        53,
        54,
        55,
        56,
        57,
        58,
        59,
        60,
        61,
        62,
        63,
        64,
        65,
        66,
        67,
        68,
        69,
        70,
        71,
        72,
        73,
        74,
        75,
        76,
        77,
        78,
        79,
        80,
        81,
        82,
        83,
        84,
        85,
        86,
        87,
        88,
        89,
        90,
        91,
        92,
        93,
        94,
        95,
        96,
        97,
        98,
        99
    ],
    "train_loss": [
        0.034988146275281906,
        0.02227499522268772,
        0.013881638646125793,
        0.008712990209460258,
        0.00922558642923832,
        0.011331886053085327,
        0.009438727982342243,
        0.009592648595571518,
        0.008596626110374928,
        0.007155975792557001,
        0.006583796814084053,
        0.006437838543206453,
        0.006341475527733564,
        0.0067721945233643055,
        0.007274335715919733,
        0.007939158007502556,
        0.008556613698601723,
        0.009500373154878616,
        0.009585306979715824,
        0.010035480372607708,
        0.00934766884893179,
        0.009102742187678814,
        0.008760950528085232,
        0.00842525064945221,
        0.008271570317447186,
        0.008240507915616035,
        0.008320743218064308,
        0.008432874456048012,
        0.00836868304759264,
        0.008584494702517986,
        0.00889012310653925,
        0.009110843762755394,
        0.009357771836221218,
        0.00963639561086893,
        0.009782524779438972,
        0.010008906945586205,
        0.01041876059025526,
        0.010525604709982872,
        0.010982092469930649,
        0.011349081993103027,
        0.011516942642629147,
        0.011600126512348652,
        0.011591235175728798,
        0.011602703481912613,
        0.011618838645517826,
        0.01154977735131979,
        0.01129689160734415,
        0.01107102818787098,
        0.010750677436590195,
        0.010565218515694141,
        0.010214134119451046,
        0.009805130772292614,
        0.009594596922397614,
        0.00943346694111824,
        0.009139579720795155,
        0.008938325569033623,
        0.00877932459115982,
        0.008664626628160477,
        0.008704540319740772,
        0.008622762747108936,
        0.00873338058590889,
        0.008785287849605083,
        0.00889744982123375,
        0.008981297723948956,
        0.00904028955847025,
        0.009276517666876316,
        0.009167835116386414,
        0.009121333248913288,
        0.008990955539047718,
        0.008907318115234375,
        0.008818112313747406,
        0.008804721757769585,
        0.008742699399590492,
        0.008799227885901928,
        0.008853946812450886,
        0.00898159109055996,
        0.009475275874137878,
        0.010100722312927246,
        0.010556352324783802,
        0.010406826622784138,
        0.01022874191403389,
        0.010195457376539707,
        0.010067877359688282,
        0.009507929906249046,
        0.008925242349505424,
        0.008502929471433163,
        0.008298894390463829,
        0.008052540011703968,
        0.00791051797568798,
        0.007621780037879944,
        0.007519724313169718,
        0.007415962405502796,
        0.007187182549387217,
        0.006975213997066021,
        0.006812926847487688,
        0.006702992599457502,
        0.006646370980888605,
        0.006594768259674311,
        0.006451230961829424,
        0.006370473187416792
    ]
}