{
    "epoch": [
        0,
        1,
        2,
        3,
        4,
        5,
        6,
        7,
        8,
        9,
        10,
        11,
        12,
        13,
        14,
        15,
        16,
        17,
        18,
        19,
        20,
        21,
        22,
        23,
        24,
        25,
        26,
        27,
        28,
        29,
        30,
        31,
        32,
        33,
        34,
        35,
        36,
        37,
        38,
        39,
        40,
        41,
        42,
        43,
        44,
        45,
        46,
        47,
        48,
        49,
        50,
        51,
        52,
        53,
        54,
        55,
        56,
        57,
        58,
        59,
        60,
        61,
        62,
        63,
        64,
        65,
        66,
        67,
        68,
        69,
        70,
        71,
        72,
        73,
        74,
        75,
        76,
        77,
        78,
        79,
        80,
        81,
        82,
        83,
        84,
        85,
        86,
        87,
        88,
        89,
        90,
        91,
        92,
        93,
        94,
        95,
        96,
        97,
        98,
        99
    ],
    "train_loss": [
        0.07760646939277649,
        0.025082500651478767,
        0.018506208434700966,
        0.022109467536211014,
        0.021820422261953354,
        0.023501623421907425,
        0.016306880861520767,
        0.01419015321880579,
        0.01679709181189537,
        0.016498340293765068,
        0.014064429327845573,
        0.014489343389868736,
        0.013409541919827461,
        0.013196540996432304,
        0.012023597955703735,
        0.01248740404844284,
        0.01121053472161293,
        0.009901176206767559,
        0.01121728215366602,
        0.010656875558197498,
        0.010643103159964085,
        0.010412730276584625,
        0.010260171256959438,
        0.010280804708600044,
        0.010292801074683666,
        0.0106726149097085,
        0.010575130581855774,
        0.010547643527388573,
        0.01104916725307703,
        0.012147494591772556,
        0.01375489216297865,
        0.013284081593155861,
        0.01242526900023222,
        0.011709971353411674,
        0.011483549140393734,
        0.010973556898534298,
        0.010505016893148422,
        0.010650775395333767,
        0.010788568295538425,
        0.010607443749904633,
        0.010560221038758755,
        0.010724585503339767,
        0.010786307975649834,
        0.010775821283459663,
        0.010806544683873653,
        0.011499887332320213,
        0.01178512442857027,
        0.012008633464574814,
        0.012654513120651245,
        0.013049128465354443,
        0.013533782213926315,
        0.014135140925645828,
        0.014875219203531742,
        0.014636123552918434,
        0.014021862298250198,
        0.013989861123263836,
        0.013000264763832092,
        0.013080854900181293,
        0.012949313968420029,
        0.012993479147553444,
        0.013080602511763573,
        0.01306141447275877,
        0.013080240227282047,
        0.012701375409960747,
        0.012647144496440887,
        0.012557090260088444,
        0.012557324953377247,
        0.012717298232018948,
        0.012741276063024998,
        0.01284154411405325,
        0.013283200562000275,
        0.013750065118074417,
        0.014915777370333672,
        0.015598523430526257,
        0.016152530908584595,
        0.016060668975114822,
        0.015856528654694557,
        0.01546340063214302,
        0.015243921428918839,
        0.01481899805366993,
        0.014707784168422222,
        0.01488913968205452,
        0.014964097179472446,
        0.015513219870626926,
        0.016048304736614227,
        0.016002856194972992,
        0.016001328825950623,
        0.015897002071142197,
        0.015791883692145348,
        0.015623325482010841,
        0.015567570924758911,
        0.015729008242487907,
        0.01592387817800045,
        0.015948547050356865,
        0.01587451621890068,
        0.01587531901896,
        0.015886476263403893,
        0.015892645344138145,
        0.0159976314753294,
        0.01604173332452774
    ]
}