{
    "epoch": [
        0,
        1,
        2,
        3,
        4,
        5,
        6,
        7,
        8,
        9,
        10,
        11,
        12,
        13,
        14,
        15,
        16,
        17,
        18,
        19,
        20,
        21,
        22,
        23,
        24,
        25,
        26,
        27,
        28,
        29,
        30,
        31,
        32,
        33,
        34,
        35,
        36,
        37,
        38,
        39,
        40,
        41,
        42,
        43,
        44,
        45,
        46,
        47,
        48,
        49,
        50,
        51,
        52,
        53,
        54,
        55,
        56,
        57,
        58,
        59,
        60,
        61,
        62,
        63,
        64,
        65,
        66,
        67,
        68,
        69,
        70,
        71,
        72,
        73,
        74,
        75,
        76,
        77,
        78,
        79,
        80,
        81,
        82,
        83,
        84,
        85,
        86,
        87,
        88,
        89,
        90,
        91,
        92,
        93,
        94,
        95,
        96,
        97,
        98,
        99
    ],
    "train_loss": [
        0.10708196461200714,
        0.030798358842730522,
        0.021081281825900078,
        0.016479860991239548,
        0.016211075708270073,
        0.016235463321208954,
        0.015392905101180077,
        0.015482715331017971,
        0.020461872220039368,
        0.01715805009007454,
        0.017448145896196365,
        0.017241641879081726,
        0.016829757019877434,
        0.01610035076737404,
        0.014253728091716766,
        0.014120178297162056,
        0.014001877047121525,
        0.013758016750216484,
        0.01342102698981762,
        0.013237645849585533,
        0.013204922899603844,
        0.013132077641785145,
        0.01267570722848177,
        0.012441648170351982,
        0.012430457398295403,
        0.012558527290821075,
        0.012184737250208855,
        0.011842582374811172,
        0.01161087304353714,
        0.010782776400446892,
        0.010443784296512604,
        0.010021786205470562,
        0.00981584656983614,
        0.009680874645709991,
        0.009592417627573013,
        0.00944596342742443,
        0.009302687831223011,
        0.0093536376953125,
        0.009500467218458652,
        0.00867872592061758,
        0.008369949646294117,
        0.008305381052196026,
        0.008453385904431343,
        0.008612389676272869,
        0.007757034618407488,
        0.007419625762850046,
        0.007381494622677565,
        0.007476686500012875,
        0.007579618599265814,
        0.007695324253290892,
        0.007539940997958183,
        0.007290789391845465,
        0.0073930369690060616,
        0.007862979546189308,
        0.00774267315864563,
        0.006655273959040642,
        0.0066085015423595905,
        0.007445086725056171,
        0.007482660003006458,
        0.00772292772307992,
        0.0078544020652771,
        0.008416815660893917,
        0.008421436883509159,
        0.008691614493727684,
        0.00861129630357027,
        0.008358205668628216,
        0.008323702961206436,
        0.008129569701850414,
        0.007478250190615654,
        0.007553942035883665,
        0.007141589652746916,
        0.006874226499348879,
        0.007101503200829029,
        0.006916319020092487,
        0.006944437976926565,
        0.006957922130823135,
        0.0069138421677052975,
        0.006821393501013517,
        0.006716752424836159,
        0.006600659806281328,
        0.006441053003072739,
        0.006390669383108616,
        0.006394482217729092,
        0.006459709722548723,
        0.006513714324682951,
        0.00658068573102355,
        0.006460981443524361,
        0.0064837029203772545,
        0.0064447252079844475,
        0.006684570107609034,
        0.006886297836899757,
        0.006924095563590527,
        0.008430213667452335,
        0.010334695689380169,
        0.010709589347243309,
        0.010750296525657177,
        0.011371691711246967,
        0.012159368954598904,
        0.012526381760835648,
        0.01296898815780878
    ]
}