{
    "epoch": [
        0,
        1,
        2,
        3,
        4,
        5,
        6,
        7,
        8,
        9,
        10,
        11,
        12,
        13,
        14,
        15,
        16,
        17,
        18,
        19,
        20,
        21,
        22,
        23,
        24,
        25,
        26,
        27,
        28,
        29,
        30,
        31,
        32,
        33,
        34,
        35,
        36,
        37,
        38,
        39,
        40,
        41,
        42,
        43,
        44,
        45,
        46,
        47,
        48,
        49,
        50,
        51,
        52,
        53,
        54,
        55,
        56,
        57,
        58,
        59,
        60,
        61,
        62,
        63,
        64,
        65,
        66,
        67,
        68,
        69,
        70,
        71,
        72,
        73,
        74,
        75,
        76,
        77,
        78,
        79,
        80,
        81,
        82,
        83,
        84,
        85,
        86,
        87,
        88,
        89,
        90,
        91,
        92,
        93,
        94,
        95,
        96,
        97,
        98,
        99
    ],
    "train_loss": [
        0.38396111130714417,
        0.21222296357154846,
        0.17441681027412415,
        0.16139239072799683,
        0.1489422768354416,
        0.1748296618461609,
        0.15115448832511902,
        0.1457095742225647,
        0.1377570629119873,
        0.12820591032505035,
        0.1274220198392868,
        0.11172787100076675,
        0.09988157451152802,
        0.08406160026788712,
        0.07281018048524857,
        0.07836753875017166,
        0.05953074246644974,
        0.050652891397476196,
        0.0440378300845623,
        0.038288671523332596,
        0.04045882821083069,
        0.03170999512076378,
        0.026851274073123932,
        0.02242678962647915,
        0.0177898071706295,
        0.027415551245212555,
        0.020764650776982307,
        0.01814044453203678,
        0.015434055589139462,
        0.01435047946870327,
        0.022142674773931503,
        0.01588301919400692,
        0.012892844155430794,
        0.012167603708803654,
        0.011251010932028294,
        0.01420142874121666,
        0.011483627371490002,
        0.011623766273260117,
        0.012469543144106865,
        0.01495516486465931,
        0.02532932348549366,
        0.015011442825198174,
        0.013404419645667076,
        0.011712186969816685,
        0.012741083279252052,
        0.018210621550679207,
        0.014043658971786499,
        0.012546727433800697,
        0.011073429137468338,
        0.010787099599838257,
        0.00900187250226736,
        0.009717446751892567,
        0.00935222115367651,
        0.009955164045095444,
        0.00860932283103466,
        0.008907325565814972,
        0.008611493743956089,
        0.008582503534853458,
        0.008804620243608952,
        0.00882476381957531,
        0.009406807832419872,
        0.0097319595515728,
        0.009962324053049088,
        0.01007811538875103,
        0.00965200737118721,
        0.009524836204946041,
        0.010872777551412582,
        0.01034467201679945,
        0.00990640465170145,
        0.009778913110494614,
        0.009981120005249977,
        0.008816743269562721,
        0.007333321962505579,
        0.007130521349608898,
        0.006907861214131117,
        0.008028404787182808,
        0.008793138898909092,
        0.008516875095665455,
        0.009755504317581654,
        0.01036999374628067,
        0.009438320994377136,
        0.009205231443047523,
        0.00949567835777998,
        0.009662293829023838,
        0.009102605283260345,
        0.008782007731497288,
        0.008576259016990662,
        0.00848766416311264,
        0.008720762096345425,
        0.008875018917024136,
        0.009407212026417255,
        0.00954427756369114,
        0.008670466020703316,
        0.008442183956503868,
        0.008523249998688698,
        0.00836347695440054,
        0.008070711977779865,
        0.008791027590632439,
        0.008647320792078972,
        0.008816675283014774
    ]
}