{
    "epoch": [
        0,
        1,
        2,
        3,
        4,
        5,
        6,
        7,
        8,
        9,
        10,
        11,
        12,
        13,
        14,
        15,
        16,
        17,
        18,
        19,
        20,
        21,
        22,
        23,
        24,
        25,
        26,
        27,
        28,
        29,
        30,
        31,
        32,
        33,
        34,
        35,
        36,
        37,
        38,
        39,
        40,
        41,
        42,
        43,
        44,
        45,
        46,
        47,
        48,
        49,
        50,
        51,
        52,
        53,
        54,
        55,
        56,
        57,
        58,
        59,
        60,
        61,
        62,
        63,
        64,
        65,
        66,
        67,
        68,
        69,
        70,
        71,
        72,
        73,
        74,
        75,
        76,
        77,
        78,
        79,
        80,
        81,
        82,
        83,
        84,
        85,
        86,
        87,
        88,
        89,
        90,
        91,
        92,
        93,
        94,
        95,
        96,
        97,
        98,
        99
    ],
    "train_loss": [
        0.8120473623275757,
        0.6085810661315918,
        0.4886752963066101,
        0.38846445083618164,
        0.33152568340301514,
        0.2830137014389038,
        0.1844635009765625,
        0.13748477399349213,
        0.10955397039651871,
        0.09175297617912292,
        0.08982496708631516,
        0.07551177591085434,
        0.06476425379514694,
        0.056398648768663406,
        0.04937271773815155,
        0.055125221610069275,
        0.04732227325439453,
        0.043178100138902664,
        0.03946767374873161,
        0.036740146577358246,
        0.040200281888246536,
        0.03610348701477051,
        0.032515883445739746,
        0.030782243236899376,
        0.029458053410053253,
        0.032031357288360596,
        0.028213314712047577,
        0.02655228041112423,
        0.02568918466567993,
        0.024792373180389404,
        0.027297886088490486,
        0.02446916326880455,
        0.02381487563252449,
        0.02337159775197506,
        0.023407770320773125,
        0.026260891929268837,
        0.024475112557411194,
        0.023519670590758324,
        0.022460564970970154,
        0.021098149940371513,
        0.02190231718122959,
        0.020804619416594505,
        0.019553005695343018,
        0.018525980412960052,
        0.017831478267908096,
        0.01828388310968876,
        0.01731904223561287,
        0.01751670613884926,
        0.017497746273875237,
        0.018086304888129234,
        0.018106242641806602,
        0.01751081272959709,
        0.016829755157232285,
        0.016101770102977753,
        0.015315809287130833,
        0.014974805526435375,
        0.015098975040018559,
        0.015569508075714111,
        0.0160411074757576,
        0.01559401024132967,
        0.016001222655177116,
        0.015856485813856125,
        0.016181977465748787,
        0.0159015990793705,
        0.015589140355587006,
        0.01495274342596531,
        0.01440067496150732,
        0.013894876465201378,
        0.014099382795393467,
        0.014627396129071712,
        0.014254038222134113,
        0.014664661139249802,
        0.01523658074438572,
        0.015171326696872711,
        0.014860020950436592,
        0.015155632980167866,
        0.015464181080460548,
        0.015338664874434471,
        0.014936941675841808,
        0.0141033586114645,
        0.01484528835862875,
        0.015178403817117214,
        0.015069525688886642,
        0.015076221898198128,
        0.014593572355806828,
        0.014353589154779911,
        0.013998644426465034,
        0.01447325013577938,
        0.01505799125880003,
        0.014619664289057255,
        0.014453276991844177,
        0.014422336593270302,
        0.014505247585475445,
        0.015005244873464108,
        0.015201428905129433,
        0.015688221901655197,
        0.015255891717970371,
        0.01535040233284235,
        0.01575862243771553,
        0.015787119045853615
    ]
}