{
    "epoch": [
        0,
        1,
        2,
        3,
        4,
        5,
        6,
        7,
        8,
        9,
        10,
        11,
        12,
        13,
        14,
        15,
        16,
        17,
        18,
        19,
        20,
        21,
        22,
        23,
        24,
        25,
        26,
        27,
        28,
        29,
        30,
        31,
        32,
        33,
        34,
        35,
        36,
        37,
        38,
        39,
        40,
        41,
        42,
        43,
        44,
        45,
        46,
        47,
        48,
        49,
        50,
        51,
        52,
        53,
        54,
        55,
        56,
        57,
        58,
        59,
        60,
        61,
        62,
        63,
        64,
        65,
        66,
        67,
        68,
        69,
        70,
        71,
        72,
        73,
        74,
        75,
        76,
        77,
        78,
        79,
        80,
        81,
        82,
        83,
        84,
        85,
        86,
        87,
        88,
        89,
        90,
        91,
        92,
        93,
        94,
        95,
        96,
        97,
        98,
        99
    ],
    "train_loss": [
        0.36252933740615845,
        0.18443432450294495,
        0.1232495903968811,
        0.08608762174844742,
        0.07083453983068466,
        0.077910877764225,
        0.05405508726835251,
        0.04482226446270943,
        0.0386054627597332,
        0.036410488188266754,
        0.03325651213526726,
        0.035974111407995224,
        0.033241625875234604,
        0.028926724568009377,
        0.0330469012260437,
        0.026490699499845505,
        0.022269830107688904,
        0.01873367838561535,
        0.02045738510787487,
        0.02288077212870121,
        0.02214040979743004,
        0.020232560113072395,
        0.02066062018275261,
        0.021953178569674492,
        0.0210000928491354,
        0.019794808700680733,
        0.01817331463098526,
        0.017138440161943436,
        0.017209438607096672,
        0.01689278893172741,
        0.015574838034808636,
        0.016829341650009155,
        0.019714897498488426,
        0.01999240554869175,
        0.01810673624277115,
        0.017274558544158936,
        0.017620215192437172,
        0.016886543482542038,
        0.015778854489326477,
        0.015185237862169743,
        0.015743037685751915,
        0.015573637560009956,
        0.015219065360724926,
        0.014244756661355495,
        0.013910259120166302,
        0.013346235267817974,
        0.01356761809438467,
        0.01309643778949976,
        0.01354082953184843,
        0.013544905930757523,
        0.013152070343494415,
        0.013173420913517475,
        0.013181041926145554,
        0.013314016163349152,
        0.013743232004344463,
        0.013323511928319931,
        0.012936161831021309,
        0.013664968311786652,
        0.01315212156623602,
        0.013350154273211956,
        0.013456746004521847,
        0.013193764723837376,
        0.01303890347480774,
        0.01302703469991684,
        0.012903247959911823,
        0.013373486697673798,
        0.013319136574864388,
        0.013268663547933102,
        0.013059616088867188,
        0.01319679245352745,
        0.013506521470844746,
        0.013530072756111622,
        0.013848007656633854,
        0.013302060775458813,
        0.013211415149271488,
        0.013070907443761826,
        0.013157895766198635,
        0.013487322255969048,
        0.013717365451157093,
        0.013895825482904911,
        0.013747011311352253,
        0.013561006635427475,
        0.013559217564761639,
        0.013767659664154053,
        0.013642892241477966,
        0.013384520076215267,
        0.013397702015936375,
        0.013287615962326527,
        0.013690284453332424,
        0.014097047969698906,
        0.014126650057733059,
        0.01411305833607912,
        0.013824217952787876,
        0.013849405571818352,
        0.01390050258487463,
        0.013866342604160309,
        0.014019891619682312,
        0.014076096005737782,
        0.014021268114447594,
        0.014135343953967094
    ]
}