{
    "timestamp": "20250114_140024",
    "method": "mlp",
    "configuration": {
        "m": 1.0,
        "c": 0.1,
        "k": 5.0,
        "force_type": "sine",
        "amplitude": 1.0,
        "freq": 1.0,
        "random_seed": 42,
        "x0": 0.0,
        "v0": 0.0,
        "t_max": 10.0,
        "dt": 0.02,
        "noise_std": 0.05
    },
    "true_parameters": [
        1.0,
        0.1,
        5.0
    ],
    "estimated_parameters": [
        0.060602957770216584,
        0.0,
        0.0
    ],
    "parameter_errors": [
        93.93970422297834,
        100.0,
        100.0
    ],
    "force_rmse": 0.07296066496454878,
    "optimization_info": {
        "success": true,
        "message": "MLP training and SINDy parameter estimation completed",
        "hyperparameters": {
            "hidden_sizes": [
                512,
                1024,
                512,
                256
            ],
            "batch_size": 64,
            "learning_rate": 0.002,
            "weight_decay": 0.05,
            "dropout": 0.3
        },
        "mlp_training": {
            "best_val_loss": 1.9119502305984497,
            "train_losses": [
                6.923369979858398,
                3.9586902618408204,
                3.7292930603027346,
                3.2210062980651855,
                2.9228217124938967,
                2.6394202709198,
                3.566496968269348,
                2.8531350612640383,
                3.312163305282593,
                3.0927008628845214,
                3.0091896057128906,
                3.231971597671509,
                2.9068289279937742,
                2.550498342514038,
                3.072689390182495,
                2.8650234222412108,
                3.1224108219146727,
                2.9963805198669435,
                2.861536645889282,
                2.7072691917419434,
                3.0839837074279783,
                2.7093860626220705,
                2.7950846195220946,
                2.2971925497055055,
                2.7194111824035643,
                2.5258817434310914,
                2.7196486949920655,
                3.0223904609680177,
                2.5835897445678713,
                2.7537750244140624,
                2.7543735027313234,
                2.5476413488388063,
                2.5241482973098757,
                2.6641658782958983,
                2.782403087615967,
                3.0396076679229735,
                3.354963946342468,
                2.5291005611419677,
                2.8059274673461916,
                2.599007987976074,
                2.763882112503052,
                2.4157668590545653,
                2.5550845146179197,
                2.656273889541626,
                2.540960693359375,
                2.364150643348694,
                2.289528656005859,
                2.184496593475342,
                2.049808216094971,
                2.4992793083190916,
                2.834022378921509,
                2.249478340148926,
                2.4649744987487794,
                2.2510977268218992,
                2.173925185203552,
                2.261834979057312,
                2.2197353839874268,
                2.0295058727264403,
                2.152410101890564,
                2.375171756744385,
                1.9596792459487915,
                2.0421133279800414,
                2.053564429283142,
                1.766638493537903,
                1.9789716243743896,
                1.9466457128524781,
                2.1341168880462646,
                2.0291375875473023,
                2.0662978172302244,
                1.8692927837371827,
                2.2073107719421388,
                2.1072965621948243,
                2.039771056175232,
                1.9289151191711427,
                1.7479844093322754,
                1.8979001998901368,
                1.9824556827545166,
                1.7340656042098999,
                2.10781512260437,
                2.160873794555664,
                1.9256850242614747,
                1.8436450719833375,
                1.8188032388687134,
                1.81135151386261,
                1.714718723297119,
                1.8897884368896485,
                1.7277312517166137,
                1.8995446920394898,
                2.5300247192382814,
                2.2345415592193603,
                1.982959222793579,
                1.7837173461914062,
                1.6645947456359864,
                1.6520718574523925,
                1.7338652849197387,
                1.717227005958557,
                1.8335842847824098,
                1.8270256996154786,
                1.913258695602417,
                2.3364837169647217,
                2.1619935035705566,
                1.911162519454956,
                1.9255286693572997,
                1.7755284309387207,
                1.6474985122680663,
                1.7776030063629151,
                1.8807820320129394,
                1.6429169178009033,
                1.7716848611831666,
                1.7364694118499755,
                2.010878849029541,
                1.7506983518600463,
                1.7253242015838623,
                1.9776582956314086,
                1.8155201196670532,
                1.9017698287963867,
                1.7924718379974365,
                1.7795116186141968,
                1.6811734914779664,
                1.7450715065002442,
                1.7447503566741944,
                1.8731152534484863,
                2.075336766242981,
                1.8439746379852295,
                2.1162885665893554,
                2.055168604850769,
                1.632859754562378
            ],