{
    "epoch": [
        0,
        1,
        2,
        3,
        4,
        5,
        6,
        7,
        8,
        9,
        10,
        11,
        12,
        13,
        14,
        15,
        16,
        17,
        18,
        19,
        20,
        21,
        22,
        23,
        24,
        25,
        26,
        27,
        28,
        29,
        30,
        31,
        32,
        33,
        34,
        35,
        36,
        37,
        38,
        39,
        40,
        41,
        42,
        43,
        44,
        45,
        46,
        47,
        48,
        49,
        50,
        51,
        52,
        53,
        54,
        55,
        56,
        57,
        58,
        59,
        60,
        61,
        62,
        63,
        64,
        65,
        66,
        67,
        68,
        69,
        70,
        71,
        72,
        73,
        74,
        75,
        76,
        77,
        78,
        79,
        80,
        81,
        82,
        83,
        84,
        85,
        86,
        87,
        88,
        89,
        90,
        91,
        92,
        93,
        94,
        95,
        96,
        97,
        98,
        99
    ],
    "train_loss": [
        0.3491669297218323,
        0.17778024077415466,
        0.13262568414211273,
        0.10747016221284866,
        0.08717793971300125,
        0.11511316150426865,
        0.06398756802082062,
        0.043943338096141815,
        0.037494007498025894,
        0.03329438716173172,
        0.03257397934794426,
        0.03057187609374523,
        0.03052542731165886,
        0.030272729694843292,
        0.02871992066502571,
        0.02768334560096264,
        0.02771986648440361,
        0.027791602537035942,
        0.024397362023591995,
        0.024038810282945633,
        0.02510939911007881,
        0.023082897067070007,
        0.020865440368652344,
        0.02075711265206337,
        0.019600672647356987,
        0.018893063068389893,
        0.01750156097114086,
        0.01769079640507698,
        0.017756683751940727,
        0.016509482637047768,
        0.016135627403855324,
        0.014259417541325092,
        0.013345801271498203,
        0.013274576514959335,
        0.013565202243626118,
        0.014218621887266636,
        0.014542066492140293,
        0.01597675308585167,
        0.015240758657455444,
        0.015163455158472061,
        0.016732729971408844,
        0.015773486346006393,
        0.015356715768575668,
        0.01609732024371624,
        0.016328897327184677,
        0.016018914058804512,
        0.015648454427719116,
        0.01473241951316595,
        0.01539647951722145,
        0.015092315152287483,
        0.014542090706527233,
        0.01405539084225893,
        0.013734929263591766,
        0.014177181757986546,
        0.015207910910248756,
        0.015781044960021973,
        0.01631602644920349,
        0.016662970185279846,
        0.016899999231100082,
        0.01757318712770939,
        0.016786513850092888,
        0.016741013154387474,
        0.016560649499297142,
        0.017165955156087875,
        0.016100024804472923,
        0.016190141439437866,
        0.01473842840641737,
        0.014851684682071209,
        0.014411992393434048,
        0.0152728371322155,
        0.013935002498328686,
        0.013494511134922504,
        0.0130503224208951,
        0.013208010233938694,
        0.013290004804730415,
        0.013588096015155315,
        0.014292239211499691,
        0.014354635030031204,
        0.014189766719937325,
        0.013784229755401611,
        0.013287108391523361,
        0.013266908936202526,
        0.013143913820385933,
        0.013651249930262566,
        0.013736346736550331,
        0.013547517359256744,
        0.014169556088745594,
        0.014225724153220654,
        0.014225383289158344,
        0.014405950903892517,
        0.014856158755719662,
        0.015191829763352871,
        0.015706168487668037,
        0.015974730253219604,
        0.01603749580681324,
        0.015902580693364143,
        0.016031527891755104,
        0.01659637875854969,
        0.01701328344643116,
        0.01691441424190998
    ]
}