{
    "epoch": [
        0,
        1,
        2,
        3,
        4,
        5,
        6,
        7,
        8,
        9,
        10,
        11,
        12,
        13,
        14,
        15,
        16,
        17,
        18,
        19,
        20,
        21,
        22,
        23,
        24,
        25,
        26,
        27,
        28,
        29,
        30,
        31,
        32,
        33,
        34,
        35,
        36,
        37,
        38,
        39,
        40,
        41,
        42,
        43,
        44,
        45,
        46,
        47,
        48,
        49,
        50,
        51,
        52,
        53,
        54,
        55,
        56,
        57,
        58,
        59,
        60,
        61,
        62,
        63,
        64,
        65,
        66,
        67,
        68,
        69,
        70,
        71,
        72,
        73,
        74,
        75,
        76,
        77,
        78,
        79,
        80,
        81,
        82,
        83,
        84,
        85,
        86,
        87,
        88,
        89,
        90,
        91,
        92,
        93,
        94,
        95,
        96,
        97,
        98,
        99
    ],
    "train_loss": [
        0.13777299225330353,
        0.0684840977191925,
        0.03536933287978172,
        0.025648297742009163,
        0.021548252552747726,
        0.019301611930131912,
        0.01470741257071495,
        0.016807589679956436,
        0.012876207008957863,
        0.013965259306132793,
        0.015397167764604092,
        0.011007511056959629,
        0.009609997272491455,
        0.008693993091583252,
        0.010139808058738708,
        0.009720283560454845,
        0.009199518710374832,
        0.00791784655302763,
        0.007960443384945393,
        0.008670501410961151,
        0.008270226418972015,
        0.007748237811028957,
        0.007662626914680004,
        0.007798569742590189,
        0.007638815324753523,
        0.007436323910951614,
        0.007485223468393087,
        0.007450046017765999,
        0.007794720120728016,
        0.009822425432503223,
        0.013863133266568184,
        0.013262160122394562,
        0.01120977196842432,
        0.010046144016087055,
        0.009841947816312313,
        0.009788629598915577,
        0.009769277647137642,
        0.009686778299510479,
        0.009402625262737274,
        0.009249817579984665,
        0.009309109300374985,
        0.009227174334228039,
        0.008798159658908844,
        0.008686200715601444,
        0.008611980825662613,
        0.008639192208647728,
        0.008668757975101471,
        0.008604022674262524,
        0.008536632172763348,
        0.0084489481523633,
        0.00839249324053526,
        0.008435733616352081,
        0.008379924111068249,
        0.008471215143799782,
        0.008500393480062485,
        0.008490976877510548,
        0.008737197145819664,
        0.0088856415823102,
        0.009427681565284729,
        0.009771582670509815,
        0.009450688026845455,
        0.009209537878632545,
        0.008802227675914764,
        0.008580542169511318,
        0.008580263704061508,
        0.008520605973899364,
        0.008317111060023308,
        0.008402588777244091,
        0.009289626032114029,
        0.009515013545751572,
        0.009965170174837112,
        0.010115032084286213,
        0.009691786952316761,
        0.009358968585729599,
        0.008963389322161674,
        0.008549496531486511,
        0.007855470292270184,
        0.007788253948092461,
        0.0077882250770926476,
        0.007764589972794056,
        0.007789711933583021,
        0.007789277471601963,
        0.007777293678373098,
        0.007761975284665823,
        0.0076767317950725555,
        0.00768532557412982,
        0.007658227346837521,
        0.0076322294771671295,
        0.007577784359455109,
        0.007544203195720911,
        0.007539930287748575,
        0.007530578412115574,
        0.007451873738318682,
        0.007458516396582127,
        0.007521337829530239,
        0.007405560463666916,
        0.00721599068492651,
        0.0070602791383862495,
        0.006926394999027252,
        0.006883358582854271
    ]
}