{
    "epoch": [
        0,
        1,
        2,
        3,
        4,
        5,
        6,
        7,
        8,
        9,
        10,
        11,
        12,
        13,
        14,
        15,
        16,
        17,
        18,
        19,
        20,
        21,
        22,
        23,
        24,
        25,
        26,
        27,
        28,
        29,
        30,
        31,
        32,
        33,
        34,
        35,
        36,
        37,
        38,
        39,
        40,
        41,
        42,
        43,
        44,
        45,
        46,
        47,
        48,
        49,
        50,
        51,
        52,
        53,
        54,
        55,
        56,
        57,
        58,
        59,
        60,
        61,
        62,
        63,
        64,
        65,
        66,
        67,
        68,
        69,
        70,
        71,
        72,
        73,
        74,
        75,
        76,
        77,
        78,
        79,
        80,
        81,
        82,
        83,
        84,
        85,
        86,
        87,
        88,
        89,
        90,
        91,
        92,
        93,
        94,
        95,
        96,
        97,
        98,
        99
    ],
    "train_loss": [
        0.0336170457303524,
        0.019077086821198463,
        0.015965351834893227,
        0.014552806504070759,
        0.013593999668955803,
        0.015905223786830902,
        0.013168144039809704,
        0.011125398799777031,
        0.011266435496509075,
        0.01108575239777565,
        0.01087003480643034,
        0.01068124920129776,
        0.010520576499402523,
        0.009146999567747116,
        0.010217164643108845,
        0.00975565891712904,
        0.009936724789440632,
        0.010613806545734406,
        0.009395203553140163,
        0.009363679215312004,
        0.009122572839260101,
        0.01077016070485115,
        0.010753100737929344,
        0.010388352908194065,
        0.010489760898053646,
        0.009223394095897675,
        0.00903433095663786,
        0.008502781391143799,
        0.008005375973880291,
        0.007933086715638638,
        0.0076857637614011765,
        0.007594216149300337,
        0.00749965338036418,
        0.007407666649669409,
        0.007226715330034494,
        0.007325191982090473,
        0.007983563467860222,
        0.007773358374834061,
        0.007608475163578987,
        0.007390451617538929,
        0.007272024638950825,
        0.006802042946219444,
        0.007160925306379795,
        0.007488343399018049,
        0.0072745271027088165,
        0.006940375082194805,
        0.007001807447522879,
        0.006573881488293409,
        0.006409187335520983,
        0.006401367951184511,
        0.006292498204857111,
        0.006273344159126282,
        0.006235771346837282,
        0.006266482174396515,
        0.006164385471493006,
        0.006210304331034422,
        0.006327144335955381,
        0.006327797658741474,
        0.006178949028253555,
        0.006263777147978544,
        0.006318898405879736,
        0.00621999753639102,
        0.006119664292782545,
        0.006095214746892452,
        0.006121254526078701,
        0.006116439122706652,
        0.006115441210567951,
        0.006078468635678291,
        0.006060699000954628,
        0.0060459100641310215,
        0.006044228561222553,
        0.005972609855234623,
        0.0059386142529547215,
        0.005970002617686987,
        0.0058965496718883514,
        0.005929536651819944,
        0.005916803143918514,
        0.00591719476506114,
        0.005911259446293116,
        0.005924363154917955,
        0.005947382189333439,
        0.005954674910753965,
        0.005955209024250507,
        0.005956691689789295,
        0.005959734320640564,
        0.005965535994619131,
        0.005978709552437067,
        0.005994874518364668,
        0.005995423067361116,
        0.0059956638142466545,
        0.0059956638142466545,
        0.005995817016810179,
        0.006002969108521938,
        0.0060027469880878925,
        0.0060027469880878925,
        0.00600271113216877,
        0.006002711597830057,
        0.006002711597830057,
        0.006002711597830057,
        0.00600271113216877
    ]
}