{
    "epoch": [
        0,
        1,
        2,
        3,
        4,
        5,
        6,
        7,
        8,
        9,
        10,
        11,
        12,
        13,
        14,
        15,
        16,
        17,
        18,
        19,
        20,
        21,
        22,
        23,
        24,
        25,
        26,
        27,
        28,
        29,
        30,
        31,
        32,
        33,
        34,
        35,
        36,
        37,
        38,
        39,
        40,
        41,
        42,
        43,
        44,
        45,
        46,
        47,
        48,
        49,
        50,
        51,
        52,
        53,
        54,
        55,
        56,
        57,
        58,
        59,
        60,
        61,
        62,
        63,
        64,
        65,
        66,
        67,
        68,
        69,
        70,
        71,
        72,
        73,
        74,
        75,
        76,
        77,
        78,
        79,
        80,
        81,
        82,
        83,
        84,
        85,
        86,
        87,
        88,
        89,
        90,
        91,
        92,
        93,
        94,
        95,
        96,
        97,
        98,
        99
    ],
    "train_loss": [
        0.228756844997406,
        0.08572957664728165,
        0.045548055320978165,
        0.030654842033982277,
        0.022946054115891457,
        0.021907690912485123,
        0.018862107768654823,
        0.015910563990473747,
        0.014465359970927238,
        0.013043859973549843,
        0.013166123069822788,
        0.012237957678735256,
        0.013075311668217182,
        0.013674717396497726,
        0.015019930899143219,
        0.018000559881329536,
        0.016535192728042603,
        0.013931329362094402,
        0.014749041758477688,
        0.014987851493060589,
        0.015142945572733879,
        0.016620777547359467,
        0.017167862504720688,
        0.01669665426015854,
        0.015880560502409935,
        0.016262367367744446,
        0.014191250316798687,
        0.014887170866131783,
        0.015629801899194717,
        0.014104664325714111,
        0.015601685270667076,
        0.012914709746837616,
        0.01231060829013586,
        0.011649802327156067,
        0.011012939736247063,
        0.011114182882010937,
        0.01073367614299059,
        0.010412448085844517,
        0.010237856768071651,
        0.009787183254957199,
        0.010092520155012608,
        0.009642025455832481,
        0.009130259044468403,
        0.008962876163423061,
        0.008728891611099243,
        0.010351967066526413,
        0.008936312980949879,
        0.008697040379047394,
        0.0084085026755929,
        0.008212262764573097,
        0.008038324303925037,
        0.008005703799426556,
        0.00779508613049984,
        0.007784624584019184,
        0.007738091051578522,
        0.007753642741590738,
        0.007887721061706543,
        0.00789435114711523,
        0.008110367693006992,
        0.007998306304216385,
        0.007953383959829807,
        0.007883886806666851,
        0.007944938726723194,
        0.008096994832158089,
        0.008027389645576477,
        0.007972794584929943,
        0.008083061315119267,
        0.0081598786637187,
        0.008162983693182468,
        0.00811677798628807,
        0.008057325147092342,
        0.008017602376639843,
        0.008024421520531178,
        0.008139808662235737,
        0.008069305680692196,
        0.007999442517757416,
        0.007980762980878353,
        0.007992873899638653,
        0.00798800028860569,
        0.007974903099238873,
        0.007978344336152077,
        0.008059108629822731,
        0.00815681740641594,
        0.008302390575408936,
        0.00838332250714302,
        0.008484709076583385,
        0.008725390769541264,
        0.008762211538851261,
        0.008686991408467293,
        0.008737479336559772,
        0.008700167760252953,
        0.008608004078269005,
        0.008530357852578163,
        0.00856421422213316,
        0.008615460246801376,
        0.00861513614654541,
        0.00888130720704794,
        0.009114546701312065,
        0.009065967053174973,
        0.009109140373766422
    ]
}