{
    "epoch": [
        0,
        1,
        2,
        3,
        4,
        5,
        6,
        7,
        8,
        9,
        10,
        11,
        12,
        13,
        14,
        15,
        16,
        17,
        18,
        19,
        20,
        21,
        22,
        23,
        24,
        25,
        26,
        27,
        28,
        29,
        30,
        31,
        32,
        33,
        34,
        35,
        36,
        37,
        38,
        39,
        40,
        41,
        42,
        43,
        44,
        45,
        46,
        47,
        48,
        49,
        50,
        51,
        52,
        53,
        54,
        55,
        56,
        57,
        58,
        59,
        60,
        61,
        62,
        63,
        64,
        65,
        66,
        67,
        68,
        69,
        70,
        71,
        72,
        73,
        74,
        75,
        76,
        77,
        78,
        79,
        80,
        81,
        82,
        83,
        84,
        85,
        86,
        87,
        88,
        89,
        90,
        91,
        92,
        93,
        94,
        95,
        96,
        97,
        98,
        99
    ],
    "train_loss": [
        0.04101445525884628,
        0.02607928402721882,
        0.017031176015734673,
        0.019864704459905624,
        0.013892563059926033,
        0.011966081336140633,
        0.00896367896348238,
        0.00818816851824522,
        0.008043834939599037,
        0.00793513748794794,
        0.008157225325703621,
        0.008431615307927132,
        0.008502368815243244,
        0.009195477701723576,
        0.009707578457891941,
        0.010543029755353928,
        0.01097536738961935,
        0.01010958757251501,
        0.008539292961359024,
        0.007493605837225914,
        0.007639404386281967,
        0.00779928220435977,
        0.007623011711984873,
        0.007665570359677076,
        0.007915846072137356,
        0.007649117615073919,
        0.008251043036580086,
        0.008026879280805588,
        0.008182579651474953,
        0.007888673804700375,
        0.007699149660766125,
        0.007802054286003113,
        0.007570972666144371,
        0.007547558285295963,
        0.007623957935720682,
        0.007348951417952776,
        0.006957791745662689,
        0.007317085284739733,
        0.007320513017475605,
        0.007166600786149502,
        0.007069970481097698,
        0.007010947447270155,
        0.00711998762562871,
        0.007159549742937088,
        0.007325740065425634,
        0.007942112162709236,
        0.007516100071370602,
        0.00835378933697939,
        0.00816300231963396,
        0.00909937173128128,
        0.009174513630568981,
        0.009213654324412346,
        0.009078439325094223,
        0.009053261950612068,
        0.008993505500257015,
        0.008785063400864601,
        0.008219827897846699,
        0.007849345915019512,
        0.007694744970649481,
        0.007738980930298567,
        0.0076542990282177925,
        0.007531695067882538,
        0.007435069885104895,
        0.007373436354100704,
        0.00738933403044939,
        0.007300862111151218,
        0.0072030238807201385,
        0.007152422796934843,
        0.006934456527233124,
        0.006854660343378782,
        0.0068885148502886295,
        0.006767731159925461,
        0.00684761069715023,
        0.006900885608047247,
        0.00686974823474884,
        0.006869772914797068,
        0.00693107396364212,
        0.006942578591406345,
        0.006928125862032175,
        0.006819319445639849,
        0.006855705287307501,
        0.00687868706882,
        0.006889452692121267,
        0.006892344448715448,
        0.006888807751238346,
        0.006887382362037897,
        0.006887382362037897,
        0.006887382362037897,
        0.006887373980134726,
        0.006883982103317976,
        0.006870419252663851,
        0.006880176719278097,
        0.0068884557113051414,
        0.006926495116204023,
        0.0069536310620605946,
        0.006975401192903519,
        0.006942002102732658,
        0.006859137210994959,
        0.006920544896274805,
        0.0069167474284768105
    ]
}