{
    "epoch": [
        0,
        1,
        2,
        3,
        4,
        5,
        6,
        7,
        8,
        9,
        10,
        11,
        12,
        13,
        14,
        15,
        16,
        17,
        18,
        19,
        20,
        21,
        22,
        23,
        24,
        25,
        26,
        27,
        28,
        29,
        30,
        31,
        32,
        33,
        34,
        35,
        36,
        37,
        38,
        39,
        40,
        41,
        42,
        43,
        44,
        45,
        46,
        47,
        48,
        49,
        50,
        51,
        52,
        53,
        54,
        55,
        56,
        57,
        58,
        59,
        60,
        61,
        62,
        63,
        64,
        65,
        66,
        67,
        68,
        69,
        70,
        71,
        72,
        73,
        74,
        75,
        76,
        77,
        78,
        79,
        80,
        81,
        82,
        83,
        84,
        85,
        86,
        87,
        88,
        89,
        90,
        91,
        92,
        93,
        94,
        95,
        96,
        97,
        98,
        99
    ],
    "train_loss": [
        0.0247548446059227,
        0.015789935365319252,
        0.013383235782384872,
        0.010132884606719017,
        0.010270561091601849,
        0.011015782132744789,
        0.010601451620459557,
        0.01034752931445837,
        0.00961732491850853,
        0.009415660053491592,
        0.008893975056707859,
        0.008782044053077698,
        0.008618837222456932,
        0.00858344230800867,
        0.008570424281060696,
        0.008830222301185131,
        0.00879188533872366,
        0.00870897714048624,
        0.009064612910151482,
        0.009202892892062664,
        0.009296140633523464,
        0.009501241147518158,
        0.009489028714597225,
        0.009587387554347515,
        0.009898851625621319,
        0.009963564574718475,
        0.010046538896858692,
        0.010206199251115322,
        0.010275056585669518,
        0.0097594503313303,
        0.008852990344166756,
        0.008687547408044338,
        0.008672098629176617,
        0.008770042099058628,
        0.008891071192920208,
        0.00865165889263153,
        0.008495179004967213,
        0.008401228114962578,
        0.008370497263967991,
        0.008536751382052898,
        0.008737568743526936,
        0.008791491389274597,
        0.008350309915840626,
        0.0082704434171319,
        0.00836379174143076,
        0.008438196033239365,
        0.008368837647140026,
        0.008347299881279469,
        0.008423905819654465,
        0.008518366143107414,
        0.008570708334445953,
        0.008575929328799248,
        0.008416681550443172,
        0.008230538107454777,
        0.008208213374018669,
        0.008158156648278236,
        0.008079517632722855,
        0.007943023927509785,
        0.007955300621688366,
        0.007854570634663105,
        0.007742301560938358,
        0.007704844232648611,
        0.0076649547554552555,
        0.007638662122189999,
        0.007694480940699577,
        0.007777812425047159,
        0.007853568531572819,
        0.007939151488244534,
        0.007925499230623245,
        0.007792241871356964,
        0.007667094469070435,
        0.0076155574060976505,
        0.007589579559862614,
        0.007643938064575195,
        0.007762440014630556,
        0.007819815538823605,
        0.00795789621770382,
        0.007907526567578316,
        0.007997066713869572,
        0.008244352415204048,
        0.008387431502342224,
        0.0086367167532444,
        0.009181339293718338,
        0.00968228280544281,
        0.010221045464277267,
        0.010523013770580292,
        0.010748079977929592,
        0.010908810421824455,
        0.010779013857245445,
        0.010860619135200977,
        0.010949517600238323,
        0.01099301502108574,
        0.010927163995802402,
        0.010808725841343403,
        0.010688846930861473,
        0.010462452657520771,
        0.010333827696740627,
        0.010178323835134506,
        0.010131433606147766,
        0.010218676179647446
    ]
}