{
    "epoch": [
        0,
        1,
        2,
        3,
        4,
        5,
        6,
        7,
        8,
        9,
        10,
        11,
        12,
        13,
        14,
        15,
        16,
        17,
        18,
        19,
        20,
        21,
        22,
        23,
        24,
        25,
        26,
        27,
        28,
        29,
        30,
        31,
        32,
        33,
        34,
        35,
        36,
        37,
        38,
        39,
        40,
        41,
        42,
        43,
        44,
        45,
        46,
        47,
        48,
        49,
        50,
        51,
        52,
        53,
        54,
        55,
        56,
        57,
        58,
        59,
        60,
        61,
        62,
        63,
        64,
        65,
        66,
        67,
        68,
        69,
        70,
        71,
        72,
        73,
        74,
        75,
        76,
        77,
        78,
        79,
        80,
        81,
        82,
        83,
        84,
        85,
        86,
        87,
        88,
        89,
        90,
        91,
        92,
        93,
        94,
        95,
        96,
        97,
        98,
        99
    ],
    "train_loss": [
        0.1647007316350937,
        0.08590202778577805,
        0.047834042459726334,
        0.03455444797873497,
        0.02725774049758911,
        0.06342016905546188,
        0.04820447787642479,
        0.031668521463871,
        0.02381967566907406,
        0.019065406173467636,
        0.01988007314503193,
        0.014987113885581493,
        0.015602990984916687,
        0.014737171120941639,
        0.015209977515041828,
        0.013736390508711338,
        0.011702467687427998,
        0.014396682381629944,
        0.015608091838657856,
        0.013793147169053555,
        0.014982604421675205,
        0.015078973956406116,
        0.015895316377282143,
        0.014800743199884892,
        0.014379873871803284,
        0.015243873000144958,
        0.013899900950491428,
        0.013067279942333698,
        0.013969000428915024,
        0.015345255844295025,
        0.014181691221892834,
        0.013361223973333836,
        0.013460666872560978,
        0.013872914016246796,
        0.013843935914337635,
        0.013838001526892185,
        0.014287442900240421,
        0.014239076524972916,
        0.013530745171010494,
        0.01295912079513073,
        0.013087506406009197,
        0.012752094306051731,
        0.012093686498701572,
        0.011964290402829647,
        0.011966930702328682,
        0.011622396297752857,
        0.01108334120362997,
        0.01072921883314848,
        0.010727353394031525,
        0.010303059592843056,
        0.010123606771230698,
        0.009814455173909664,
        0.009941822849214077,
        0.010128441266715527,
        0.009729834273457527,
        0.009821534156799316,
        0.009902216494083405,
        0.009959745220839977,
        0.009644406847655773,
        0.00998372957110405,
        0.010502222925424576,
        0.01051294431090355,
        0.010513056069612503,
        0.01090151909738779,
        0.010708313435316086,
        0.010530645027756691,
        0.011030406691133976,
        0.01093556359410286,
        0.010713557712733746,
        0.010352294892072678,
        0.010617274791002274,
        0.01075231097638607,
        0.010453138500452042,
        0.010194841772317886,
        0.010356372222304344,
        0.010645496658980846,
        0.010348363779485226,
        0.009877119213342667,
        0.009851186536252499,
        0.010087837465107441,
        0.010258538648486137,
        0.010366739705204964,
        0.010489051230251789,
        0.010091929696500301,
        0.010203142650425434,
        0.009816452860832214,
        0.00937059335410595,
        0.009088949300348759,
        0.009090223349630833,
        0.008819331414997578,
        0.008820298127830029,
        0.00893442053347826,
        0.00882945116609335,
        0.008863631635904312,
        0.009145827032625675,
        0.009013421833515167,
        0.008832992985844612,
        0.008798153139650822,
        0.008875350467860699,
        0.009548923932015896
    ]
}