{
    "epoch": [
        0,
        1,
        2,
        3,
        4,
        5,
        6,
        7,
        8,
        9,
        10,
        11,
        12,
        13,
        14,
        15,
        16,
        17,
        18,
        19,
        20,
        21,
        22,
        23,
        24,
        25,
        26,
        27,
        28,
        29,
        30,
        31,
        32,
        33,
        34,
        35,
        36,
        37,
        38,
        39,
        40,
        41,
        42,
        43,
        44,
        45,
        46,
        47,
        48,
        49,
        50,
        51,
        52,
        53,
        54,
        55,
        56,
        57,
        58,
        59,
        60,
        61,
        62,
        63,
        64,
        65,
        66,
        67,
        68,
        69,
        70,
        71,
        72,
        73,
        74,
        75,
        76,
        77,
        78,
        79,
        80,
        81,
        82,
        83,
        84,
        85,
        86,
        87,
        88,
        89,
        90,
        91,
        92,
        93,
        94,
        95,
        96,
        97,
        98,
        99
    ],
    "train_loss": [
        0.016241226345300674,
        0.01313659269362688,
        0.010815730318427086,
        0.012646405026316643,
        0.015794403851032257,
        0.010104749351739883,
        0.007560600992292166,
        0.0070464094169437885,
        0.006240738555788994,
        0.006681273691356182,
        0.005960261914879084,
        0.0064628547988832,
        0.006532932166010141,
        0.007149969693273306,
        0.00698023522272706,
        0.007435518782585859,
        0.007839731872081757,
        0.008852840401232243,
        0.011678483337163925,
        0.013640934601426125,
        0.014151659794151783,
        0.014682778157293797,
        0.01539413258433342,
        0.015881666913628578,
        0.015413017012178898,
        0.015859579667448997,
        0.015860987827181816,
        0.015430944040417671,
        0.015838265419006348,
        0.016061678528785706,
        0.01703529991209507,
        0.017100801691412926,
        0.017053592950105667,
        0.016589906066656113,
        0.016304083168506622,
        0.016437172889709473,
        0.01664169318974018,
        0.016649527475237846,
        0.01655014231801033,
        0.016287827864289284,
        0.016406316310167313,
        0.015953464433550835,
        0.01553756557404995,
        0.015540379099547863,
        0.0153975123539567,
        0.015013027936220169,
        0.015019913204014301,
        0.015050717629492283,
        0.014900561422109604,
        0.014665408059954643,
        0.01465023122727871,
        0.01447981409728527,
        0.01440275739878416,
        0.014382537454366684,
        0.01442206371575594,
        0.014416349120438099,
        0.014614456333220005,
        0.01461602933704853,
        0.014601919800043106,
        0.01510642934590578,
        0.014874744229018688,
        0.015271923504769802,
        0.014992441050708294,
        0.01501686405390501,
        0.015277375467121601,
        0.014628882519900799,
        0.014975598081946373,
        0.015282629057765007,
        0.015257014892995358,
        0.015680590644478798,
        0.014773360453546047,
        0.014849587343633175,
        0.014537095092236996,
        0.014152135699987411,
        0.014030047692358494,
        0.013708969578146935,
        0.013511835597455502,
        0.013374877162277699,
        0.013512502424418926,
        0.013480521738529205,
        0.013585289008915424,
        0.013647465035319328,
        0.013647612184286118,
        0.013649022206664085,
        0.013638346455991268,
        0.013619457371532917,
        0.013651816174387932,
        0.013655686751008034,
        0.013636169955134392,
        0.013649224303662777,
        0.013645853847265244,
        0.013647167943418026,
        0.013667973689734936,
        0.013679029420018196,
        0.013722029514610767,
        0.013750183396041393,
        0.013777293264865875,
        0.01386907510459423,
        0.013962702825665474,
        0.013970248401165009
    ]
}