{
    "epoch": [
        0,
        1,
        2,
        3,
        4,
        5,
        6,
        7,
        8,
        9,
        10,
        11,
        12,
        13,
        14,
        15,
        16,
        17,
        18,
        19,
        20,
        21,
        22,
        23,
        24,
        25,
        26,
        27,
        28,
        29,
        30,
        31,
        32,
        33,
        34,
        35,
        36,
        37,
        38,
        39,
        40,
        41,
        42,
        43,
        44,
        45,
        46,
        47,
        48,
        49,
        50,
        51,
        52,
        53,
        54,
        55,
        56,
        57,
        58,
        59,
        60,
        61,
        62,
        63,
        64,
        65,
        66,
        67,
        68,
        69,
        70,
        71,
        72,
        73,
        74,
        75,
        76,
        77,
        78,
        79,
        80,
        81,
        82,
        83,
        84,
        85,
        86,
        87,
        88,
        89,
        90,
        91,
        92,
        93,
        94,
        95,
        96,
        97,
        98,
        99
    ],
    "train_loss": [
        0.020797325298190117,
        0.017315953969955444,
        0.008545360527932644,
        0.00862131081521511,
        0.008173181675374508,
        0.008031222969293594,
        0.007739982567727566,
        0.0075990366749465466,
        0.007720272056758404,
        0.007261274848133326,
        0.007522425148636103,
        0.008356889709830284,
        0.008918757550418377,
        0.010154709219932556,
        0.010640310123562813,
        0.013175339438021183,
        0.012080173939466476,
        0.011272886767983437,
        0.010800279676914215,
        0.010439305566251278,
        0.008999805897474289,
        0.00751724187284708,
        0.007258316967636347,
        0.006641853135079145,
        0.006544182542711496,
        0.006366122514009476,
        0.006008804310113192,
        0.005901619791984558,
        0.0057214973494410515,
        0.0056059896014630795,
        0.005538767669349909,
        0.005473412107676268,
        0.005402118433266878,
        0.005281631834805012,
        0.005197780206799507,
        0.005136142950505018,
        0.004920404404401779,
        0.004831681959331036,
        0.004652197472751141,
        0.004457214381545782,
        0.004389001987874508,
        0.00432736286893487,
        0.004301998298615217,
        0.004251851234585047,
        0.004168422892689705,
        0.004227882716804743,
        0.0042641120962798595,
        0.0042403219267725945,
        0.0043134852312505245,
        0.004344723653048277,
        0.004427019041031599,
        0.004442417062819004,
        0.004327891860157251,
        0.004300107713788748,
        0.004215527325868607,
        0.004192323889583349,
        0.004125246778130531,
        0.00409978860989213,
        0.0041164010763168335,
        0.0041267042979598045,
        0.004087506793439388,
        0.004113557282835245,
        0.004157364368438721,
        0.004141910467296839,
        0.004205912817269564,
        0.0042691826820373535,
        0.004278713837265968,
        0.004305677488446236,
        0.004298349842429161,
        0.004214957356452942,
        0.0042211804538965225,
        0.0042298403568565845,
        0.004178730770945549,
        0.0041581098921597,
        0.004190062638372183,
        0.004215450491756201,
        0.004194418899714947,
        0.004184478893876076,
        0.0042008948512375355,
        0.0042097484692931175,
        0.0042093717493116856,
        0.004172950983047485,
        0.004130905959755182,
        0.004082565661519766,
        0.004048634320497513,
        0.0039811041206121445,
        0.00392526900395751,
        0.003917672671377659,
        0.0038956485223025084,
        0.003869818989187479,
        0.00388894765637815,
        0.0038534984923899174,
        0.0038082245737314224,
        0.00381945027038455,
        0.003716476494446397,
        0.0036852722987532616,
        0.003640758339315653,
        0.0036224492359906435,
        0.0036148515064269304,
        0.003629565006121993
    ]
}