{
    "epoch": [
        0,
        1,
        2,
        3,
        4,
        5,
        6,
        7,
        8,
        9,
        10,
        11,
        12,
        13,
        14,
        15,
        16,
        17,
        18,
        19,
        20,
        21,
        22,
        23,
        24,
        25,
        26,
        27,
        28,
        29,
        30,
        31,
        32,
        33,
        34,
        35,
        36,
        37,
        38,
        39,
        40,
        41,
        42,
        43,
        44,
        45,
        46,
        47,
        48,
        49,
        50,
        51,
        52,
        53,
        54,
        55,
        56,
        57,
        58,
        59,
        60,
        61,
        62,
        63,
        64,
        65,
        66,
        67,
        68,
        69,
        70,
        71,
        72,
        73,
        74,
        75,
        76,
        77,
        78,
        79,
        80,
        81,
        82,
        83,
        84,
        85,
        86,
        87,
        88,
        89,
        90,
        91,
        92,
        93,
        94,
        95,
        96,
        97,
        98,
        99
    ],
    "train_loss": [
        0.047527119517326355,
        0.021005602553486824,
        0.014765632338821888,
        0.017390623688697815,
        0.013148286379873753,
        0.013167641125619411,
        0.01170702837407589,
        0.011176370084285736,
        0.010246691294014454,
        0.008968555368483067,
        0.0087039265781641,
        0.008785482496023178,
        0.008890168741345406,
        0.008863505907356739,
        0.008808291517198086,
        0.009048418141901493,
        0.010356082580983639,
        0.011311977170407772,
        0.012308677658438683,
        0.01456401590257883,
        0.01218444388359785,
        0.009791227988898754,
        0.008939405903220177,
        0.008523811586201191,
        0.008350932039320469,
        0.008259271271526814,
        0.00811148714274168,
        0.008103967644274235,
        0.008182859979569912,
        0.008173217065632343,
        0.008130313828587532,
        0.008067486807703972,
        0.00822367612272501,
        0.0081533994525671,
        0.008111841045320034,
        0.008106168359518051,
        0.007891080342233181,
        0.007807817775756121,
        0.007649205159395933,
        0.007359638344496489,
        0.0071683041751384735,
        0.00704014440998435,
        0.006956079509109259,
        0.006887754425406456,
        0.006870162673294544,
        0.006845556199550629,
        0.006788913626223803,
        0.006630680523812771,
        0.0066766818054020405,
        0.006575923878699541,
        0.006537553388625383,
        0.006442342884838581,
        0.006391396280378103,
        0.006340241525322199,
        0.00631364993751049,
        0.006270735990256071,
        0.00625584926456213,
        0.0062349708750844,
        0.006207560654729605,
        0.0061773923225700855,
        0.006162147503346205,
        0.006149980239570141,
        0.006132493261247873,
        0.006156382616609335,
        0.006180825177580118,
        0.006160576827824116,
        0.006128623615950346,
        0.006076539866626263,
        0.006058772560209036,
        0.006040456239134073,
        0.005957562942057848,
        0.005854166112840176,
        0.005814371630549431,
        0.0057508861646056175,
        0.005735849030315876,
        0.005730460397899151,
        0.005706141237169504,
        0.005679229274392128,
        0.0056335944682359695,
        0.005626697558909655,
        0.005630156956613064,
        0.005613114219158888,
        0.005598604679107666,
        0.005581464618444443,
        0.005550382658839226,
        0.0055262744426727295,
        0.005522627849131823,
        0.005508349742740393,
        0.0054798973724246025,
        0.005442753899842501,
        0.005422721151262522,
        0.005370485596358776,
        0.005322460550814867,
        0.005262117367237806,
        0.00519193708896637,
        0.005134222563356161,
        0.005093565676361322,
        0.005041856784373522,
        0.005038119852542877,
        0.0050115385092794895
    ]
}