{
    "epoch": [
        0,
        1,
        2,
        3,
        4,
        5,
        6,
        7,
        8,
        9,
        10,
        11,
        12,
        13,
        14,
        15,
        16,
        17,
        18,
        19,
        20,
        21,
        22,
        23,
        24,
        25,
        26,
        27,
        28,
        29,
        30,
        31,
        32,
        33,
        34,
        35,
        36,
        37,
        38,
        39,
        40,
        41,
        42,
        43,
        44,
        45,
        46,
        47,
        48,
        49,
        50,
        51,
        52,
        53,
        54,
        55,
        56,
        57,
        58,
        59,
        60,
        61,
        62,
        63,
        64,
        65,
        66,
        67,
        68,
        69,
        70,
        71,
        72,
        73,
        74,
        75,
        76,
        77,
        78,
        79,
        80,
        81,
        82,
        83,
        84,
        85,
        86,
        87,
        88,
        89,
        90,
        91,
        92,
        93,
        94,
        95,
        96,
        97,
        98,
        99
    ],
    "train_loss": [
        0.02521110139787197,
        0.009814484044909477,
        0.008964451029896736,
        0.009295396506786346,
        0.009632649831473827,
        0.009700680151581764,
        0.009156973101198673,
        0.00899466872215271,
        0.009268896654248238,
        0.008811930194497108,
        0.0088493125513196,
        0.009260878898203373,
        0.009399966336786747,
        0.01042230799794197,
        0.011496747843921185,
        0.012869015336036682,
        0.011295255273580551,
        0.010996914468705654,
        0.010605511255562305,
        0.010027126409113407,
        0.009927667677402496,
        0.009922515600919724,
        0.009480693377554417,
        0.009421613067388535,
        0.00941936019808054,
        0.009250018745660782,
        0.00908875185996294,
        0.009348856285214424,
        0.009448998607695103,
        0.009378577582538128,
        0.009362267330288887,
        0.009197227656841278,
        0.009004751220345497,
        0.008943256922066212,
        0.008925302885472775,
        0.008874502032995224,
        0.008936649188399315,
        0.00889891292899847,
        0.009044728241860867,
        0.009002257138490677,
        0.009199085645377636,
        0.009116188623011112,
        0.009023308753967285,
        0.009027235209941864,
        0.009058577939867973,
        0.009033548645675182,
        0.009010456502437592,
        0.0090404711663723,
        0.009000632911920547,
        0.008976592682301998,
        0.009012582711875439,
        0.009048951789736748,
        0.009034814313054085,
        0.009044024161994457,
        0.009043102152645588,
        0.009026474319398403,
        0.00900923553854227,
        0.008974871598184109,
        0.008939932100474834,
        0.00893570389598608,
        0.00893760658800602,
        0.008950897492468357,
        0.008989924564957619,
        0.00905050989240408,
        0.009071831591427326,
        0.009035618044435978,
        0.009105397388339043,
        0.009140366688370705,
        0.00933485571295023,
        0.009520778432488441,
        0.009500045329332352,
        0.009499010629951954,
        0.009675031527876854,
        0.009802120737731457,
        0.009910027496516705,
        0.010162531398236752,
        0.010607815347611904,
        0.011136993765830994,
        0.0113989794626832,
        0.012533347122371197,
        0.013322331011295319,
        0.014452392235398293,
        0.01540779136121273,
        0.016516994684934616,
        0.016754258424043655,
        0.016860410571098328,
        0.015949556604027748,
        0.01495001558214426,
        0.014358430169522762,
        0.01358637586236,
        0.013109146617352962,
        0.012743223458528519,
        0.012563830241560936,
        0.01253899559378624,
        0.012362494133412838,
        0.012197759002447128,
        0.012086452916264534,
        0.012028686702251434,
        0.011938937939703465,
        0.01185411773622036
    ]
}