{
    "epoch": [
        0,
        1,
        2,
        3,
        4,
        5,
        6,
        7,
        8,
        9,
        10,
        11,
        12,
        13,
        14,
        15,
        16,
        17,
        18,
        19,
        20,
        21,
        22,
        23,
        24,
        25,
        26,
        27,
        28,
        29,
        30,
        31,
        32,
        33,
        34,
        35,
        36,
        37,
        38,
        39,
        40,
        41,
        42,
        43,
        44,
        45,
        46,
        47,
        48,
        49,
        50,
        51,
        52,
        53,
        54,
        55,
        56,
        57,
        58,
        59,
        60,
        61,
        62,
        63,
        64,
        65,
        66,
        67,
        68,
        69,
        70,
        71,
        72,
        73,
        74,
        75,
        76,
        77,
        78,
        79,
        80,
        81,
        82,
        83,
        84,
        85,
        86,
        87,
        88,
        89,
        90,
        91,
        92,
        93,
        94,
        95,
        96,
        97,
        98,
        99
    ],
    "train_loss": [
        0.02241693250834942,
        0.019934937357902527,
        0.007146642077714205,
        0.009609161876142025,
        0.004262653179466724,
        0.005777334328740835,
        0.004690652247518301,
        0.004990021698176861,
        0.004628158174455166,
        0.004137023817747831,
        0.0038768709637224674,
        0.0036668095272034407,
        0.0037344289012253284,
        0.004230184480547905,
        0.006206887774169445,
        0.005582804791629314,
        0.006605828646570444,
        0.006015730556100607,
        0.005392109043896198,
        0.007709318306297064,
        0.00837663933634758,
        0.00861834641546011,
        0.008766641840338707,
        0.00871949177235365,
        0.00862390547990799,
        0.008834869600832462,
        0.008999657817184925,
        0.008856082335114479,
        0.008932868018746376,
        0.009084594435989857,
        0.00869238656014204,
        0.008636614307761192,
        0.008755083195865154,
        0.00886404700577259,
        0.008681545034050941,
        0.008743731305003166,
        0.008800617419183254,
        0.008706177584826946,
        0.008787794038653374,
        0.009198416955769062,
        0.009257725439965725,
        0.009392167441546917,
        0.009808080270886421,
        0.010036221705377102,
        0.010411516763269901,
        0.010510124266147614,
        0.010651437565684319,
        0.01089382916688919,
        0.01120130904018879,
        0.011462651193141937,
        0.011531380005180836,
        0.01156491320580244,
        0.01168131735175848,
        0.011331289075314999,
        0.011189736425876617,
        0.010772591456770897,
        0.009887319058179855,
        0.009443044662475586,
        0.009095760993659496,
        0.008944256231188774,
        0.008475867100059986,
        0.008334408514201641,
        0.008234209381043911,
        0.00823141634464264,
        0.008229951374232769,
        0.008197239600121975,
        0.008192995563149452,
        0.00817024614661932,
        0.008134703151881695,
        0.008084351196885109,
        0.00803646631538868,
        0.007848081178963184,
        0.007734781596809626,
        0.007687070872634649,
        0.007617871277034283,
        0.0075696129351854324,
        0.007528245914727449,
        0.007503977976739407,
        0.0074340603314340115,
        0.007362108211964369,
        0.007306222338229418,
        0.007253420539200306,
        0.007204585708677769,
        0.007146033458411694,
        0.0070837875828146935,
        0.0069565842859447,
        0.00680511211976409,
        0.006689139176160097,
        0.006550695281475782,
        0.00631230091676116,
        0.0059740119613707066,
        0.005757520440965891,
        0.005429343786090612,
        0.00499942759051919,
        0.004587654955685139,
        0.004361224360764027,
        0.004004132468253374,
        0.003854593029245734,
        0.003767607267946005,
        0.0036429655738174915
    ]
}