{
    "epoch": [
        0,
        1,
        2,
        3,
        4,
        5,
        6,
        7,
        8,
        9,
        10,
        11,
        12,
        13,
        14,
        15,
        16,
        17,
        18,
        19,
        20,
        21,
        22,
        23,
        24,
        25,
        26,
        27,
        28,
        29,
        30,
        31,
        32,
        33,
        34,
        35,
        36,
        37,
        38,
        39,
        40,
        41,
        42,
        43,
        44,
        45,
        46,
        47,
        48,
        49,
        50,
        51,
        52,
        53,
        54,
        55,
        56,
        57,
        58,
        59,
        60,
        61,
        62,
        63,
        64,
        65,
        66,
        67,
        68,
        69,
        70,
        71,
        72,
        73,
        74,
        75,
        76,
        77,
        78,
        79,
        80,
        81,
        82,
        83,
        84,
        85,
        86,
        87,
        88,
        89,
        90,
        91,
        92,
        93,
        94,
        95,
        96,
        97,
        98,
        99
    ],
    "train_loss": [
        0.02427278459072113,
        0.007139923982322216,
        0.007850944064557552,
        0.008859315887093544,
        0.007815091870725155,
        0.012686346657574177,
        0.010554217733442783,
        0.00952900294214487,
        0.008026276715099812,
        0.01029179710894823,
        0.009806213900446892,
        0.008684361353516579,
        0.009256641380488873,
        0.0084190983325243,
        0.008236908353865147,
        0.008407090790569782,
        0.00861204694956541,
        0.008678922429680824,
        0.008777603507041931,
        0.008826708421111107,
        0.008892349898815155,
        0.008795203641057014,
        0.008488018997013569,
        0.008353451266884804,
        0.008483347482979298,
        0.008563106879591942,
        0.008284201845526695,
        0.008109096437692642,
        0.008070280775427818,
        0.008009446784853935,
        0.008006855845451355,
        0.007877431809902191,
        0.007947579957544804,
        0.008067423477768898,
        0.008242529816925526,
        0.00857090950012207,
        0.008522558026015759,
        0.008294391445815563,
        0.008067849092185497,
        0.00784201081842184,
        0.007958265952765942,
        0.007902398705482483,
        0.007677896413952112,
        0.007594936061650515,
        0.007603445090353489,
        0.007605002727359533,
        0.007577596232295036,
        0.007608928717672825,
        0.007513850461691618,
        0.007481916807591915,
        0.007440293673425913,
        0.007313336245715618,
        0.007105904631316662,
        0.007035514339804649,
        0.0069422852247953415,
        0.006899601314216852,
        0.006844731979072094,
        0.006816692650318146,
        0.006804067641496658,
        0.006766872014850378,
        0.0067648147232830524,
        0.006684226915240288,
        0.006578316446393728,
        0.0063404799439013,
        0.0062186578288674355,
        0.006121219135820866,
        0.006076660007238388,
        0.00605251919478178,
        0.006028778851032257,
        0.0059565771371126175,
        0.005957446061074734,
        0.00595191540196538,
        0.005927507299929857,
        0.00593049731105566,
        0.005918992217630148,
        0.005915316753089428,
        0.005907322745770216,
        0.005858149845153093,
        0.005816433113068342,
        0.005751593504101038,
        0.005724885035306215,
        0.005697503685951233,
        0.00566518772393465,
        0.005648732651025057,
        0.005633690860122442,
        0.0056195249781012535,
        0.00560676259920001,
        0.005597718060016632,
        0.0056011974811553955,
        0.0056010400876402855,
        0.00560066057369113,
        0.005599723197519779,
        0.005591566674411297,
        0.00558812078088522,
        0.0055885324254632,
        0.005590023472905159,
        0.005599050782620907,
        0.005601768381893635,
        0.005599034950137138,
        0.005583369173109531
    ]
}