{
    "epoch": [
        0,
        1,
        2,
        3,
        4,
        5,
        6,
        7,
        8,
        9,
        10,
        11,
        12,
        13,
        14,
        15,
        16,
        17,
        18,
        19,
        20,
        21,
        22,
        23,
        24,
        25,
        26,
        27,
        28,
        29,
        30,
        31,
        32,
        33,
        34,
        35,
        36,
        37,
        38,
        39,
        40,
        41,
        42,
        43,
        44,
        45,
        46,
        47,
        48,
        49,
        50,
        51,
        52,
        53,
        54,
        55,
        56,
        57,
        58,
        59,
        60,
        61,
        62,
        63,
        64,
        65,
        66,
        67,
        68,
        69,
        70,
        71,
        72,
        73,
        74,
        75,
        76,
        77,
        78,
        79,
        80,
        81,
        82,
        83,
        84,
        85,
        86,
        87,
        88,
        89,
        90,
        91,
        92,
        93,
        94,
        95,
        96,
        97,
        98,
        99
    ],
    "train_loss": [
        0.5376849174499512,
        0.26012367010116577,
        0.20255187153816223,
        0.1605827957391739,
        0.13400469720363617,
        0.1665600687265396,
        0.10938232392072678,
        0.07592477649450302,
        0.057453300803899765,
        0.033557597547769547,
        0.018903682008385658,
        0.01721760630607605,
        0.012911681085824966,
        0.018298491835594177,
        0.010566114448010921,
        0.01322429534047842,
        0.007944214157760143,
        0.0074585373513400555,
        0.007038835436105728,
        0.011908668093383312,
        0.008419837802648544,
        0.008955197408795357,
        0.012119468301534653,
        0.006616482511162758,
        0.00589556572958827,
        0.005807379726320505,
        0.005881644785404205,
        0.005925101228058338,
        0.005912004970014095,
        0.005766906775534153,
        0.005657533183693886,
        0.005363773088902235,
        0.005271755624562502,
        0.005724797956645489,
        0.0052959248423576355,
        0.005301273427903652,
        0.006844118237495422,
        0.004330056253820658,
        0.003626608056947589,
        0.0035146966110914946,
        0.0038964927662163973,
        0.0037853980902582407,
        0.0034124308731406927,
        0.004082861356437206,
        0.0034403435420244932,
        0.0030117689166218042,
        0.0027473000809550285,
        0.0027544100303202868,
        0.0026593960355967283,
        0.002640554215759039,
        0.0026462336536496878,
        0.002557094907388091,
        0.0029113308992236853,
        0.0030075358226895332,
        0.0027848880272358656,
        0.0030454027000814676,
        0.003345239209011197,
        0.0029909638687968254,
        0.002669919515028596,
        0.0025268327444791794,
        0.002466656267642975,
        0.0025944369845092297,
        0.0025688796304166317,
        0.0025076207239180803,
        0.002386684762313962,
        0.0024279546923935413,
        0.0027577956207096577,
        0.003043190576136112,
        0.0029173691291362047,
        0.0028540967032313347,
        0.00268891011364758,
        0.0026371637359261513,
        0.0025771965738385916,
        0.002490005688741803,
        0.0024571132380515337,
        0.0024015733506530523,
        0.0024112253449857235,
        0.0024240349885076284,
        0.0024539753794670105,
        0.002499348483979702,
        0.002564213005825877,
        0.002676834585145116,
        0.002816912019625306,
        0.0030508830677717924,
        0.0028960665222257376,
        0.0029242397285997868,
        0.002889564959332347,
        0.002875682432204485,
        0.0027424541767686605,
        0.002722651232033968,
        0.002722651232033968,
        0.002722651232033968,
        0.002722651232033968,
        0.0027226514648646116,
        0.0027226493693888187,
        0.0027198814786970615,
        0.002735193818807602,
        0.0027381402906030416,
        0.0026033755857497454,
        0.002525102347135544
    ]
}