{
    "epoch": [
        0,
        1,
        2,
        3,
        4,
        5,
        6,
        7,
        8,
        9,
        10,
        11,
        12,
        13,
        14,
        15,
        16,
        17,
        18,
        19,
        20,
        21,
        22,
        23,
        24,
        25,
        26,
        27,
        28,
        29,
        30,
        31,
        32,
        33,
        34,
        35,
        36,
        37,
        38,
        39,
        40,
        41,
        42,
        43,
        44,
        45,
        46,
        47,
        48,
        49,
        50,
        51,
        52,
        53,
        54,
        55,
        56,
        57,
        58,
        59,
        60,
        61,
        62,
        63,
        64,
        65,
        66,
        67,
        68,
        69,
        70,
        71,
        72,
        73,
        74,
        75,
        76,
        77,
        78,
        79,
        80,
        81,
        82,
        83,
        84,
        85,
        86,
        87,
        88,
        89,
        90,
        91,
        92,
        93,
        94,
        95,
        96,
        97,
        98,
        99
    ],
    "train_loss": [
        0.04294626787304878,
        0.012968815863132477,
        0.0182095505297184,
        0.015135417692363262,
        0.009907489642500877,
        0.010361735709011555,
        0.010924936272203922,
        0.008220125921070576,
        0.00918994378298521,
        0.010063966736197472,
        0.008896874263882637,
        0.007026486098766327,
        0.007336375303566456,
        0.008824530988931656,
        0.006749632768332958,
        0.005819185636937618,
        0.006112359464168549,
        0.006465429440140724,
        0.005179333034902811,
        0.005558093078434467,
        0.006835035514086485,
        0.006270608399063349,
        0.0064879171550273895,
        0.006435415707528591,
        0.006379494909197092,
        0.005789236165583134,
        0.005639581475406885,
        0.005838488694280386,
        0.005894696805626154,
        0.005664772819727659,
        0.005857414100319147,
        0.005913735367357731,
        0.005465318448841572,
        0.005788526032119989,
        0.006710967514663935,
        0.008638287894427776,
        0.007417967543005943,
        0.006080926395952702,
        0.006129853893071413,
        0.00639939634129405,
        0.007072060834616423,
        0.006142191123217344,
        0.0056891185231506824,
        0.005537917371839285,
        0.006224052980542183,
        0.0075856889598071575,
        0.007157290354371071,
        0.006746645551174879,
        0.006938893813639879,
        0.00615787273272872,
        0.00622709421440959,
        0.005974696949124336,
        0.005553747061640024,
        0.005725422408431768,
        0.005456471350044012,
        0.005288162734359503,
        0.004994313232600689,
        0.0049437908455729485,
        0.005256465636193752,
        0.005824234336614609,
        0.006369263399392366,
        0.007075571920722723,
        0.007533113472163677,
        0.007843534462153912,
        0.008066557347774506,
        0.008678003214299679,
        0.007973522879183292,
        0.008062977343797684,
        0.008325431495904922,
        0.007946887984871864,
        0.00742189958691597,
        0.006935914047062397,
        0.006381410639733076,
        0.0061311605386435986,
        0.006399786099791527,
        0.006147847045212984,
        0.006184485275298357,
        0.005891159176826477,
        0.005883417557924986,
        0.005820764694362879,
        0.006317511200904846,
        0.005820367019623518,
        0.005322128534317017,
        0.006244816351681948,
        0.006315145641565323,
        0.00579966651275754,
        0.005282590165734291,
        0.0054037803784012794,
        0.00556279206648469,
        0.005626611411571503,
        0.005513057112693787,
        0.005555463023483753,
        0.005329007748514414,
        0.0055056288838386536,
        0.005332264117896557,
        0.005782040301710367,
        0.005610706750303507,
        0.005597136449068785,
        0.005497237201780081,
        0.005862975027412176
    ]
}