{
    "timestamp": "20250113_221203",
    "method": "ols",
    "configuration": {
        "m": 1.0,
        "c": 0.1,
        "k": 5.0,
        "force_type": "sine",
        "amplitude": 1.0,
        "freq": 1.0,
        "random_seed": 42,
        "x0": 0.0,
        "v0": 0.0,
        "t_max": 10.0,
        "dt": 0.02,
        "noise_std": 0.05
    },
    "true_parameters": [
        1.0,
        0.1,
        5.0
    ],
    "estimated_parameters": [
        1.0000000219680512,
        0.09999959593567877,
        4.999992790282411
    ],
    "parameter_errors": [
        2.1968051155951684e-06,
        0.0004040643212382955,
        0.00014419435178325557
    ],
    "force_rmse": 1.16529895518185e-08,
    "optimization_info": {
        "success": true,
        "message": "Optimization completed successfully",
        "final_func_value": 6.803187491289034e-14,
        "n_iter": 10
    }
}