{
    "epoch": [
        0,
        1,
        2,
        3,
        4,
        5,
        6,
        7,
        8,
        9,
        10,
        11,
        12,
        13,
        14,
        15,
        16,
        17,
        18,
        19,
        20,
        21,
        22,
        23,
        24,
        25,
        26,
        27,
        28,
        29,
        30,
        31,
        32,
        33,
        34,
        35,
        36,
        37,
        38,
        39,
        40,
        41,
        42,
        43,
        44,
        45,
        46,
        47,
        48,
        49,
        50,
        51,
        52,
        53,
        54,
        55,
        56,
        57,
        58,
        59,
        60,
        61,
        62,
        63,
        64,
        65,
        66,
        67,
        68,
        69,
        70,
        71,
        72,
        73,
        74,
        75,
        76,
        77,
        78,
        79,
        80,
        81,
        82,
        83,
        84,
        85,
        86,
        87,
        88,
        89,
        90,
        91,
        92,
        93,
        94,
        95,
        96,
        97,
        98,
        99
    ],
    "train_loss": [
        0.0336170457303524,
        0.019077086821198463,
        0.015965351834893227,
        0.014552806504070759,
        0.013593999668955803,
        0.015905223786830902,
        0.013168144039809704,
        0.011118208989501,
        0.011192014440894127,
        0.01063065230846405,
        0.010592496953904629,
        0.009576418437063694,
        0.008164367638528347,
        0.008339338935911655,
        0.0094217574223876,
        0.008845915086567402,
        0.009603837504982948,
        0.009286182932555676,
        0.009108892641961575,
        0.008956091478466988,
        0.009950557723641396,
        0.010778049938380718,
        0.009665173478424549,
        0.009272819384932518,
        0.008804396726191044,
        0.008104522712528706,
        0.007736047264188528,
        0.007728874683380127,
        0.007939721457660198,
        0.00760580413043499,
        0.007624701596796513,
        0.007684162352234125,
        0.007645581383258104,
        0.007589938119053841,
        0.007646954618394375,
        0.007778453640639782,
        0.007694778498262167,
        0.007554692216217518,
        0.0074324412271380424,
        0.00780995050445199,
        0.008719398640096188,
        0.007838690653443336,
        0.007958815433084965,
        0.00811728648841381,
        0.007255703676491976,
        0.007243792526423931,
        0.0071167852729558945,
        0.007071563974022865,
        0.0070754834450781345,
        0.007035354617983103,
        0.007091314997524023,
        0.0070440336130559444,
        0.0070313154719769955,
        0.0070188590325415134,
        0.007016059942543507,
        0.007024850696325302,
        0.00700750295072794,
        0.007005634251981974,
        0.00699494918808341,
        0.006927952636033297,
        0.006834300234913826,
        0.006750374101102352,
        0.006720755714923143,
        0.006687624845653772,
        0.006645648740231991,
        0.006618412211537361,
        0.006511847488582134,
        0.006508543621748686,
        0.0063914163038134575,
        0.0062982202507555485,
        0.006243953015655279,
        0.006236415822058916,
        0.00627082958817482,
        0.006280293222516775,
        0.006281424779444933,
        0.006292472127825022,
        0.006287129130214453,
        0.006265466567128897,
        0.006257249973714352,
        0.0062498790211975574,
        0.006249194964766502,
        0.006250037346035242,
        0.006252475082874298,
        0.006253502331674099,
        0.006262998096644878,
        0.006280424538999796,
        0.006287404336035252,
        0.0062957885675132275,
        0.006298033054918051,
        0.0062897889874875546,
        0.0062805842608213425,
        0.006280519533902407,
        0.0062845624051988125,
        0.006284933537244797,
        0.006284933537244797,
        0.006284933537244797,
        0.006284933537244797,
        0.006284933537244797,
        0.006284934468567371,
        0.006284934468567371
    ]
}