{
    "epoch": [
        0,
        1,
        2,
        3,
        4,
        5,
        6,
        7,
        8,
        9,
        10,
        11,
        12,
        13,
        14,
        15,
        16,
        17,
        18,
        19,
        20,
        21,
        22,
        23,
        24,
        25,
        26,
        27,
        28,
        29,
        30,
        31,
        32,
        33,
        34,
        35,
        36,
        37,
        38,
        39,
        40,
        41,
        42,
        43,
        44,
        45,
        46,
        47,
        48,
        49,
        50,
        51,
        52,
        53,
        54,
        55,
        56,
        57,
        58,
        59,
        60,
        61,
        62,
        63,
        64,
        65,
        66,
        67,
        68,
        69,
        70,
        71,
        72,
        73,
        74,
        75,
        76,
        77,
        78,
        79,
        80,
        81,
        82,
        83,
        84,
        85,
        86,
        87,
        88,
        89,
        90,
        91,
        92,
        93,
        94,
        95,
        96,
        97,
        98,
        99
    ],
    "train_loss": [
        0.016270658001303673,
        0.01350241620093584,
        0.0074269757606089115,
        0.00971231795847416,
        0.006452393252402544,
        0.005470770876854658,
        0.004231850150972605,
        0.00400551687926054,
        0.003430976765230298,
        0.0037719935644418,
        0.004627213813364506,
        0.004861857276409864,
        0.003821414429694414,
        0.0041275848634541035,
        0.005172734148800373,
        0.004663203377276659,
        0.004754938185214996,
        0.004677891731262207,
        0.005400471389293671,
        0.005720855202525854,
        0.005113744642585516,
        0.0064582498744130135,
        0.00763676967471838,
        0.008068598806858063,
        0.008309063501656055,
        0.007155050057917833,
        0.007197821047157049,
        0.007082586642354727,
        0.007720581255853176,
        0.007619883399456739,
        0.007263139355927706,
        0.007155523169785738,
        0.00720727676525712,
        0.007715282030403614,
        0.00833638571202755,
        0.007765843532979488,
        0.007437010295689106,
        0.007886900566518307,
        0.007871798239648342,
        0.007535956799983978,
        0.007241370622068644,
        0.006721201818436384,
        0.006470257882028818,
        0.006444826256483793,
        0.006623752880841494,
        0.006750323344022036,
        0.006462781224399805,
        0.006388337817043066,
        0.006155461072921753,
        0.0060276309959590435,
        0.006007545627653599,
        0.00600974028930068,
        0.0061270915903151035,
        0.006441234145313501,
        0.006456512492150068,
        0.006750838831067085,
        0.0067604901269078255,
        0.006721864454448223,
        0.00695064989849925,
        0.006518029607832432,
        0.006703054066747427,
        0.006367307621985674,
        0.006400845944881439,
        0.00631534680724144,
        0.005283966660499573,
        0.004986424930393696,
        0.004753727465867996,
        0.004448553081601858,
        0.004232760518789291,
        0.0041626133024692535,
        0.003952297382056713,
        0.0040140291675925255,
        0.004336379002779722,
        0.00460136029869318,
        0.004437267780303955,
        0.0044555701315402985,
        0.004519919864833355,
        0.004469500854611397,
        0.004367623943835497,
        0.004225142300128937,
        0.004066105931997299,
        0.003881244221702218,
        0.003756572725251317,
        0.0037242304533720016,
        0.0037532730493694544,
        0.003846562933176756,
        0.003823227249085903,
        0.003850967390462756,
        0.0038557935040444136,
        0.003829310880973935,
        0.0038469142746180296,
        0.0038729975931346416,
        0.003926838282495737,
        0.003949783742427826,
        0.003965953830629587,
        0.003963916562497616,
        0.0040012989193201065,
        0.0041250791400671005,
        0.004202508367598057,
        0.004056200850754976
    ]
}