{
    "epoch": [
        0,
        1,
        2,
        3,
        4,
        5,
        6,
        7,
        8,
        9,
        10,
        11,
        12,
        13,
        14,
        15,
        16,
        17,
        18,
        19,
        20,
        21,
        22,
        23,
        24,
        25,
        26,
        27,
        28,
        29,
        30,
        31,
        32,
        33,
        34,
        35,
        36,
        37,
        38,
        39,
        40,
        41,
        42,
        43,
        44,
        45,
        46,
        47,
        48,
        49,
        50,
        51,
        52,
        53,
        54,
        55,
        56,
        57,
        58,
        59,
        60,
        61,
        62,
        63,
        64,
        65,
        66,
        67,
        68,
        69,
        70,
        71,
        72,
        73,
        74,
        75,
        76,
        77,
        78,
        79,
        80,
        81,
        82,
        83,
        84,
        85,
        86,
        87,
        88,
        89,
        90,
        91,
        92,
        93,
        94,
        95,
        96,
        97,
        98,
        99
    ],
    "train_loss": [
        0.04064764082431793,
        0.02240501157939434,
        0.018388088792562485,
        0.017033062875270844,
        0.011958498507738113,
        0.011753405444324017,
        0.011631758883595467,
        0.011585530824959278,
        0.011391003616154194,
        0.01189155038446188,
        0.013393999077379704,
        0.014282090589404106,
        0.013069539330899715,
        0.012372364290058613,
        0.011906863190233707,
        0.010342591442167759,
        0.010697423480451107,
        0.009829634800553322,
        0.011308244429528713,
        0.01126892026513815,
        0.011370312422513962,
        0.010969393886625767,
        0.011096485890448093,
        0.011300253681838512,
        0.011017684824764729,
        0.010967926122248173,
        0.010610466822981834,
        0.010279114358127117,
        0.010221092030405998,
        0.010267735458910465,
        0.010202859528362751,
        0.010071828961372375,
        0.009911738336086273,
        0.0098275663331151,
        0.009728788398206234,
        0.009745758026838303,
        0.00968084391206503,
        0.009560552425682545,
        0.00941048189997673,
        0.009199817664921284,
        0.009085535071790218,
        0.008886011317372322,
        0.008783501572906971,
        0.008683891966938972,
        0.008635977283120155,
        0.008611952885985374,
        0.008552971296012402,
        0.008524919860064983,
        0.008679932914674282,
        0.00841039139777422,
        0.007852815091609955,
        0.007736052852123976,
        0.007509072311222553,
        0.007320130709558725,
        0.007647271268069744,
        0.007999460212886333,
        0.008655423298478127,
        0.009403221309185028,
        0.010804643854498863,
        0.011751137673854828,
        0.01082451082766056,
        0.010496524162590504,
        0.009891223162412643,
        0.009509746916592121,
        0.009142858907580376,
        0.008596331812441349,
        0.008126316592097282,
        0.008001543581485748,
        0.0077836355194449425,
        0.007783523295074701,
        0.007657794281840324,
        0.007668095640838146,
        0.007689658552408218,
        0.00767446868121624,
        0.007614698726683855,
        0.0075286682695150375,
        0.007438563741743565,
        0.007372360676527023,
        0.007301592268049717,
        0.007068458944559097,
        0.007023398764431477,
        0.0069777946919202805,
        0.006878556217998266,
        0.006768358871340752,
        0.006696791388094425,
        0.006603697314858437,
        0.006531026680022478,
        0.0064674681052565575,
        0.006384060252457857,
        0.006342173554003239,
        0.006299979984760284,
        0.006274208426475525,
        0.00622547185048461,
        0.00620786938816309,
        0.006200077943503857,
        0.0061609274707734585,
        0.0060985214076936245,
        0.006035586353391409,
        0.005914878565818071,
        0.005838198587298393
    ]
}