{
    "epoch": [
        0,
        1,
        2,
        3,
        4,
        5,
        6,
        7,
        8,
        9,
        10,
        11,
        12,
        13,
        14,
        15,
        16,
        17,
        18,
        19,
        20,
        21,
        22,
        23,
        24,
        25,
        26,
        27,
        28,
        29,
        30,
        31,
        32,
        33,
        34,
        35,
        36,
        37,
        38,
        39,
        40,
        41,
        42,
        43,
        44,
        45,
        46,
        47,
        48,
        49,
        50,
        51,
        52,
        53,
        54,
        55,
        56,
        57,
        58,
        59,
        60,
        61,
        62,
        63,
        64,
        65,
        66,
        67,
        68,
        69,
        70,
        71,
        72,
        73,
        74,
        75,
        76,
        77,
        78,
        79,
        80,
        81,
        82,
        83,
        84,
        85,
        86,
        87,
        88,
        89,
        90,
        91,
        92,
        93,
        94,
        95,
        96,
        97,
        98,
        99
    ],
    "train_loss": [
        0.02995186857879162,
        0.012321842834353447,
        0.013835439458489418,
        0.01266835629940033,
        0.011040049605071545,
        0.008428260684013367,
        0.008532751351594925,
        0.009621785022318363,
        0.0176450926810503,
        0.015199174173176289,
        0.013345717452466488,
        0.013372767716646194,
        0.014311022125184536,
        0.0122873829677701,
        0.01036088541150093,
        0.010317615233361721,
        0.010237856768071651,
        0.013426431454718113,
        0.013561480678617954,
        0.012547837570309639,
        0.011356005445122719,
        0.010049032978713512,
        0.009355473332107067,
        0.009099531918764114,
        0.009897544980049133,
        0.011565308086574078,
        0.010627580806612968,
        0.010177205316722393,
        0.010026643052697182,
        0.009965014643967152,
        0.009852520190179348,
        0.009717127308249474,
        0.009512255899608135,
        0.009486915543675423,
        0.008975948207080364,
        0.008704875595867634,
        0.008583459071815014,
        0.008365820161998272,
        0.008147785440087318,
        0.00807595532387495,
        0.007981367409229279,
        0.007853193208575249,
        0.007984987460076809,
        0.007896664552390575,
        0.00789326336234808,
        0.007288810331374407,
        0.006716220173984766,
        0.006225732155144215,
        0.006118000019341707,
        0.0061561185866594315,
        0.005385457072407007,
        0.005270533729344606,
        0.005172248929738998,
        0.005071713589131832,
        0.005055984482169151,
        0.004924779757857323,
        0.004756022244691849,
        0.004747827537357807,
        0.004779149778187275,
        0.004803027957677841,
        0.00457637757062912,
        0.004237195011228323,
        0.004337405785918236,
        0.0044541070237755775,
        0.0043845511972904205,
        0.004373590461909771,
        0.004424483515322208,
        0.00427907845005393,
        0.0042381915263831615,
        0.00419624662026763,
        0.004200852010399103,
        0.00435263616964221,
        0.004199969116598368,
        0.0045214868150651455,
        0.0046647461131215096,
        0.004715431947261095,
        0.004728594794869423,
        0.004378036595880985,
        0.0044837212190032005,
        0.004430547822266817,
        0.004217167384922504,
        0.004455207381397486,
        0.004396416246891022,
        0.004599888343364,
        0.004310060758143663,
        0.004171076696366072,
        0.0041005853563547134,
        0.004152245819568634,
        0.0041358438320457935,
        0.004113532602787018,
        0.003902917727828026,
        0.004579400178045034,
        0.004524650052189827,
        0.004298900254070759,
        0.0045588198117911816,
        0.004453473258763552,
        0.004609778523445129,
        0.004412961192429066,
        0.004125208128243685,
        0.004135576542466879
    ]
}