{
    "epoch": [
        0,
        1,
        2,
        3,
        4,
        5,
        6,
        7,
        8,
        9,
        10,
        11,
        12,
        13,
        14,
        15,
        16,
        17,
        18,
        19,
        20,
        21,
        22,
        23,
        24,
        25,
        26,
        27,
        28,
        29,
        30,
        31,
        32,
        33,
        34,
        35,
        36,
        37,
        38,
        39,
        40,
        41,
        42,
        43,
        44,
        45,
        46,
        47,
        48,
        49,
        50,
        51,
        52,
        53,
        54,
        55,
        56,
        57,
        58,
        59,
        60,
        61,
        62,
        63,
        64,
        65,
        66,
        67,
        68,
        69,
        70,
        71,
        72,
        73,
        74,
        75,
        76,
        77,
        78,
        79,
        80,
        81,
        82,
        83,
        84,
        85,
        86,
        87,
        88,
        89,
        90,
        91,
        92,
        93,
        94,
        95,
        96,
        97,
        98,
        99
    ],
    "train_loss": [
        0.11456842720508575,
        0.03165317326784134,
        0.02153055928647518,
        0.01910252869129181,
        0.01617606356739998,
        0.019335025921463966,
        0.018145600333809853,
        0.017381912097334862,
        0.016108164563775063,
        0.01529874186962843,
        0.014440109021961689,
        0.011678103357553482,
        0.011839892715215683,
        0.012078356929123402,
        0.011818722821772099,
        0.011998831294476986,
        0.012310679070651531,
        0.012541414238512516,
        0.012421093881130219,
        0.012209380976855755,
        0.01190432719886303,
        0.01189225260168314,
        0.011788778938353062,
        0.012041043490171432,
        0.012103979475796223,
        0.011459548026323318,
        0.011480950750410557,
        0.011649798601865768,
        0.011989014223217964,
        0.011984065175056458,
        0.011876814998686314,
        0.01185134518891573,
        0.01173496711999178,
        0.011680356226861477,
        0.011649786494672298,
        0.011636405251920223,
        0.011616754345595837,
        0.01161210983991623,
        0.011610293760895729,
        0.011607710272073746,
        0.011626295745372772,
        0.011628695763647556,
        0.011626164428889751,
        0.011626164428889751,
        0.011629055254161358,
        0.011641894467175007,
        0.011645087040960789,
        0.011635223403573036,
        0.011629527434706688,
        0.011626073159277439,
        0.011602003127336502,
        0.011560351587831974,
        0.0115603506565094,
        0.0115603506565094,
        0.0115603506565094,
        0.011559913866221905,
        0.011559913866221905,
        0.011549289338290691,
        0.011546104215085506,
        0.011545557528734207,
        0.01153337862342596,
        0.011503257788717747,
        0.011483465321362019,
        0.011474249884486198,
        0.011480319313704967,
        0.011487782001495361,
        0.011503300629556179,
        0.011540073901414871,
        0.011605520732700825,
        0.011634290218353271,
        0.01166759803891182,
        0.011652301996946335,
        0.011684976518154144,
        0.01171851810067892,
        0.011735434643924236,
        0.011737796477973461,
        0.011751510202884674,
        0.011785207316279411,
        0.011790378019213676,
        0.011814037337899208,
        0.011819131672382355,
        0.011810333468019962,
        0.011795609258115292,
        0.011828591115772724,
        0.011906487867236137,
        0.011995125561952591,
        0.012047797441482544,
        0.012152683921158314,
        0.012224791571497917,
        0.01231946051120758,
        0.012305906973779202,
        0.012317216023802757,
        0.012375042773783207,
        0.012523621320724487,
        0.012666396796703339,
        0.012983034364879131,
        0.013100719079375267,
        0.013114117085933685,
        0.013085330836474895,
        0.013115980662405491
    ]
}