{
    "epoch": [
        0,
        1,
        2,
        3,
        4,
        5,
        6,
        7,
        8,
        9,
        10,
        11,
        12,
        13,
        14,
        15,
        16,
        17,
        18,
        19,
        20,
        21,
        22,
        23,
        24,
        25,
        26,
        27,
        28,
        29,
        30,
        31,
        32,
        33,
        34,
        35,
        36,
        37,
        38,
        39,
        40,
        41,
        42,
        43,
        44,
        45,
        46,
        47,
        48,
        49,
        50,
        51,
        52,
        53,
        54,
        55,
        56,
        57,
        58,
        59,
        60,
        61,
        62,
        63,
        64,
        65,
        66,
        67,
        68,
        69,
        70,
        71,
        72,
        73,
        74,
        75,
        76,
        77,
        78,
        79,
        80,
        81,
        82,
        83,
        84,
        85,
        86,
        87,
        88,
        89,
        90,
        91,
        92,
        93,
        94,
        95,
        96,
        97,
        98,
        99
    ],
    "train_loss": [
        0.28650689125061035,
        0.14376629889011383,
        0.10140573233366013,
        0.07523554563522339,
        0.06020689755678177,
        0.07252354919910431,
        0.05276597663760185,
        0.042093221098184586,
        0.0357074998319149,
        0.03198393061757088,
        0.031104611232876778,
        0.02978411689400673,
        0.027158990502357483,
        0.02362462319433689,
        0.025856338441371918,
        0.02013946697115898,
        0.018722008913755417,
        0.01876867562532425,
        0.01786118745803833,
        0.021745173260569572,
        0.021305806934833527,
        0.02046506293118,
        0.02007828839123249,
        0.024222053587436676,
        0.019166862592101097,
        0.017268767580389977,
        0.017518820241093636,
        0.01609601080417633,
        0.01766388677060604,
        0.018789060413837433,
        0.017415234819054604,
        0.014965170994400978,
        0.016450926661491394,
        0.015307016670703888,
        0.015214301645755768,
        0.012592589482665062,
        0.011596282944083214,
        0.01115270983427763,
        0.01260185707360506,
        0.011142238043248653,
        0.011373791843652725,
        0.011569608934223652,
        0.010998598299920559,
        0.011254116892814636,
        0.01175738126039505,
        0.011287767440080643,
        0.011621342040598392,
        0.011816967278718948,
        0.011775236576795578,
        0.01267281174659729,
        0.015218609943985939,
        0.01649674028158188,
        0.014981258660554886,
        0.014823485165834427,
        0.014719069004058838,
        0.014546141028404236,
        0.014851914718747139,
        0.015398499555885792,
        0.015457632951438427,
        0.015618500299751759,
        0.016131943091750145,
        0.01663145236670971,
        0.016484064981341362,
        0.017260899767279625,
        0.01712859980762005,
        0.017203446477651596,
        0.017011074349284172,
        0.017052914947271347,
        0.016531171277165413,
        0.016053538769483566,
        0.015326948836445808,
        0.015007052570581436,
        0.014578727073967457,
        0.014219298027455807,
        0.01389437634497881,
        0.013284080661833286,
        0.012800694443285465,
        0.012501672841608524,
        0.01200074516236782,
        0.011423502117395401,
        0.011030416935682297,
        0.010882598347961903,
        0.010608376003801823,
        0.010458121076226234,
        0.010263253934681416,
        0.010073553770780563,
        0.00987589918076992,
        0.00994724128395319,
        0.010110406205058098,
        0.010121811181306839,
        0.009969518519937992,
        0.009903328493237495,
        0.009648227132856846,
        0.009291598573327065,
        0.009164847433567047,
        0.009164923802018166,
        0.00881921872496605,
        0.008683172054588795,
        0.008472470566630363,
        0.008358587510883808
    ]
}