{
    "epoch": [
        0,
        1,
        2,
        3,
        4,
        5,
        6,
        7,
        8,
        9,
        10,
        11,
        12,
        13,
        14,
        15,
        16,
        17,
        18,
        19,
        20,
        21,
        22,
        23,
        24,
        25,
        26,
        27,
        28,
        29,
        30,
        31,
        32,
        33,
        34,
        35,
        36,
        37,
        38,
        39,
        40,
        41,
        42,
        43,
        44,
        45,
        46,
        47,
        48,
        49,
        50,
        51,
        52,
        53,
        54,
        55,
        56,
        57,
        58,
        59,
        60,
        61,
        62,
        63,
        64,
        65,
        66,
        67,
        68,
        69,
        70,
        71,
        72,
        73,
        74,
        75,
        76,
        77,
        78,
        79,
        80,
        81,
        82,
        83,
        84,
        85,
        86,
        87,
        88,
        89,
        90,
        91,
        92,
        93,
        94,
        95,
        96,
        97,
        98,
        99
    ],
    "train_loss": [
        0.137754887342453,
        0.06746484339237213,
        0.03526324778795242,
        0.027061453089118004,
        0.024494368582963943,
        0.020368460565805435,
        0.01803525909781456,
        0.016541538760066032,
        0.010523549281060696,
        0.01493968814611435,
        0.014202143996953964,
        0.011619584634900093,
        0.010358375497162342,
        0.009455529041588306,
        0.010993793606758118,
        0.009577469900250435,
        0.011240281164646149,
        0.011473283171653748,
        0.010812865570187569,
        0.010026098228991032,
        0.01023531798273325,
        0.010136560536921024,
        0.01017063483595848,
        0.010076138190925121,
        0.010146256536245346,
        0.010375265032052994,
        0.010444284416735172,
        0.010315965861082077,
        0.010995215736329556,
        0.010489380918443203,
        0.010445639491081238,
        0.010343077592551708,
        0.010523890145123005,
        0.010723145678639412,
        0.010971130803227425,
        0.011332141235470772,
        0.01134044211357832,
        0.011396484449505806,
        0.011428514495491982,
        0.011456657201051712,
        0.011477644555270672,
        0.011473195627331734,
        0.01144190039485693,
        0.01141737774014473,
        0.01133157778531313,
        0.011326510459184647,
        0.011316339485347271,
        0.011318858712911606,
        0.011300771497189999,
        0.011267472989857197,
        0.011248712427914143,
        0.011395683512091637,
        0.01148605439811945,
        0.011646125465631485,
        0.011779418215155602,
        0.01210193894803524,
        0.01217608992010355,
        0.012613468803465366,
        0.012685143388807774,
        0.012969419360160828,
        0.013308132998645306,
        0.013762986287474632,
        0.013903635554015636,
        0.014187407679855824,
        0.014622299931943417,
        0.014856080524623394,
        0.014920624904334545,
        0.015063590370118618,
        0.01508404966443777,
        0.014915813691914082,
        0.014979099854826927,
        0.014907797798514366,
        0.014745454303920269,
        0.014531588181853294,
        0.014326474629342556,
        0.01442547794431448,
        0.014572999440133572,
        0.014565499499440193,
        0.01447070762515068,
        0.014444883912801743,
        0.01449219137430191,
        0.014501482248306274,
        0.01451088860630989,
        0.014530537649989128,
        0.014435275457799435,
        0.014392342418432236,
        0.014377083629369736,
        0.01421637274324894,
        0.014095643535256386,
        0.014048024080693722,
        0.013936163857579231,
        0.013945529237389565,
        0.01390847284346819,
        0.013917751610279083,
        0.013869821093976498,
        0.013876644894480705,
        0.013848920352756977,
        0.013840232975780964,
        0.013842092826962471,
        0.013805563561618328
    ]
}