{
    "epoch": [
        0,
        1,
        2,
        3,
        4,
        5,
        6,
        7,
        8,
        9,
        10,
        11,
        12,
        13,
        14,
        15,
        16,
        17,
        18,
        19,
        20,
        21,
        22,
        23,
        24,
        25,
        26,
        27,
        28,
        29,
        30,
        31,
        32,
        33,
        34,
        35,
        36,
        37,
        38,
        39,
        40,
        41,
        42,
        43,
        44,
        45,
        46,
        47,
        48,
        49,
        50,
        51,
        52,
        53,
        54,
        55,
        56,
        57,
        58,
        59,
        60,
        61,
        62,
        63,
        64,
        65,
        66,
        67,
        68,
        69,
        70,
        71,
        72,
        73,
        74,
        75,
        76,
        77,
        78,
        79,
        80,
        81,
        82,
        83,
        84,
        85,
        86,
        87,
        88,
        89,
        90,
        91,
        92,
        93,
        94,
        95,
        96,
        97,
        98,
        99
    ],
    "train_loss": [
        0.08053407073020935,
        0.029130276292562485,
        0.02515374682843685,
        0.01930106058716774,
        0.018543122336268425,
        0.01350366696715355,
        0.009862962178885937,
        0.011070504784584045,
        0.008097445592284203,
        0.011449235491454601,
        0.009184992872178555,
        0.008008751086890697,
        0.00804462656378746,
        0.007493828423321247,
        0.007434569764882326,
        0.010081207379698753,
        0.0059868888929486275,
        0.0059394617564976215,
        0.006450333632528782,
        0.0074151125736534595,
        0.006812147330492735,
        0.006501159630715847,
        0.006229040678590536,
        0.006043015513569117,
        0.005737158935517073,
        0.0056297960691154,
        0.005549064837396145,
        0.005818319972604513,
        0.005629957653582096,
        0.005770698189735413,
        0.005993136670440435,
        0.006150855217128992,
        0.0063717421144247055,
        0.00633589643985033,
        0.0063587818294763565,
        0.0062746829353272915,
        0.0061026448383927345,
        0.005899903830140829,
        0.005970433354377747,
        0.0057260701432824135,
        0.005641491152346134,
        0.0056037395261228085,
        0.005591935478150845,
        0.005740158259868622,
        0.006046807859092951,
        0.00595457898452878,
        0.005906473379582167,
        0.005944340955466032,
        0.005957521498203278,
        0.0059686447493731976,
        0.006032418459653854,
        0.005974617321044207,
        0.005939754657447338,
        0.005658177193254232,
        0.005608106032013893,
        0.00557895889505744,
        0.005527299363166094,
        0.005694698542356491,
        0.005794466473162174,
        0.00571581581607461,
        0.005644719582051039,
        0.005699051544070244,
        0.005854228511452675,
        0.005901528988033533,
        0.005958458408713341,
        0.0058280667290091515,
        0.005758850835263729,
        0.005579969845712185,
        0.005612540524452925,
        0.0055235037580132484,
        0.005523298867046833,
        0.005506915505975485,
        0.005535595118999481,
        0.005431551486253738,
        0.005568410269916058,
        0.005710777826607227,
        0.005749889183789492,
        0.005811127368360758,
        0.005739993881434202,
        0.005779937840998173,
        0.005696684587746859,
        0.005664123687893152,
        0.005592358764261007,
        0.005630904342979193,
        0.00563118327409029,
        0.005595134571194649,
        0.005601346492767334,
        0.005639142356812954,
        0.005629117600619793,
        0.005664205178618431,
        0.005763110239058733,
        0.005874211899936199,
        0.005827782675623894,
        0.005826469045132399,
        0.005797480698674917,
        0.005849637556821108,
        0.005756135564297438,
        0.005724913440644741,
        0.005711064208298922,
        0.005633835680782795
    ]
}