{
    "epoch": [
        0,
        1,
        2,
        3,
        4,
        5,
        6,
        7,
        8,
        9,
        10,
        11,
        12,
        13,
        14,
        15,
        16,
        17,
        18,
        19,
        20,
        21,
        22,
        23,
        24,
        25,
        26,
        27,
        28,
        29,
        30,
        31,
        32,
        33,
        34,
        35,
        36,
        37,
        38,
        39,
        40,
        41,
        42,
        43,
        44,
        45,
        46,
        47,
        48,
        49,
        50,
        51,
        52,
        53,
        54,
        55,
        56,
        57,
        58,
        59,
        60,
        61,
        62,
        63,
        64,
        65,
        66,
        67,
        68,
        69,
        70,
        71,
        72,
        73,
        74,
        75,
        76,
        77,
        78,
        79,
        80,
        81,
        82,
        83,
        84,
        85,
        86,
        87,
        88,
        89,
        90,
        91,
        92,
        93,
        94,
        95,
        96,
        97,
        98,
        99
    ],
    "train_loss": [
        0.2701585292816162,
        0.12000621110200882,
        0.08726136386394501,
        0.06681950390338898,
        0.054317425936460495,
        0.0473383404314518,
        0.037215664982795715,
        0.0322372242808342,
        0.03370483219623566,
        0.0297225471585989,
        0.025107765570282936,
        0.02064865455031395,
        0.021228354424238205,
        0.020811185240745544,
        0.01928999274969101,
        0.019994651898741722,
        0.020481616258621216,
        0.019795576110482216,
        0.02007421851158142,
        0.019192645326256752,
        0.018849041312932968,
        0.018111608922481537,
        0.017897922545671463,
        0.017881067469716072,
        0.017780080437660217,
        0.018284473568201065,
        0.017305968329310417,
        0.01679428108036518,
        0.016310056671500206,
        0.016469428315758705,
        0.016499634832143784,
        0.016415705904364586,
        0.01636006496846676,
        0.01602846570312977,
        0.01613587699830532,
        0.016393329948186874,
        0.016100354492664337,
        0.016237104311585426,
        0.016246795654296875,
        0.015867723152041435,
        0.01596865803003311,
        0.01615915261209011,
        0.015631480142474174,
        0.015618488192558289,
        0.015618720091879368,
        0.015572275966405869,
        0.015572186559438705,
        0.01565028727054596,
        0.015667811036109924,
        0.015500025823712349,
        0.015849430114030838,
        0.015430520288646221,
        0.015167664736509323,
        0.01490110345184803,
        0.014675572514533997,
        0.014722472056746483,
        0.014872724190354347,
        0.014819588512182236,
        0.014994218945503235,
        0.015146957710385323,
        0.015149585902690887,
        0.015053377486765385,
        0.014982540160417557,
        0.015021787956357002,
        0.014903747476637363,
        0.015039010904729366,
        0.015230267308652401,
        0.015238497406244278,
        0.015321184881031513,
        0.015476048924028873,
        0.01533629558980465,
        0.015313062816858292,
        0.015374450944364071,
        0.015297525562345982,
        0.01532821450382471,
        0.015545005910098553,
        0.015500027686357498,
        0.015688210725784302,
        0.015610754489898682,
        0.015768934041261673,
        0.015793640166521072,
        0.015936661511659622,
        0.015806587412953377,
        0.015804588794708252,
        0.015787877142429352,
        0.01543104276061058,
        0.01485118456184864,
        0.014381608925759792,
        0.014181382022798061,
        0.014494206756353378,
        0.014435467310249805,
        0.014719175174832344,
        0.014624685980379581,
        0.014455001801252365,
        0.014633779413998127,
        0.014428154565393925,
        0.014443914406001568,
        0.01448352262377739,
        0.014428282156586647,
        0.014429237693548203
    ]
}