{
    "epoch": [
        0,
        1,
        2,
        3,
        4,
        5,
        6,
        7,
        8,
        9,
        10,
        11,
        12,
        13,
        14,
        15,
        16,
        17,
        18,
        19,
        20,
        21,
        22,
        23,
        24,
        25,
        26,
        27,
        28,
        29,
        30,
        31,
        32,
        33,
        34,
        35,
        36,
        37,
        38,
        39,
        40,
        41,
        42,
        43,
        44,
        45,
        46,
        47,
        48,
        49,
        50,
        51,
        52,
        53,
        54,
        55,
        56,
        57,
        58,
        59,
        60,
        61,
        62,
        63,
        64,
        65,
        66,
        67,
        68,
        69,
        70,
        71,
        72,
        73,
        74,
        75,
        76,
        77,
        78,
        79,
        80,
        81,
        82,
        83,
        84,
        85,
        86,
        87,
        88,
        89,
        90,
        91,
        92,
        93,
        94,
        95,
        96,
        97,
        98,
        99
    ],
    "train_loss": [
        0.35697779059410095,
        0.031915709376335144,
        0.020009560510516167,
        0.013494161888957024,
        0.014531963504850864,
        0.01444909255951643,
        0.011154537089169025,
        0.009739515371620655,
        0.010029146447777748,
        0.010444947518408298,
        0.011557329446077347,
        0.011078516952693462,
        0.011045025661587715,
        0.010768571868538857,
        0.010727446526288986,
        0.010934270918369293,
        0.010827621445059776,
        0.010988184250891209,
        0.011490157805383205,
        0.011639434844255447,
        0.011570671573281288,
        0.011390069499611855,
        0.010800392366945744,
        0.010095317848026752,
        0.009754274040460587,
        0.00951968040317297,
        0.009047049097716808,
        0.008924832567572594,
        0.008844851516187191,
        0.008733529597520828,
        0.008704623207449913,
        0.008647916838526726,
        0.008599535562098026,
        0.008541589602828026,
        0.008535923436284065,
        0.008555497042834759,
        0.0085494015365839,
        0.00853300653398037,
        0.008531440049409866,
        0.008511707186698914,
        0.008497243747115135,
        0.008424246683716774,
        0.008292422629892826,
        0.008262581191956997,
        0.008195537142455578,
        0.00818629190325737,
        0.008093547075986862,
        0.00807234738022089,
        0.008027329109609127,
        0.007955200038850307,
        0.007912873290479183,
        0.007879751734435558,
        0.007870929315686226,
        0.007837560959160328,
        0.007817213423550129,
        0.007769249379634857,
        0.0077143469825387,
        0.007683036848902702,
        0.007651997730135918,
        0.007640130817890167,
        0.007630172185599804,
        0.007619578391313553,
        0.007617664057761431,
        0.007614476606249809,
        0.007613719906657934,
        0.007618226110935211,
        0.007605127990245819,
        0.007591320667415857,
        0.007587720640003681,
        0.00755932554602623,
        0.0075516002252697945,
        0.007543581537902355,
        0.007557083386927843,
        0.007559509016573429,
        0.007569007575511932,
        0.0075713759288191795,
        0.007571638561785221,
        0.007601514924317598,
        0.0076340604573488235,
        0.007591023575514555,
        0.007558724842965603,
        0.007592424750328064,
        0.007580974139273167,
        0.007585904095321894,
        0.007607053499668837,
        0.007582718040794134,
        0.007586339488625526,
        0.007577450014650822,
        0.007605121936649084,
        0.007602761033922434,
        0.007647340185940266,
        0.007676429580897093,
        0.00767875462770462,
        0.007664752658456564,
        0.007720117457211018,
        0.007720949128270149,
        0.007758294697850943,
        0.007817617617547512,
        0.007822882384061813,
        0.007843240164220333
    ]
}