{
    "epoch": [
        0,
        1,
        2,
        3,
        4,
        5,
        6,
        7,
        8,
        9,
        10,
        11,
        12,
        13,
        14,
        15,
        16,
        17,
        18,
        19,
        20,
        21,
        22,
        23,
        24,
        25,
        26,
        27,
        28,
        29,
        30,
        31,
        32,
        33,
        34,
        35,
        36,
        37,
        38,
        39,
        40,
        41,
        42,
        43,
        44,
        45,
        46,
        47,
        48,
        49,
        50,
        51,
        52,
        53,
        54,
        55,
        56,
        57,
        58,
        59,
        60,
        61,
        62,
        63,
        64,
        65,
        66,
        67,
        68,
        69,
        70,
        71,
        72,
        73,
        74,
        75,
        76,
        77,
        78,
        79,
        80,
        81,
        82,
        83,
        84,
        85,
        86,
        87,
        88,
        89,
        90,
        91,
        92,
        93,
        94,
        95,
        96,
        97,
        98,
        99
    ],
    "train_loss": [
        0.027682805433869362,
        0.016420021653175354,
        0.015068660490214825,
        0.015081431716680527,
        0.014968503266572952,
        0.01537281833589077,
        0.014817353338003159,
        0.014575444161891937,
        0.014537198469042778,
        0.013897846452891827,
        0.013574721291661263,
        0.015185127966105938,
        0.01913972944021225,
        0.01302689965814352,
        0.009057722985744476,
        0.007415112107992172,
        0.007364224176853895,
        0.008529608137905598,
        0.007726605050265789,
        0.006724606268107891,
        0.007138468325138092,
        0.007886751554906368,
        0.008333597332239151,
        0.007041238248348236,
        0.006386155262589455,
        0.006152825895696878,
        0.005949635058641434,
        0.006138089578598738,
        0.006155642680823803,
        0.006072693038731813,
        0.005889338906854391,
        0.005720209330320358,
        0.00589009840041399,
        0.0055503807961940765,
        0.005670894868671894,
        0.005837274715304375,
        0.00568200321868062,
        0.005494524259120226,
        0.005731198005378246,
        0.00591996731236577,
        0.005729641765356064,
        0.005619654897600412,
        0.0056526195257902145,
        0.005794582888484001,
        0.005815368145704269,
        0.005946268793195486,
        0.005913459695875645,
        0.005845875013619661,
        0.005797448102384806,
        0.005825722124427557,
        0.005888588726520538,
        0.005982935894280672,
        0.005961691029369831,
        0.005908395163714886,
        0.005829116329550743,
        0.005745182745158672,
        0.005679651629179716,
        0.005616638343781233,
        0.005596093367785215,
        0.00555952824652195,
        0.005525908898562193,
        0.005492061376571655,
        0.005454716272652149,
        0.005419789347797632,
        0.005394947249442339,
        0.005361092276871204,
        0.00535764591768384,
        0.005358289927244186,
        0.00536529254168272,
        0.0053703393787145615,
        0.005377288442105055,
        0.0053963446989655495,
        0.005406600888818502,
        0.005450369790196419,
        0.005505874287337065,
        0.005509807728230953,
        0.005512561183422804,
        0.005440509878098965,
        0.005395173095166683,
        0.005390029866248369,
        0.005390669219195843,
        0.005403748247772455,
        0.005409859586507082,
        0.005419762805104256,
        0.0053978958167135715,
        0.0053612967021763325,
        0.005342373624444008,
        0.005344507284462452,
        0.005342358257621527,
        0.005325992126017809,
        0.005307694431394339,
        0.00529834721237421,
        0.005318631883710623,
        0.0053186314180493355,
        0.005318631883710623,
        0.005318631883710623,
        0.005318631883710623,
        0.005333378445357084,
        0.005379768088459969,
        0.005372304469347
    ]
}