{
    "epoch": [
        0,
        1,
        2,
        3,
        4,
        5,
        6,
        7,
        8,
        9,
        10,
        11,
        12,
        13,
        14,
        15,
        16,
        17,
        18,
        19,
        20,
        21,
        22,
        23,
        24,
        25,
        26,
        27,
        28,
        29,
        30,
        31,
        32,
        33,
        34,
        35,
        36,
        37,
        38,
        39,
        40,
        41,
        42,
        43,
        44,
        45,
        46,
        47,
        48,
        49,
        50,
        51,
        52,
        53,
        54,
        55,
        56,
        57,
        58,
        59,
        60,
        61,
        62,
        63,
        64,
        65,
        66,
        67,
        68,
        69,
        70,
        71,
        72,
        73,
        74,
        75,
        76,
        77,
        78,
        79,
        80,
        81,
        82,
        83,
        84,
        85,
        86,
        87,
        88,
        89,
        90,
        91,
        92,
        93,
        94,
        95,
        96,
        97,
        98,
        99
    ],
    "train_loss": [
        0.023088639602065086,
        0.01319044828414917,
        0.014183629304170609,
        0.011379287578165531,
        0.010728717781603336,
        0.009902046993374825,
        0.009712187573313713,
        0.009126069024205208,
        0.009163418784737587,
        0.009867380373179913,
        0.00872896984219551,
        0.008341994136571884,
        0.009127539582550526,
        0.009460777044296265,
        0.009218842722475529,
        0.01031326875090599,
        0.00943896733224392,
        0.009252680465579033,
        0.008629336021840572,
        0.00852431170642376,
        0.008703086525201797,
        0.008695886470377445,
        0.00874833669513464,
        0.008746513165533543,
        0.008703639730811119,
        0.008695108816027641,
        0.00862068310379982,
        0.008522793650627136,
        0.008450660854578018,
        0.00843687355518341,
        0.008600377477705479,
        0.008819366805255413,
        0.00893262680619955,
        0.008906192146241665,
        0.00897223874926567,
        0.008884459733963013,
        0.008867746219038963,
        0.009053208865225315,
        0.009029746986925602,
        0.00887810718268156,
        0.00874063465744257,
        0.008577967993915081,
        0.008644038811326027,
        0.009273937903344631,
        0.010979927144944668,
        0.01082642748951912,
        0.010437372140586376,
        0.010976679623126984,
        0.010617335326969624,
        0.011386671103537083,
        0.010664192028343678,
        0.01014773454517126,
        0.01009934302419424,
        0.010128007270395756,
        0.010684017091989517,
        0.011025993153452873,
        0.010522288270294666,
        0.009486244060099125,
        0.010385602712631226,
        0.008467345498502254,
        0.007723357528448105,
        0.00895929615944624,
        0.01221325621008873,
        0.012596795335412025,
        0.011695833876729012,
        0.011215774342417717,
        0.011130048893392086,
        0.010859671048820019,
        0.0107274129986763,
        0.010319523513317108,
        0.009518667124211788,
        0.008900818414986134,
        0.008457036688923836,
        0.0080906692892313,
        0.007643647957593203,
        0.007642053999006748,
        0.007655833847820759,
        0.0076101371087133884,
        0.007641330827027559,
        0.007479798514395952,
        0.00728287547826767,
        0.007080805487930775,
        0.0071083614602684975,
        0.006991941947489977,
        0.006884299218654633,
        0.007083337754011154,
        0.007680350448936224,
        0.007816060446202755,
        0.008084655739367008,
        0.008429267443716526,
        0.00840111542493105,
        0.008661111816763878,
        0.008430007845163345,
        0.008223832584917545,
        0.00807259976863861,
        0.007366958539932966,
        0.007477483246475458,
        0.00701693631708622,
        0.006976884789764881,
        0.006747365929186344
    ]
}