{
    "epoch": [
        0,
        1,
        2,
        3,
        4,
        5,
        6,
        7,
        8,
        9,
        10,
        11,
        12,
        13,
        14,
        15,
        16,
        17,
        18,
        19,
        20,
        21,
        22,
        23,
        24,
        25,
        26,
        27,
        28,
        29,
        30,
        31,
        32,
        33,
        34,
        35,
        36,
        37,
        38,
        39,
        40,
        41,
        42,
        43,
        44,
        45,
        46,
        47,
        48,
        49,
        50,
        51,
        52,
        53,
        54,
        55,
        56,
        57,
        58,
        59,
        60,
        61,
        62,
        63,
        64,
        65,
        66,
        67,
        68,
        69,
        70,
        71,
        72,
        73,
        74,
        75,
        76,
        77,
        78,
        79,
        80,
        81,
        82,
        83,
        84,
        85,
        86,
        87,
        88,
        89,
        90,
        91,
        92,
        93,
        94,
        95,
        96,
        97,
        98,
        99
    ],
    "train_loss": [
        0.09778855741024017,
        0.019906919449567795,
        0.014258348383009434,
        0.010121949948370457,
        0.008237216621637344,
        0.007117756176739931,
        0.008347595110535622,
        0.008717979304492474,
        0.00919717364013195,
        0.007992178201675415,
        0.007363886572420597,
        0.0085726547986269,
        0.007005396764725447,
        0.007458017207682133,
        0.006621384061872959,
        0.006685297004878521,
        0.0065717194229364395,
        0.005811805371195078,
        0.006046655122190714,
        0.007030019070953131,
        0.006752791814506054,
        0.006481471937149763,
        0.006310253404080868,
        0.006267480086535215,
        0.0058690630830824375,
        0.005962032359093428,
        0.005863652098923922,
        0.005440114066004753,
        0.005546004511415958,
        0.005987623240798712,
        0.006040685810148716,
        0.006027115508913994,
        0.006046078633517027,
        0.006082336418330669,
        0.005382013972848654,
        0.0048238071613013744,
        0.004679670091718435,
        0.004649428650736809,
        0.004883753601461649,
        0.004709943663328886,
        0.0043660313822329044,
        0.004439808893948793,
        0.005118850618600845,
        0.004881199914962053,
        0.004421762656420469,
        0.004541569855064154,
        0.0046935616992414,
        0.004917609039694071,
        0.00469016982242465,
        0.004603586625307798,
        0.004466190934181213,
        0.004814713727682829,
        0.005443058907985687,
        0.0049468595534563065,
        0.005684776231646538,
        0.006483862176537514,
        0.0063588572666049,
        0.006144581828266382,
        0.006042201071977615,
        0.006281646434217691,
        0.0065955971367657185,
        0.006401622202247381,
        0.006070340517908335,
        0.005853957496583462,
        0.005798870697617531,
        0.005820376332849264,
        0.006045021116733551,
        0.006341446191072464,
        0.00642808573320508,
        0.006175661459565163,
        0.0057760439813137054,
        0.005528965499252081,
        0.005608031991869211,
        0.005761791951954365,
        0.005788195412606001,
        0.005549874622374773,
        0.005439239554107189,
        0.005570078734308481,
        0.005553070921450853,
        0.005640086252242327,
        0.00586260762065649,
        0.005893586203455925,
        0.005809025373309851,
        0.005554894916713238,
        0.005455284845083952,
        0.005472078453749418,
        0.0054491497576236725,
        0.005587451159954071,
        0.0057459366507828236,
        0.00583844818174839,
        0.005983808543533087,
        0.00608501210808754,
        0.006060601677745581,
        0.006184834986925125,
        0.00625131418928504,
        0.006381390616297722,
        0.006638405378907919,
        0.006589730270206928,
        0.006628208793699741,
        0.006620144937187433
    ]
}