{
    "timestamp": "20250113_213623",
    "method": "least_squares",
    "configuration": {
        "m": 1.0,
        "c": 0.1,
        "k": 5.0,
        "force_type": "sine",
        "amplitude": 1.0,
        "freq": 1.0,
        "random_seed": 42,
        "x0": 0.0,
        "v0": 0.0,
        "t_max": 10.0,
        "dt": 0.02,
        "noise_std": 0.05
    },
    "true_parameters": [
        1.0,
        0.1,
        5.0
    ],
    "estimated_parameters": [
        1.0000002700763753,
        0.09999806086922468,
        4.999984659174499
    ],
    "parameter_errors": [
        2.700763752638835e-05,
        0.00193913077532748,
        0.0003068165100117426
    ],
    "force_rmse": 3.975011317155454e-08,
    "optimization_info": {
        "success": 