{
    "epoch": [
        0,
        1,
        2,
        3,
        4,
        5,
        6,
        7,
        8,
        9,
        10,
        11,
        12,
        13,
        14,
        15,
        16,
        17,
        18,
        19,
        20,
        21,
        22,
        23,
        24,
        25,
        26,
        27,
        28,
        29,
        30,
        31,
        32,
        33,
        34,
        35,
        36,
        37,
        38,
        39,
        40,
        41,
        42,
        43,
        44,
        45,
        46,
        47,
        48,
        49,
        50,
        51,
        52,
        53,
        54,
        55,
        56,
        57,
        58,
        59,
        60,
        61,
        62,
        63,
        64,
        65,
        66,
        67,
        68,
        69,
        70,
        71,
        72,
        73,
        74,
        75,
        76,
        77,
        78,
        79,
        80,
        81,
        82,
        83,
        84,
        85,
        86,
        87,
        88,
        89,
        90,
        91,
        92,
        93,
        94,
        95,
        96,
        97,
        98,
        99
    ],
    "train_loss": [
        0.04277360439300537,
        0.029749426990747452,
        0.016174742951989174,
        0.017739199101924896,
        0.011486701667308807,
        0.0137208616361022,
        0.012679558247327805,
        0.014274190180003643,
        0.013946868479251862,
        0.010308941826224327,
        0.010922794230282307,
        0.010537467896938324,
        0.009999887086451054,
        0.009130029939115047,
        0.008842239156365395,
        0.008382129482924938,
        0.008192513138055801,
        0.007811770308762789,
        0.007719473913311958,
        0.007730578538030386,
        0.006948625203222036,
        0.0066477651707828045,
        0.007088749203830957,
        0.007687178906053305,
        0.007700205780565739,
        0.007594531401991844,
        0.006854191888123751,
        0.006567418109625578,
        0.006711559370160103,
        0.008406932465732098,
        0.008646778762340546,
        0.007779438514262438,
        0.008437082171440125,
        0.008663628250360489,
        0.008201610296964645,
        0.008780676871538162,
        0.008698293007910252,
        0.007728685159236193,
        0.008125058375298977,
        0.007872473448514938,
        0.007394392509013414,
        0.006634193006902933,
        0.007244804874062538,
        0.007558000739663839,
        0.00702679855749011,
        0.007005839142948389,
        0.00707364222034812,
        0.0070945750921964645,
        0.0072138383984565735,
        0.007722084876149893,
        0.007682468742132187,
        0.00747887184843421,
        0.0072728111408650875,
        0.007333133369684219,
        0.006978158373385668,
        0.0067253634333610535,
        0.006693863309919834,
        0.006615425925701857,
        0.0066614351235330105,
        0.00689468439668417,
        0.006890931166708469,
        0.0068290322087705135,
        0.006645894609391689,
        0.006605343893170357,
        0.006571735721081495,
        0.0065512219443917274,
        0.006547948811203241,
        0.006540753412991762,
        0.006401022896170616,
        0.0063638510182499886,
        0.006302253808826208,
        0.00616488978266716,
        0.005992560181766748,
        0.005946435499936342,
        0.005863399710506201,
        0.005865091923624277,
        0.005883404519408941,
        0.005932164844125509,
        0.005886380560696125,
        0.005849181674420834,
        0.00613254401832819,
        0.00627168221399188,
        0.006555299740284681,
        0.007063162513077259,
        0.007573327980935574,
        0.00791371800005436,
        0.008072194643318653,
        0.008146773092448711,
        0.008281894028186798,
        0.008072287775576115,
        0.008089696988463402,
        0.008085804991424084,
        0.00822436809539795,
        0.008289800956845284,
        0.00841000210493803,
        0.008006016723811626,
        0.008393761701881886,
        0.008774389512836933,
        0.00905552413314581,
        0.008905842900276184
    ]
}