{
    "epoch": [
        0,
        1,
        2,
        3,
        4,
        5,
        6,
        7,
        8,
        9,
        10,
        11,
        12,
        13,
        14,
        15,
        16,
        17,
        18,
        19,
        20,
        21,
        22,
        23,
        24,
        25,
        26,
        27,
        28,
        29,
        30,
        31,
        32,
        33,
        34,
        35,
        36,
        37,
        38,
        39,
        40,
        41,
        42,
        43,
        44,
        45,
        46,
        47,
        48,
        49,
        50,
        51,
        52,
        53,
        54,
        55,
        56,
        57,
        58,
        59,
        60,
        61,
        62,
        63,
        64,
        65,
        66,
        67,
        68,
        69,
        70,
        71,
        72,
        73,
        74,
        75,
        76,
        77,
        78,
        79,
        80,
        81,
        82,
        83,
        84,
        85,
        86,
        87,
        88,
        89,
        90,
        91,
        92,
        93,
        94,
        95,
        96,
        97,
        98,
        99
    ],
    "train_loss": [
        0.029103094711899757,
        0.012865881435573101,
        0.012440844438970089,
        0.010929690673947334,
        0.01085949968546629,
        0.010825811885297298,
        0.010740188881754875,
        0.0107073113322258,
        0.010674172081053257,
        0.01066574826836586,
        0.010651132091879845,
        0.010619456879794598,
        0.010569632053375244,
        0.010492407716810703,
        0.01042200904339552,
        0.010419538244605064,
        0.010372769087553024,
        0.010308118537068367,
        0.01028936542570591,
        0.010291717946529388,
        0.010314635001122952,
        0.010336246341466904,
        0.010343031957745552,
        0.010323600843548775,
        0.010265035554766655,
        0.010258952155709267,
        0.01025279052555561,
        0.010286015458405018,
        0.010293136350810528,
        0.010230783373117447,
        0.010162882506847382,
        0.01008148305118084,
        0.010047624818980694,
        0.009990736842155457,
        0.009954247623682022,
        0.009985178709030151,
        0.010028665885329247,
        0.010028346441686153,
        0.010044747963547707,
        0.010121086612343788,
        0.010111840441823006,
        0.009987152181565762,
        0.009915829636156559,
        0.009874365292489529,
        0.009867996908724308,
        0.009869100525975227,
        0.009855620563030243,
        0.009841748513281345,
        0.009857328608632088,
        0.009911222383379936,
        0.009961654432117939,
        0.010040989145636559,
        0.010160484351217747,
        0.010134154930710793,
        0.010099115781486034,
        0.010088745504617691,
        0.010074391961097717,
        0.010039637796580791,
        0.009995720349252224,
        0.009956360794603825,
        0.009907696396112442,
        0.009902861900627613,
        0.009921845979988575,
        0.009949254803359509,
        0.009956763125956059,
        0.009944343008100986,
        0.009951627813279629,
        0.010012045502662659,
        0.0100715858861804,
        0.010075073689222336,
        0.010049858130514622,
        0.010049690492451191,
        0.01004571933299303,
        0.010046100243926048,
        0.01004812028259039,
        0.010048514232039452,
        0.010045942850410938,
        0.010044040158390999,
        0.010041097179055214,
        0.010038330219686031,
        0.010033689439296722,
        0.01002687681466341,
        0.010018346831202507,
        0.0100100701674819,
        0.010004037991166115,
        0.009992201812565327,
        0.009970164857804775,
        0.009959655813872814,
        0.00995271559804678,
        0.009939041920006275,
        0.009931301698088646,
        0.009923034347593784,
        0.009918594732880592,
        0.00991143099963665,
        0.009905911050736904,
        0.009885127656161785,
        0.009863561019301414,
        0.009856028482317924,
        0.009848854504525661,
        0.009837419725954533
    ]
}