{
    "timestamp": "20250113_194040",
    "method": "least_squares",
    "configuration": {
        "m": 1.0,
        "c": 0.1,
        "k": 50.0,
        "force_type": "sine",
        "amplitude": 1.0,
        "freq": 1.0,
        "random_seed": 42,
        "x0": 0.0,
        "v0": 0.0,
        "t_max": 10.0,
        "dt": 0.02,
        "noise_std": 0.05
    },
    "true_parameters": [
        1.0,
        0.1,
        50.0
    ],
    "estimated_parameters": [
        1.0000002287376097,
        0.09989437100216321,
        50.00008980239659
    ],
    "parameter_errors": [
        2.2873760974206903e-05,
        0.1056289978367958,
        0.0001796047931748035
    ],
    "force_rmse": 7.602319009192413e-07
}