{
    "epoch": [
        0,
        1,
        2,
        3,
        4,
        5,
        6,
        7,
        8,
        9,
        10,
        11,
        12,
        13,
        14,
        15,
        16,
        17,
        18,
        19,
        20,
        21,
        22,
        23,
        24,
        25,
        26,
        27,
        28,
        29,
        30,
        31,
        32,
        33,
        34,
        35,
        36,
        37,
        38,
        39,
        40,
        41,
        42,
        43,
        44,
        45,
        46,
        47,
        48,
        49,
        50,
        51,
        52,
        53,
        54,
        55,
        56,
        57,
        58,
        59,
        60,
        61,
        62,
        63,
        64,
        65,
        66,
        67,
        68,
        69,
        70,
        71,
        72,
        73,
        74,
        75,
        76,
        77,
        78,
        79,
        80,
        81,
        82,
        83,
        84,
        85,
        86,
        87,
        88,
        89,
        90,
        91,
        92,
        93,
        94,
        95,
        96,
        97,
        98,
        99
    ],
    "train_loss": [
        0.029476750642061234,
        0.010656436905264854,
        0.010777552612125874,
        0.013156806118786335,
        0.010889573954045773,
        0.01011141762137413,
        0.008111752569675446,
        0.007799608167260885,
        0.007610506843775511,
        0.007236642763018608,
        0.006982975173741579,
        0.006963646505028009,
        0.006804510485380888,
        0.00640113465487957,
        0.0060815089382231236,
        0.00594429112970829,
        0.005663886666297913,
        0.005647384095937014,
        0.00570730259642005,
        0.005832368973642588,
        0.005472427234053612,
        0.005598749034106731,
        0.005700057838112116,
        0.005689722951501608,
        0.006627839524298906,
        0.00696537084877491,
        0.00671461271122098,
        0.00678504491224885,
        0.006647924426943064,
        0.006539578549563885,
        0.006586872041225433,
        0.006721850950270891,
        0.00677544716745615,
        0.006958736572414637,
        0.007003616075962782,
        0.007343646138906479,
        0.00773149449378252,
        0.007725204806774855,
        0.00782979279756546,
        0.0077019426971673965,
        0.0075242603197693825,
        0.007456603460013866,
        0.007398763205856085,
        0.007407280616462231,
        0.007409276906400919,
        0.007346055004745722,
        0.0073453327640891075,
        0.007320651784539223,
        0.007215525954961777,
        0.007226206827908754,
        0.007311055436730385,
        0.0076941242441535,
        0.008169373497366905,
        0.00935401115566492,
        0.00905392225831747,
        0.008126773871481419,
        0.007473251782357693,
        0.00723142409697175,
        0.007567744702100754,
        0.0075945477001369,
        0.007976602762937546,
        0.008489859290421009,
        0.008688423782587051,
        0.00829614419490099,
        0.007929590530693531,
        0.0077836583368480206,
        0.007594429887831211,
        0.007423671428114176,
        0.007388886995613575,
        0.007742077112197876,
        0.00869771558791399,
        0.009769178926944733,
        0.010582437738776207,
        0.011376840993762016,
        0.011735004372894764,
        0.01147768460214138,
        0.010559869930148125,
        0.00923591386526823,
        0.008793694898486137,
        0.008706854656338692,
        0.008548921905457973,
        0.007700294256210327,
        0.0069360085763037205,
        0.0061643063090741634,
        0.005857141222804785,
        0.00583367794752121,
        0.006220872979611158,
        0.006373621057718992,
        0.006449361331760883,
        0.006736428011208773,
        0.006803671829402447,
        0.006996099837124348,
        0.007157427258789539,
        0.007173213176429272,
        0.007002619560807943,
        0.006322734523564577,
        0.00607326440513134,
        0.005778436083346605,
        0.006037208251655102,
        0.006066848523914814
    ]
}