{
    "epoch": [
        0,
        1,
        2,
        3,
        4,
        5,
        6,
        7,
        8,
        9,
        10,
        11,
        12,
        13,
        14,
        15,
        16,
        17,
        18,
        19,
        20,
        21,
        22,
        23,
        24,
        25,
        26,
        27,
        28,
        29,
        30,
        31,
        32,
        33,
        34,
        35,
        36,
        37,
        38,
        39,
        40,
        41,
        42,
        43,
        44,
        45,
        46,
        47,
        48,
        49,
        50,
        51,
        52,
        53,
        54,
        55,
        56,
        57,
        58,
        59,
        60,
        61,
        62,
        63,
        64,
        65,
        66,
        67,
        68,
        69,
        70,
        71,
        72,
        73,
        74,
        75,
        76,
        77,
        78,
        79,
        80,
        81,
        82,
        83,
        84,
        85,
        86,
        87,
        88,
        89,
        90,
        91,
        92,
        93,
        94,
        95,
        96,
        97,
        98,
        99
    ],
    "train_loss": [
        0.09010982513427734,
        0.05003815516829491,
        0.03696173429489136,
        0.03322174772620201,
        0.027610188350081444,
        0.025325894355773926,
        0.021555723622441292,
        0.02090652473270893,
        0.02091285213828087,
        0.01933339610695839,
        0.017803696915507317,
        0.01599545031785965,
        0.01611717790365219,
        0.016178496181964874,
        0.016127292066812515,
        0.01645573228597641,
        0.015889847651124,
        0.015846220776438713,
        0.016751673072576523,
        0.01635614223778248,
        0.015807731077075005,
        0.01532596256583929,
        0.015336165204644203,
        0.015241870656609535,
        0.015150854364037514,
        0.017785271629691124,
        0.017086783424019814,
        0.015741752460598946,
        0.014951087534427643,
        0.014063042588531971,
        0.014929700642824173,
        0.014575328677892685,
        0.014251882210373878,
        0.013883799314498901,
        0.013474837876856327,
        0.01359543576836586,
        0.01338285207748413,
        0.013244927860796452,
        0.0131657300516963,
        0.013058804906904697,
        0.013400360941886902,
        0.013302348554134369,
        0.013145535252988338,
        0.013166364282369614,
        0.01309516653418541,
        0.013165002688765526,
        0.012997382320463657,
        0.012841131538152695,
        0.012742064893245697,
        0.012661506421864033,
        0.012547625228762627,
        0.012528463266789913,
        0.012595520354807377,
        0.012598713859915733,
        0.012624939903616905,
        0.012540007010102272,
        0.012536121532320976,
        0.012589908204972744,
        0.012641547247767448,
        0.012588840909302235,
        0.012609788216650486,
        0.012682790867984295,
        0.012653922662138939,
        0.012649412266910076,
        0.012646456249058247,
        0.012761027552187443,
        0.012766746804118156,
        0.012770538218319416,
        0.012776113115251064,
        0.012695705518126488,
        0.012706681154668331,
        0.012687893584370613,
        0.012643188238143921,
        0.012641786597669125,
        0.012562326155602932,
        0.01252730842679739,
        0.012479186989367008,
        0.012458340264856815,
        0.012449264526367188,
        0.012453079223632812,
        0.012487166561186314,
        0.0125517463311553,
        0.012556781992316246,
        0.012561369687318802,
        0.012582010589540005,
        0.012592446058988571,
        0.01258754637092352,
        0.01260064635425806,
        0.012626700103282928,
        0.012627367861568928,
        0.012610127218067646,
        0.012645887210965157,
        0.012694119475781918,
        0.01272612065076828,
        0.012792316265404224,
        0.012801374308764935,
        0.01285090297460556,
        0.01286373846232891,
        0.012840643525123596,
        0.012835890986025333
    ]
}