{
    "epoch": [
        0,
        1,
        2,
        3,
        4,
        5,
        6,
        7,
        8,
        9,
        10,
        11,
        12,
        13,
        14,
        15,
        16,
        17,
        18,
        19,
        20,
        21,
        22,
        23,
        24,
        25,
        26,
        27,
        28,
        29,
        30,
        31,
        32,
        33,
        34,
        35,
        36,
        37,
        38,
        39,
        40,
        41,
        42,
        43,
        44,
        45,
        46,
        47,
        48,
        49,
        50,
        51,
        52,
        53,
        54,
        55,
        56,
        57,
        58,
        59,
        60,
        61,
        62,
        63,
        64,
        65,
        66,
        67,
        68,
        69,
        70,
        71,
        72,
        73,
        74,
        75,
        76,
        77,
        78,
        79,
        80,
        81,
        82,
        83,
        84,
        85,
        86,
        87,
        88,
        89,
        90,
        91,
        92,
        93,
        94,
        95,
        96,
        97,
        98,
        99
    ],
    "train_loss": [
        0.05725637823343277,
        0.02401662990450859,
        0.018555086106061935,
        0.014245722442865372,
        0.009904908947646618,
        0.008509418927133083,
        0.007871804758906364,
        0.007403059862554073,
        0.006882012821733952,
        0.0068536619655787945,
        0.006537312641739845,
        0.00684605585411191,
        0.006595329847186804,
        0.006123828236013651,
        0.006230530794709921,
        0.0059949555434286594,
        0.005946272984147072,
        0.005729050375521183,
        0.00557642662897706,
        0.005654852371662855,
        0.005483786575496197,
        0.005442770663648844,
        0.005448043812066317,
        0.005405752453953028,
        0.005446052178740501,
        0.005521089769899845,
        0.005516938865184784,
        0.005337705370038748,
        0.005431081634014845,
        0.005533213261514902,
        0.0056344266049563885,
        0.005674692802131176,
        0.006212632637470961,
        0.006291211117058992,
        0.00675590243190527,
        0.0072221229784190655,
        0.008112769573926926,
        0.00847378745675087,
        0.008993198163807392,
        0.009190978482365608,
        0.009874694049358368,
        0.010362068191170692,
        0.011197616346180439,
        0.011356315575540066,
        0.011928942054510117,
        0.01283273659646511,
        0.013070710934698582,
        0.013724952936172485,
        0.013880476355552673,
        0.014021513052284718,
        0.01367016788572073,
        0.014054456725716591,
        0.014887579716742039,
        0.015359148383140564,
        0.016122452914714813,
        0.01665288209915161,
        0.016827646642923355,
        0.016812056303024292,
        0.016822250559926033,
        0.017786985263228416,
        0.018335387110710144,
        0.018750246614217758,
        0.019675394520163536,
        0.019822418689727783,
        0.019547834992408752,
        0.020268578082323074,
        0.019534504041075706,
        0.01835537888109684,
        0.01825287751853466,
        0.017598427832126617,
        0.017486970871686935,
        0.017372844740748405,
        0.01781160943210125,
        0.017628204077482224,
        0.017009511590003967,
        0.016552947461605072,
        0.017046112567186356,
        0.017564263194799423,
        0.017524337396025658,
        0.017924604937434196,
        0.018116820603609085,
        0.01857006922364235,
        0.01820523291826248,
        0.01728169247508049,
        0.01697525382041931,
        0.016426725313067436,
        0.016623713076114655,
        0.015850767493247986,
        0.01557497214525938,
        0.014974594116210938,
        0.014773987233638763,
        0.014400897547602654,
        0.013473458588123322,
        0.013504410162568092,
        0.012841053307056427,
        0.012309757061302662,
        0.011949609965085983,
        0.01166448462754488,
        0.011296771466732025,
        0.010981460101902485
    ]
}