{
    "epoch": [
        0,
        1,
        2,
        3,
        4,
        5,
        6,
        7,
        8,
        9,
        10,
        11,
        12,
        13,
        14,
        15,
        16,
        17,
        18,
        19,
        20,
        21,
        22,
        23,
        24,
        25,
        26,
        27,
        28,
        29,
        30,
        31,
        32,
        33,
        34,
        35,
        36,
        37,
        38,
        39,
        40,
        41,
        42,
        43,
        44,
        45,
        46,
        47,
        48,
        49,
        50,
        51,
        52,
        53,
        54,
        55,
        56,
        57,
        58,
        59,
        60,
        61,
        62,
        63,
        64,
        65,
        66,
        67,
        68,
        69,
        70,
        71,
        72,
        73,
        74,
        75,
        76,
        77,
        78,
        79,
        80,
        81,
        82,
        83,
        84,
        85,
        86,
        87,
        88,
        89,
        90,
        91,
        92,
        93,
        94,
        95,
        96,
        97,
        98,
        99
    ],
    "train_loss": [
        0.032250914722681046,
        0.012639161199331284,
        0.018778078258037567,
        0.014041502960026264,
        0.014132726937532425,
        0.013993359170854092,
        0.013941703364253044,
        0.013642231933772564,
        0.01355618517845869,
        0.013614346273243427,
        0.013618934899568558,
        0.013628707267343998,
        0.013600373640656471,
        0.013432614505290985,
        0.013114838860929012,
        0.013120656833052635,
        0.013036714866757393,
        0.013101032935082912,
        0.01306499820202589,
        0.01276380568742752,
        0.013568232767283916,
        0.012254679575562477,
        0.011823037639260292,
        0.011970965191721916,
        0.01165620144456625,
        0.011915238574147224,
        0.011956783011555672,
        0.01199722196906805,
        0.01202847808599472,
        0.011968237347900867,
        0.011911951936781406,
        0.011942559853196144,
        0.011948834173381329,
        0.011917990632355213,
        0.011905808001756668,
        0.011900234967470169,
        0.011875063180923462,
        0.0118607422336936,
        0.011858582496643066,
        0.011884836480021477,
        0.01191097591072321,
        0.0118967704474926,
        0.011891226284205914,
        0.011879564262926579,
        0.011861118488013744,
        0.011800448410212994,
        0.011767194606363773,
        0.011810626834630966,
        0.011591719463467598,
        0.011249923147261143,
        0.010818342678248882,
        0.010629384778439999,
        0.010599781759083271,
        0.010724550113081932,
        0.010707972571253777,
        0.010675830766558647,
        0.01056602131575346,
        0.010448731482028961,
        0.010427041910588741,
        0.01042090728878975,
        0.01043617445975542,
        0.010520605370402336,
        0.01054602861404419,
        0.010404737666249275,
        0.010360031388700008,
        0.010409170761704445,
        0.010560070164501667,
        0.01048161368817091,
        0.010454571805894375,
        0.010397088713943958,
        0.010365412570536137,
        0.010342806577682495,
        0.010348064824938774,
        0.010213903151452541,
        0.010284089483320713,
        0.010247928090393543,
        0.01017217431217432,
        0.010261072777211666,
        0.010258723981678486,
        0.010290760546922684,
        0.010281809605658054,
        0.010131045244634151,
        0.010075860656797886,
        0.010070344433188438,
        0.00996151752769947,
        0.009935175068676472,
        0.009880319237709045,
        0.009784643538296223,
        0.009806505404412746,
        0.009898132644593716,
        0.00990001019090414,
        0.009862110018730164,
        0.0097997160628438,
        0.009784073568880558,
        0.009803633205592632,
        0.009803633205592632,
        0.00981048308312893,
        0.009838233701884747,
        0.00985157024115324,
        0.009873450733721256
    ]
}