{
    "epoch": [
        0,
        1,
        2,
        3,
        4,
        5,
        6,
        7,
        8,
        9,
        10,
        11,
        12,
        13,
        14,
        15,
        16,
        17,
        18,
        19,
        20,
        21,
        22,
        23,
        24,
        25,
        26,
        27,
        28,
        29,
        30,
        31,
        32,
        33,
        34,
        35,
        36,
        37,
        38,
        39,
        40,
        41,
        42,
        43,
        44,
        45,
        46,
        47,
        48,
        49,
        50,
        51,
        52,
        53,
        54,
        55,
        56,
        57,
        58,
        59,
        60,
        61,
        62,
        63,
        64,
        65,
        66,
        67,
        68,
        69,
        70,
        71,
        72,
        73,
        74,
        75,
        76,
        77,
        78,
        79,
        80,
        81,
        82,
        83,
        84,
        85,
        86,
        87,
        88,
        89,
        90,
        91,
        92,
        93,
        94,
        95,
        96,
        97,
        98,
        99
    ],
    "train_loss": [
        0.6617962121963501,
        0.05248212441802025,
        0.023312868550419807,
        0.019476016983389854,
        0.013773069716989994,
        0.016651375219225883,
        0.012189208529889584,
        0.010710076428949833,
        0.008711726404726505,
        0.009519673883914948,
        0.00954936072230339,
        0.00736510893329978,
        0.007054476998746395,
        0.009151776321232319,
        0.005984081886708736,
        0.006908982992172241,
        0.006616928149014711,
        0.007149449549615383,
        0.005902108270674944,
        0.005909118335694075,
        0.005460283253341913,
        0.009493674151599407,
        0.011943754740059376,
        0.007739705499261618,
        0.008039680309593678,
        0.008574060164391994,
        0.008289498277008533,
        0.008309437893331051,
        0.008421013131737709,
        0.008162401616573334,
        0.008546524681150913,
        0.0069464645348489285,
        0.006966316606849432,
        0.007257562130689621,
        0.007564645726233721,
        0.00756623363122344,
        0.007292430382221937,
        0.007712449878454208,
        0.007911196909844875,
        0.008473697118461132,
        0.008061566390097141,
        0.008332101628184319,
        0.008430497720837593,
        0.007985650561749935,
        0.007815487682819366,
        0.00784318521618843,
        0.007762318942695856,
        0.008005660958588123,
        0.007844988256692886,
        0.007841755636036396,
        0.007839818485081196,
        0.007940432988107204,
        0.007918573915958405,
        0.007703778333961964,
        0.007668090984225273,
        0.0077406661584973335,
        0.007677269633859396,
        0.007534910459071398,
        0.00753118796274066,
        0.00753118796274066,
        0.007639741059392691,
        0.0073627508245408535,
        0.007313024718314409,
        0.007356511894613504,
        0.0072068339213728905,
        0.007160167675465345,
        0.007158377673476934,
        0.007158378139138222,
        0.007158377673476934,
        0.007158378139138222,
        0.007158377673476934,
        0.007158377673476934,
        0.007158378139138222,
        0.007158378139138222,
        0.007158377673476934,
        0.007158377673476934,
        0.007158377673476934,
        0.007158377673476934,
        0.007158377673476934,
        0.007158377673476934,
        0.007158377673476934,
        0.007158377673476934,
        0.007158377673476934,
        0.007158377673476934,
        0.007158378139138222,
        0.007158377673476934,
        0.007158377673476934,
        0.007158378139138222,
        0.007158377673476934,
        0.007158366031944752,
        0.007158374879509211,
        0.007158374413847923,
        0.007158374413847923,
        0.007158374413847923,
        0.007158374413847923,
        0.006953549105674028,
        0.006953893695026636,
        0.007030385546386242,
        0.00693114846944809,
        0.00693114846944809
    ]
}