{
    "epoch": [
        0,
        1,
        2,
        3,
        4,
        5,
        6,
        7,
        8,
        9,
        10,
        11,
        12,
        13,
        14,
        15,
        16,
        17,
        18,
        19,
        20,
        21,
        22,
        23,
        24,
        25,
        26,
        27,
        28,
        29,
        30,
        31,
        32,
        33,
        34,
        35,
        36,
        37,
        38,
        39,
        40,
        41,
        42,
        43,
        44,
        45,
        46,
        47,
        48,
        49,
        50,
        51,
        52,
        53,
        54,
        55,
        56,
        57,
        58,
        59,
        60,
        61,
        62,
        63,
        64,
        65,
        66,
        67,
        68,
        69,
        70,
        71,
        72,
        73,
        74,
        75,
        76,
        77,
        78,
        79,
        80,
        81,
        82,
        83,
        84,
        85,
        86,
        87,
        88,
        89,
        90,
        91,
        92,
        93,
        94,
        95,
        96,
        97,
        98,
        99
    ],
    "train_loss": [
        0.5751364231109619,
        0.4792635142803192,
        0.42100387811660767,
        0.36451292037963867,
        0.2801492214202881,
        0.1926729828119278,
        0.14233198761940002,
        0.10251248627901077,
        0.07040154933929443,
        0.05286116898059845,
        0.04203997179865837,
        0.03312186896800995,
        0.029725590720772743,
        0.02975919283926487,
        0.0346616730093956,
        0.025195738300681114,
        0.022088639438152313,
        0.020504197105765343,
        0.01975727453827858,
        0.016767244786024094,
        0.014824898913502693,
        0.00976651068776846,
        0.010540411807596684,
        0.009674204513430595,
        0.012476884759962559,
        0.007941355928778648,
        0.007210656069219112,
        0.0075833965092897415,
        0.008226408623158932,
        0.007809104397892952,
        0.007865573279559612,
        0.007142090238630772,
        0.0067910379730165005,
        0.006488953251391649,
        0.006917786318808794,
        0.006899259518831968,
        0.006875678896903992,
        0.006796202156692743,
        0.006459920201450586,
        0.006364790257066488,
        0.006425501778721809,
        0.006463794969022274,
        0.006036537699401379,
        0.006003492046147585,
        0.0058639696799218655,
        0.00594461802393198,
        0.005864960141479969,
        0.006003147456794977,
        0.00613737478852272,
        0.0061361114494502544,
        0.0061014872044324875,
        0.006064764689654112,
        0.006208617705851793,
        0.005644402001053095,
        0.005821613594889641,
        0.006247642915695906,
        0.006077177356928587,
        0.005591323133558035,
        0.005871486384421587,
        0.005970422178506851,
        0.006219560280442238,
        0.006524720694869757,
        0.005985289346426725,
        0.00615982199087739,
        0.006263157818466425,
        0.006831600330770016,
        0.0069522191770374775,
        0.006960626225918531,
        0.0070039937272667885,
        0.007158764638006687,
        0.006821278482675552,
        0.0067274426110088825,
        0.006464114412665367,
        0.006370941177010536,
        0.006281706038862467,
        0.0063232239335775375,
        0.006219372618943453,
        0.0062346020713448524,
        0.005942624527961016,
        0.006226161029189825,
        0.0065115937031805515,
        0.006738101597875357,
        0.006677583325654268,
        0.006595407612621784,
        0.006766660138964653,
        0.0065426332876086235,
        0.007035383488982916,
        0.006882557645440102,
        0.006344152148813009,
        0.0062956903129816055,
        0.00655111251398921,
        0.006186355371028185,
        0.006570103112608194,
        0.0062306770123541355,
        0.006174108479171991,
        0.0063170925714075565,
        0.006365613546222448,
        0.006697223987430334,
        0.006717450451105833,
        0.006973908748477697
    ]
}