{
    "epoch": [
        0,
        1,
        2,
        3,
        4,
        5,
        6,
        7,
        8,
        9,
        10,
        11,
        12,
        13,
        14,
        15,
        16,
        17,
        18,
        19,
        20,
        21,
        22,
        23,
        24,
        25,
        26,
        27,
        28,
        29,
        30,
        31,
        32,
        33,
        34,
        35,
        36,
        37,
        38,
        39,
        40,
        41,
        42,
        43,
        44,
        45,
        46,
        47,
        48,
        49,
        50,
        51,
        52,
        53,
        54,
        55,
        56,
        57,
        58,
        59,
        60,
        61,
        62,
        63,
        64,
        65,
        66,
        67,
        68,
        69,
        70,
        71,
        72,
        73,
        74,
        75,
        76,
        77,
        78,
        79,
        80,
        81,
        82,
        83,
        84,
        85,
        86,
        87,
        88,
        89,
        90,
        91,
        92,
        93,
        94,
        95,
        96,
        97,
        98,
        99
    ],
    "train_loss": [
        0.40508541464805603,
        0.29783710837364197,
        0.25732800364494324,
        0.22855129837989807,
        0.20681743323802948,
        0.22177667915821075,
        0.17992086708545685,
        0.1583687961101532,
        0.13488468527793884,
        0.11851450800895691,
        0.11874716728925705,
        0.09883219748735428,
        0.0884018987417221,
        0.0824395939707756,
        0.07761668413877487,
        0.07739770412445068,
        0.07184960693120956,
        0.06646277755498886,
        0.0616864413022995,
        0.058610860258340836,
        0.05902373045682907,
        0.05664273351430893,
        0.05387561768293381,
        0.05151405557990074,
        0.0494832918047905,
        0.05080258473753929,
        0.048476967960596085,
        0.047552093863487244,
        0.046208932995796204,
        0.04479134455323219,
        0.046167101711034775,
        0.04411512613296509,
        0.04321928694844246,
        0.042374372482299805,
        0.04134105145931244,
        0.044280633330345154,
        0.04143684357404709,
        0.03929879516363144,
        0.03864846006035805,
        0.03777302801609039,
        0.043151937425136566,
        0.03934348002076149,
        0.036803316324949265,
        0.035979874432086945,
        0.03536299243569374,
        0.038215115666389465,
        0.03585728257894516,
        0.035336513072252274,
        0.03353019803762436,
        0.03330107405781746,
        0.0337396040558815,
        0.0334508903324604,
        0.033904578536748886,
        0.03373301029205322,
        0.035086099058389664,
        0.0353907011449337,
        0.03511418029665947,
        0.03735160827636719,
        0.04177069664001465,
        0.03075931966304779,
        0.026601465418934822,
        0.02400641329586506,
        0.020142361521720886,
        0.019113849848508835,
        0.016818488016724586,
        0.01659681648015976,
        0.017281124368309975,
        0.017636701464653015,
        0.014857416041195393,
        0.013381005264818668,
        0.014748658053576946,
        0.013778154738247395,
        0.01278917770832777,
        0.0117809372022748,
        0.009837633930146694,
        0.009347735904157162,
        0.00879476498812437,
        0.009448676370084286,
        0.009276403114199638,
        0.01068425178527832,
        0.008540801703929901,
        0.008225244469940662,
        0.0077906763181090355,
        0.007547648157924414,
        0.007605619262903929,
        0.007800532504916191,
        0.007798759266734123,
        0.00827566348016262,
        0.007949737831950188,
        0.007712109945714474,
        0.007576268631964922,
        0.007566979620605707,
        0.007566117215901613,
        0.00829398725181818,
        0.00841610413044691,
        0.008712862618267536,
        0.009361019358038902,
        0.008337588980793953,
        0.00783698819577694,
        0.007560942322015762
    ]
}