{
    "epoch": [
        0,
        1,
        2,
        3,
        4,
        5,
        6,
        7,
        8,
        9,
        10,
        11,
        12,
        13,
        14,
        15,
        16,
        17,
        18,
        19,
        20,
        21,
        22,
        23,
        24,
        25,
        26,
        27,
        28,
        29,
        30,
        31,
        32,
        33,
        34,
        35,
        36,
        37,
        38,
        39,
        40,
        41,
        42,
        43,
        44,
        45,
        46,
        47,
        48,
        49,
        50,
        51,
        52,
        53,
        54,
        55,
        56,
        57,
        58,
        59,
        60,
        61,
        62,
        63,
        64,
        65,
        66,
        67,
        68,
        69,
        70,
        71,
        72,
        73,
        74,
        75,
        76,
        77,
        78,
        79,
        80,
        81,
        82,
        83,
        84,
        85,
        86,
        87,
        88,
        89,
        90,
        91,
        92,
        93,
        94,
        95,
        96,
        97,
        98,
        99
    ],
    "train_loss": [
        0.23222139477729797,
        0.17935650050640106,
        0.152187779545784,
        0.14172135293483734,
        0.11654361337423325,
        0.1626444160938263,
        0.12381912767887115,
        0.10963127762079239,
        0.0981743261218071,
        0.09477431327104568,
        0.09319157898426056,
        0.08881082385778427,
        0.08702611923217773,
        0.08559947460889816,
        0.08377719670534134,
        0.08605516701936722,
        0.08190992474555969,
        0.07998165488243103,
        0.0787595584988594,
        0.07621554285287857,
        0.07967346906661987,
        0.07735651731491089,
        0.07549144327640533,
        0.07176221162080765,
        0.06921036541461945,
        0.0710960105061531,
        0.06197167560458183,
        0.05881476774811745,
        0.05519942566752434,
        0.053348686546087265,
        0.07996156066656113,
        0.05908551812171936,
        0.055075500160455704,
        0.051666103303432465,
        0.04983874037861824,
        0.05265763774514198,
        0.05024817958474159,
        0.04890798404812813,
        0.04805337265133858,
        0.04749343544244766,
        0.04570132866501808,
        0.04520513489842415,
        0.04453520476818085,
        0.04477020353078842,
        0.04334976151585579,
        0.048479776829481125,
        0.04485003650188446,
        0.04308805614709854,
        0.04207349941134453,
        0.04199399799108505,
        0.04151664301753044,
        0.04065732657909393,
        0.04025944694876671,
        0.03934796527028084,
        0.03794717788696289,
        0.03662398084998131,
        0.03600874915719032,
        0.0353461354970932,
        0.03448835760354996,
        0.03412832319736481,
        0.03338100388646126,
        0.03257021680474281,
        0.031439438462257385,
        0.030987557023763657,
        0.030790239572525024,
        0.028476547449827194,
        0.0273011215031147,
        0.026808755472302437,
        0.0259438194334507,
        0.02449706569314003,
        0.02350328117609024,
        0.022752588614821434,
        0.02218785136938095,
        0.02174573391675949,
        0.02035261131823063,
        0.020408764481544495,
        0.02049601823091507,
        0.020924191921949387,
        0.020324409008026123,
        0.019304495304822922,
        0.019115792587399483,
        0.019141824916005135,
        0.01872839778661728,
        0.018241621553897858,
        0.01843852363526821,
        0.01756846159696579,
        0.017554273828864098,
        0.01711360737681389,
        0.016340771690011024,
        0.01665358617901802,
        0.017374154180288315,
        0.017222542315721512,
        0.01669463701546192,
        0.016966715455055237,
        0.015140452422201633,
        0.014183033257722855,
        0.013737681321799755,
        0.0134505033493042,
        0.013429555110633373,
        0.013145211152732372
    ]
}