{
    "epoch": [
        0,
        1,
        2,
        3,
        4,
        5,
        6,
        7,
        8,
        9,
        10,
        11,
        12,
        13,
        14,
        15,
        16,
        17,
        18,
        19,
        20,
        21,
        22,
        23,
        24,
        25,
        26,
        27,
        28,
        29,
        30,
        31,
        32,
        33,
        34,
        35,
        36,
        37,
        38,
        39,
        40,
        41,
        42,
        43,
        44,
        45,
        46,
        47,
        48,
        49,
        50,
        51,
        52,
        53,
        54,
        55,
        56,
        57,
        58,
        59,
        60,
        61,
        62,
        63,
        64,
        65,
        66,
        67,
        68,
        69,
        70,
        71,
        72,
        73,
        74,
        75,
        76,
        77,
        78,
        79,
        80,
        81,
        82,
        83,
        84,
        85,
        86,
        87,
        88,
        89,
        90,
        91,
        92,
        93,
        94,
        95,
        96,
        97,
        98,
        99
    ],
    "train_loss": [
        0.023196326568722725,
        0.010165962390601635,
        0.008066101931035519,
        0.011621025390923023,
        0.007767906412482262,
        0.008223451673984528,
        0.007245098240673542,
        0.007108861114829779,
        0.006882171146571636,
        0.006521907635033131,
        0.006539274472743273,
        0.006546257063746452,
        0.006099998019635677,
        0.00541481701657176,
        0.0056275613605976105,
        0.005333786830306053,
        0.0050757876597344875,
        0.005084567237645388,
        0.005226579494774342,
        0.005305973347276449,
        0.005328943952918053,
        0.005247695837169886,
        0.005165672395378351,
        0.005068037658929825,
        0.005094125866889954,
        0.005253519397228956,
        0.005170294549316168,
        0.005057236645370722,
        0.005068168509751558,
        0.004952598828822374,
        0.004926079884171486,
        0.005081238225102425,
        0.005040234420448542,
        0.004832440055906773,
        0.004732784349471331,
        0.0046886662021279335,
        0.004701313562691212,
        0.004750030115246773,
        0.0046585663221776485,
        0.0047069815918803215,
        0.004745866172015667,
        0.004641547333449125,
        0.0045091984793543816,
        0.004470136482268572,
        0.004480273928493261,
        0.004496854264289141,
        0.004524653311818838,
        0.004560261499136686,
        0.004567326977849007,
        0.004502840340137482,
        0.004442507401108742,
        0.004424511920660734,
        0.0043847206979990005,
        0.004526123870164156,
        0.004744572564959526,
        0.0046656252816319466,
        0.004586756695061922,
        0.004707454703748226,
        0.004769498482346535,
        0.004851566627621651,
        0.004833119455724955,
        0.004763554781675339,
        0.004747078754007816,
        0.004787183366715908,
        0.004826262593269348,
        0.004767939914017916,
        0.004691220819950104,
        0.004720207303762436,
        0.00470707518979907,
        0.004645489621907473,
        0.004644704982638359,
        0.004665356129407883,
        0.004746414255350828,
        0.004773443564772606,
        0.004674267489463091,
        0.004603294190019369,
        0.004705206025391817,
        0.00482771173119545,
        0.00476069375872612,
        0.004793839529156685,
        0.004873176105320454,
        0.004942102823406458,
        0.004921443294733763,
        0.004901450593024492,
        0.004917515441775322,
        0.00493595702573657,
        0.004898084327578545,
        0.0048119984567165375,
        0.0047354609705507755,
        0.004758121445775032,
        0.004566151183098555,
        0.00440268125385046,
        0.004195510409772396,
        0.00405040942132473,
        0.003913108259439468,
        0.0038527955766767263,
        0.0037806243635714054,
        0.003685123287141323,
        0.003930252511054277,
        0.004980089142918587
    ]
}