{
    "epoch": [
        0,
        1,
        2,
        3,
        4,
        5,
        6,
        7,
        8,
        9,
        10,
        11,
        12,
        13,
        14,
        15,
        16,
        17,
        18,
        19,
        20,
        21,
        22,
        23,
        24,
        25,
        26,
        27,
        28,
        29,
        30,
        31,
        32,
        33,
        34,
        35,
        36,
        37,
        38,
        39,
        40,
        41,
        42,
        43,
        44,
        45,
        46,
        47,
        48,
        49,
        50,
        51,
        52,
        53,
        54,
        55,
        56,
        57,
        58,
        59,
        60,
        61,
        62,
        63,
        64,
        65,
        66,
        67,
        68,
        69,
        70,
        71,
        72,
        73,
        74,
        75,
        76,
        77,
        78,
        79,
        80,
        81,
        82,
        83,
        84,
        85,
        86,
        87,
        88,
        89,
        90,
        91,
        92,
        93,
        94,
        95,
        96,
        97,
        98,
        99
    ],
    "train_loss": [
        0.029124001041054726,
        0.013357562012970448,
        0.013509143143892288,
        0.010301419533789158,
        0.009418249130249023,
        0.01013423502445221,
        0.010319938883185387,
        0.010207749903202057,
        0.01014575082808733,
        0.009792753495275974,
        0.009617934934794903,
        0.009895581752061844,
        0.010039152577519417,
        0.010053661651909351,
        0.009639373980462551,
        0.009360296651721,
        0.009586816653609276,
        0.009731385856866837,
        0.009430992417037487,
        0.009971849620342255,
        0.010180533863604069,
        0.009637714363634586,
        0.009402628988027573,
        0.00930046383291483,
        0.009159165434539318,
        0.00878552533686161,
        0.008819254115223885,
        0.008848215453326702,
        0.008665480650961399,
        0.00991943757981062,
        0.009806201793253422,
        0.009706978686153889,
        0.00947618018835783,
        0.009307203814387321,
        0.009239232167601585,
        0.009230493567883968,
        0.009150666184723377,
        0.009084848687052727,
        0.008869894780218601,
        0.008837118744850159,
        0.008881055749952793,
        0.008799386210739613,
        0.008682802319526672,
        0.008696305565536022,
        0.008638212457299232,
        0.008605580776929855,
        0.00859425775706768,
        0.008590113371610641,
        0.00855211354792118,
        0.008503030985593796,
        0.008487210609018803,
        0.008513148874044418,
        0.008562021888792515,
        0.008557717315852642,
        0.008579971268773079,
        0.008591903373599052,
        0.008573653176426888,
        0.008732040412724018,
        0.011455503292381763,
        0.013557491824030876,
        0.01529055368155241,
        0.019078215584158897,
        0.02181786298751831,
        0.022703979164361954,
        0.022360118106007576,
        0.021311724558472633,
        0.02040400356054306,
        0.01841646246612072,
        0.01632234826683998,
        0.015497587621212006,
        0.014635419473052025,
        0.013736048713326454,
        0.011857571080327034,
        0.011020873673260212,
        0.010697472840547562,
        0.010426003485918045,
        0.010386252775788307,
        0.010244693607091904,
        0.0101848803460598,
        0.01035099197179079,
        0.010641087777912617,
        0.010803242214024067,
        0.011048436164855957,
        0.010748236440122128,
        0.01042287889868021,
        0.010179809294641018,
        0.009993091225624084,
        0.009872366674244404,
        0.009937543421983719,
        0.009892498143017292,
        0.009948568418622017,
        0.009989266283810139,
        0.010320957750082016,
        0.010583181865513325,
        0.011024730280041695,
        0.010949144139885902,
        0.010870356112718582,
        0.010849472135305405,
        0.010758752934634686,
        0.01068238727748394
    ]
}