{
    "epoch": [
        0,
        1,
        2,
        3,
        4,
        5,
        6,
        7,
        8,
        9,
        10,
        11,
        12,
        13,
        14,
        15,
        16,
        17,
        18,
        19,
        20,
        21,
        22,
        23,
        24,
        25,
        26,
        27,
        28,
        29,
        30,
        31,
        32,
        33,
        34,
        35,
        36,
        37,
        38,
        39,
        40,
        41,
        42,
        43,
        44,
        45,
        46,
        47,
        48,
        49,
        50,
        51,
        52,
        53,
        54,
        55,
        56,
        57,
        58,
        59,
        60,
        61,
        62,
        63,
        64,
        65,
        66,
        67,
        68,
        69,
        70,
        71,
        72,
        73,
        74,
        75,
        76,
        77,
        78,
        79,
        80,
        81,
        82,
        83,
        84,
        85,
        86,
        87,
        88,
        89,
        90,
        91,
        92,
        93,
        94,
        95,
        96,
        97,
        98,
        99
    ],
    "train_loss": [
        0.188075989484787,
        0.0799732431769371,
        0.05700384080410004,
        0.041592787951231,
        0.03422443941235542,
        0.02765621244907379,
        0.02560935728251934,
        0.023793959990143776,
        0.02293127216398716,
        0.02152070216834545,
        0.0232399832457304,
        0.023997487500309944,
        0.023372620344161987,
        0.020537080243229866,
        0.01811930723488331,
        0.017417658120393753,
        0.017172744497656822,
        0.01666671223938465,
        0.01691911369562149,
        0.01693359576165676,
        0.0261452067643404,
        0.01868920959532261,
        0.01697143167257309,
        0.016348397359251976,
        0.01662427932024002,
        0.02278878726065159,
        0.021480746567249298,
        0.019486278295516968,
        0.01818070001900196,
        0.016841016709804535,
        0.018264509737491608,
        0.017929846420884132,
        0.017234906554222107,
        0.01701526530086994,
        0.016960959881544113,
        0.020195385441184044,
        0.01959490403532982,
        0.018518099561333656,
        0.017738115042448044,
        0.017233697697520256,
        0.018915757536888123,
        0.01863461546599865,
        0.01839492656290531,
        0.018421152606606483,
        0.01810338906943798,
        0.018926825374364853,
        0.018720796331763268,
        0.01861543394625187,
        0.018367508426308632,
        0.018243813887238503,
        0.01823357492685318,
        0.018215468153357506,
        0.017867321148514748,
        0.017681719735264778,
        0.01753240078687668,
        0.01742320880293846,
        0.017345072701573372,
        0.017306169494986534,
        0.017306169494986534,
        0.017285142093896866,
        0.01707949861884117,
        0.016983944922685623,
        0.01687968336045742,
        0.016835466027259827,
        0.016708802431821823,
        0.016690129414200783,
        0.016690129414200783,
        0.016690129414200783,
        0.016690129414200783,
        0.016690129414200783,
        0.01656133122742176,
        0.016297006979584694,
        0.016150757670402527,
        0.016136636957526207,
        0.016062183305621147,
        0.015968428924679756,
        0.015880119055509567,
        0.01583924889564514,
        0.015812020748853683,
        0.015643982216715813,
        0.015582137741148472,
        0.015564817935228348,
        0.015612718649208546,
        0.015713006258010864,
        0.01562914438545704,
        0.015586278401315212,
        0.015452875755727291,
        0.015104730613529682,
        0.015163521282374859,
        0.01503795851022005,
        0.014993924647569656,
        0.014846498146653175,
        0.014870820567011833,
        0.01490037515759468,
        0.01499442383646965,
        0.014987028203904629,
        0.015047580935060978,
        0.014924796298146248,
        0.014922295697033405,
        0.014932768419384956
    ]
}