{
    "timestamp": "20250509_122018",
    "config": {
        "m": 1.0,
        "c": 0.1,
        "k": 5.0,
        "force_type": "none",
        "amplitude": 1.0,
        "freq": 1.0,
        "random_seed": 42,
        "x0": 1.0,
        "v0": 0.0,
        "t_max": 10.0,
        "dt": 0.02,
        "noise_std": 0.05
    },
    "true_parameters": [
        1.0,
        0.1,
        5.0
    ],
    "estimated_parameters": [
        0.9847334484496584,
        0.01,
        0.01
    ],
    "parameter_errors": [
        1.5266551550341623,
        90.0,
        99.8
    ],
    "force_rmse": 4.991816238175114,
    "confidence_score": 0.7,
    "estimation_status": "high_confidence",
    "symbolic_formula": "([-0.186395124405825*x_1 - 0.00551459649783192*x_2 + 0.967508854259638*x_3 - 0.251698052797098], [x_1, x_2, x_3])"
}