{
    "timestamp": "20250114_140356",
    "method": "mlp",
    "configuration": {
        "m": 1.0,
        "c": 1.0,
        "k": 1.0,
        "force_type": "sine",
        "amplitude": 1.0,
        "freq": 1.0,
        "random_seed": 42,
        "x0": 0.0,
        "v0": 0.0,
        "t_max": 10.0,
        "dt": 0.02,
        "noise_std": 0.05
    },
    "true_parameters": [
        1.0,
        1.0,
        1.0
    ],
    "estimated_parameters": [
        0.05948837542206179,
        0.0,
        0.0
    ],
    "parameter_errors": [
        94.05116245779382,
        100.0,
        100.0
    ],
    "force_rmse": 0.0727396532409524,
    "optimization_info": {
        "success": true,
        "message": "MLP training and SINDy parameter estimation completed",
        "hyperparameters": {
            "hidden_sizes": [
                512,
                1024,
                512,
                256
            ],
            "batch_size": 64,
            "learning_rate": 0.002,
            "weight_decay": 0.05,
            "dropout": 0.3
        },
        "mlp_training": {
            "best_val_loss": 1.894038736820221,
            "train_losses": [
                7.56500883102417,
                5.116158819198608,
                4.081879901885986,
                3.332184886932373,
                3.527378511428833,
                3.3068910121917723,
                3.2001881122589113,
                3.026898956298828,
                3.4206892013549806,
                3.616719675064087,
                3.5358863830566407,
                3.606875276565552,
                3.3945438861846924,
                3.9091266632080077,
                3.542604160308838,
                3.24587082862854,
                3.5541529178619387,
                3.2750375270843506,
                3.479504442214966,
                3.7632986068725587,
                3.084277296066284,
                3.133057641983032,
                2.7220895767211912,
                2.623662805557251,
                2.9474817752838134,
                3.222783088684082,
                3.2219876289367675,
                3.0364670276641847,
                2.7794254779815675,
                2.8718737602233886,
                3.5592636585235597,
                3.337961769104004,
                3.4864124298095702,
                2.8453716039657593,
                3.4366849422454835,
                3.4988564014434815,
                3.030253028869629,
                2.9480228424072266,
                2.410243558883667,
                2.573622226715088,
                2.8971030712127686,
                3.0066418647766113,
                2.604958486557007,
                3.015029954910278,
                2.8438565254211428,
                3.127602791786194,
                2.73040566444397,
                2.744150161743164,
                3.2212241172790526,
                2.279407835006714,
                2.5829934597015383,
                2.5017995834350586,
                2.814902400970459,
                2.7116173267364503,
                2.520698833465576,
                2.7780566215515137,
                2.6480958700180053,
                2.747551107406616,
                2.5283428192138673,
                2.5123749494552614,
                2.6308921337127686,
                2.113646650314331,
                2.209055280685425,
                2.490728807449341,
                2.620931625366211,
                2.5617038726806642,
                2.2608726978302003,
                2.7176455736160277,
                2.4569525480270387,
                2.507639455795288,
                2.9237329006195067,
                2.457620882987976,
                2.261415791511536,
                2.4554584503173826,
                2.0890305995941163,
                2.2476625442504883,
                2.1636000156402586,
                2.078150820732117,
                1.9527469873428345,
                2.0649877548217774,
                2.356565999984741,
                2.171207046508789,
                2.117097091674805,
                2.3292728424072267,
                2.2213313817977904,
                2.2017509937286377,
                2.2356300592422484,
                2.4269845962524412,
                2.1452977657318115,
                1.99587984085083,
                2.2981043815612794,
                2.3743550300598146,
                3.085993528366089,
                2.240660381317139,
                2.1894273281097414,
                2.23150634765625,
                2.1963176250457765,
                2.1018938541412355,
                2.195792293548584,
                2.2777660369873045,
                2.5514734745025636,
                2.003005313873291,
                2.263884496688843,
                2.254444789886475,
                2.0530240535736084,
                2.070458698272705,
                2.065515732765198,
                2.4244041442871094,
                3.285943078994751,
                2.2344478607177733,
                2.107786703109741,
                2.2765563488006593,
                2.327258062362671,
                2.0378018379211427,
                2.1147835731506346,
                2.0871801137924195,
                2.113677144050598,
                2.242362141609192,
                2.111307382583618,
                2.229817605018616,
                2.320450782775879,
                2.159068489074707,
                2.229639482498169,
                2.1810464382171633,
                2.0967976093292235,
                2.1027825832366944,
                2.4323155879974365,
                2.3509867668151854,
                2.4690928220748902,
                2.5725476264953615,
                2.3178993701934814,
                1.9598965406417848,
                2.203690266609192,
                2.0125098705291746,
                2.229727840423584,
                2.2612517833709718,
                2.009218215942383,
                2.4430834293365478,
                2.122442698478699,
                1.9520920753479003,
                2.2253206729888917,
                2.087417244911194,
                1.987037444114685,
                2.1126612186431886,
                2.143021249771118,
                2.0463663578033446,
                2.6007341861724855,
                2.055869436264038,
                2.2985177993774415,
                2.35238630771637,
                2.7733540296554566,
                2.705131721496582,
                2.2139519691467284,
                1.9976315021514892,
                2.1019336462020872,
                2.170088696479797,
                2.2711622953414916,
                2.6670992851257322,
                2.487291622161865,
                2.176141452789307,
                2.103116512298584,
                2.1812607049942017,
                2.1222908973693846,
                2.275187683105469,
                2.2174572944641113,
                1.9859064817428589,
                2.074994659423828,
                2.0841222763061524,
                1.998097538948059,
                2.1286627054214478,
                2.2533138751983643,
                2.213712787628174,
                1.8827886819839477,
                2.367837381362915,
                2.122459387779236,
                2.1275823593139647,
                2.3560234546661376,
                1.974625039100647,
                2.225951623916626,
                2.289587473869324,
                2.2290944337844847,
                2.2218222618103027
            ],