{
    "epoch": [
        0,
        1,
        2,
        3,
        4,
        5,
        6,
        7,
        8,
        9,
        10,
        11,
        12,
        13,
        14,
        15,
        16,
        17,
        18,
        19,
        20,
        21,
        22,
        23,
        24,
        25,
        26,
        27,
        28,
        29,
        30,
        31,
        32,
        33,
        34,
        35,
        36,
        37,
        38,
        39,
        40,
        41,
        42,
        43,
        44,
        45,
        46,
        47,
        48,
        49,
        50,
        51,
        52,
        53,
        54,
        55,
        56,
        57,
        58,
        59,
        60,
        61,
        62,
        63,
        64,
        65,
        66,
        67,
        68,
        69,
        70,
        71,
        72,
        73,
        74,
        75,
        76,
        77,
        78,
        79,
        80,
        81,
        82,
        83,
        84,
        85,
        86,
        87,
        88,
        89,
        90,
        91,
        92,
        93,
        94,
        95,
        96,
        97,
        98,
        99
    ],
    "train_loss": [
        0.25213295221328735,
        0.11494965106248856,
        0.06426040083169937,
        0.0501881018280983,
        0.04557022079825401,
        0.057382043451070786,
        0.03854411467909813,
        0.03295615315437317,
        0.025727612897753716,
        0.022989647462964058,
        0.024657590314745903,
        0.020726554095745087,
        0.020847423002123833,
        0.019128378480672836,
        0.019282931461930275,
        0.023175377398729324,
        0.018917597830295563,
        0.016541846096515656,
        0.01676120050251484,
        0.01692855730652809,
        0.01847912184894085,
        0.01749824360013008,
        0.01735900714993477,
        0.01641482301056385,
        0.016634974628686905,
        0.017665596678853035,
        0.01734921522438526,
        0.016068678349256516,
        0.01594230718910694,
        0.015580171719193459,
        0.01579262875020504,
        0.016038263216614723,
        0.016312237828969955,
        0.01565510407090187,
        0.015331219881772995,
        0.015707220882177353,
        0.014920379035174847,
        0.015399905852973461,
        0.015493572689592838,
        0.01472133956849575,
        0.014688657596707344,
        0.014509993605315685,
        0.014717154204845428,
        0.014698144048452377,
        0.014265297912061214,
        0.014409731142222881,
        0.014143272303044796,
        0.014340345747768879,
        0.013956044800579548,
        0.013891754671931267,
        0.013905899599194527,
        0.01388972532004118,
        0.01382166426628828,
        0.013815198093652725,
        0.013605095446109772,
        0.013490363024175167,
        0.013451148755848408,
        0.013394906185567379,
        0.013434694148600101,
        0.0134104173630476,
        0.013537107966840267,
        0.013586119748651981,
        0.013701668940484524,
        0.013834775425493717,
        0.014234009198844433,
        0.014511947520077229,
        0.014209805987775326,
        0.014183156192302704,
        0.014268781058490276,
        0.014448595233261585,
        0.014857313595712185,
        0.0150754414498806,
        0.015266585163772106,
        0.015439004637300968,
        0.015491022728383541,
        0.015553203411400318,
        0.015613967552781105,
        0.01562759280204773,
        0.015673259273171425,
        0.015689315274357796,
        0.0157147329300642,
        0.01565498486161232,
        0.015621891245245934,
        0.015596725977957249,
        0.01551988534629345,
        0.01547146774828434,
        0.015437458641827106,
        0.01550478208810091,
        0.0153422262519598,
        0.015229006297886372,
        0.015179945155978203,
        0.015145068988204002,
        0.01503270398825407,
        0.014980828389525414,
        0.014972789213061333,
        0.014911499805748463,
        0.014915515668690205,
        0.014926634728908539,
        0.0149260014295578,
        0.014932314865291119
    ]
}