{
    "epoch": [
        0,
        1,
        2,
        3,
        4,
        5,
        6,
        7,
        8,
        9,
        10,
        11,
        12,
        13,
        14,
        15,
        16,
        17,
        18,
        19,
        20,
        21,
        22,
        23,
        24,
        25,
        26,
        27,
        28,
        29,
        30,
        31,
        32,
        33,
        34,
        35,
        36,
        37,
        38,
        39,
        40,
        41,
        42,
        43,
        44,
        45,
        46,
        47,
        48,
        49,
        50,
        51,
        52,
        53,
        54,
        55,
        56,
        57,
        58,
        59,
        60,
        61,
        62,
        63,
        64,
        65,
        66,
        67,
        68,
        69,
        70,
        71,
        72,
        73,
        74,
        75,
        76,
        77,
        78,
        79,
        80,
        81,
        82,
        83,
        84,
        85,
        86,
        87,
        88,
        89,
        90,
        91,
        92,
        93,
        94,
        95,
        96,
        97,
        98,
        99
    ],
    "train_loss": [
        0.03395247831940651,
        0.022686976939439774,
        0.018997162580490112,
        0.013726910576224327,
        0.015074212104082108,
        0.013988825492560863,
        0.014623373746871948,
        0.013535112142562866,
        0.013038787990808487,
        0.011862299405038357,
        0.01118658110499382,
        0.010946227237582207,
        0.011078521609306335,
        0.010702508501708508,
        0.010511563159525394,
        0.010575908236205578,
        0.010627461597323418,
        0.010378592647612095,
        0.010232644155621529,
        0.010253844782710075,
        0.011170906014740467,
        0.011283481493592262,
        0.011616961099207401,
        0.012528833001852036,
        0.012789236381649971,
        0.0121516864746809,
        0.008359516970813274,
        0.007926114834845066,
        0.006928551942110062,
        0.007677706424146891,
        0.007606829516589642,
        0.008040904998779297,
        0.009415533393621445,
        0.010637965984642506,
        0.010741140693426132,
        0.011239089071750641,
        0.010631721466779709,
        0.009935273788869381,
        0.009533824399113655,
        0.009399030357599258,
        0.00935372058302164,
        0.009151690639555454,
        0.009253183379769325,
        0.009066137485206127,
        0.008944855071604252,
        0.008658015169203281,
        0.008341589942574501,
        0.008270395919680595,
        0.008221208117902279,
        0.00797236803919077,
        0.008097728714346886,
        0.008731236681342125,
        0.009042508900165558,
        0.008538583293557167,
        0.007850644178688526,
        0.0075803413055837154,
        0.00731371995061636,
        0.007114864885807037,
        0.007319736760109663,
        0.007974470965564251,
        0.007907889783382416,
        0.008389037102460861,
        0.00898304209113121,
        0.00916601624339819,
        0.008984987623989582,
        0.0089152492582798,
        0.008544189855456352,
        0.00825145747512579,
        0.008288223296403885,
        0.008325867354869843,
        0.00823603942990303,
        0.008495897985994816,
        0.009245608933269978,
        0.009322588331997395,
        0.009406231343746185,
        0.00941295176744461,
        0.009572933427989483,
        0.009235902689397335,
        0.00934937596321106,
        0.009220778942108154,
        0.008466776460409164,
        0.008052799850702286,
        0.008031442761421204,
        0.007534299045801163,
        0.007386285811662674,
        0.007328847423195839,
        0.007439445238560438,
        0.007257504854351282,
        0.007259892765432596,
        0.007320122793316841,
        0.007269744295626879,
        0.007272715680301189,
        0.007287824526429176,
        0.007310450077056885,
        0.007214084267616272,
        0.0071737198159098625,
        0.007192266173660755,
        0.0072288368828594685,
        0.007216036785393953,
        0.007248420733958483
    ]
}