{
    "epoch": [
        0,
        1,
        2,
        3,
        4,
        5,
        6,
        7,
        8,
        9,
        10,
        11,
        12,
        13,
        14,
        15,
        16,
        17,
        18,
        19,
        20,
        21,
        22,
        23,
        24,
        25,
        26,
        27,
        28,
        29,
        30,
        31,
        32,
        33,
        34,
        35,
        36,
        37,
        38,
        39,
        40,
        41,
        42,
        43,
        44,
        45,
        46,
        47,
        48,
        49,
        50,
        51,
        52,
        53,
        54,
        55,
        56,
        57,
        58,
        59,
        60,
        61,
        62,
        63,
        64,
        65,
        66,
        67,
        68,
        69,
        70,
        71,
        72,
        73,
        74,
        75,
        76,
        77,
        78,
        79,
        80,
        81,
        82,
        83,
        84,
        85,
        86,
        87,
        88,
        89,
        90,
        91,
        92,
        93,
        94,
        95,
        96,
        97,
        98,
        99
    ],
    "train_loss": [
        0.023460179567337036,
        0.010139488615095615,
        0.005867043975740671,
        0.005035847891122103,
        0.004522925242781639,
        0.004707439802587032,
        0.005257973447442055,
        0.004655151627957821,
        0.004633342381566763,
        0.00442232470959425,
        0.0045603071339428425,
        0.004558131098747253,
        0.0044843112118542194,
        0.004427249543368816,
        0.004458946641534567,
        0.004464215599000454,
        0.004422247409820557,
        0.004341951571404934,
        0.004280492197722197,
        0.004310497082769871,
        0.004379893187433481,
        0.004321830812841654,
        0.004319504834711552,
        0.004320167005062103,
        0.004289196338504553,
        0.004275242332369089,
        0.004259847104549408,
        0.0042277369648218155,
        0.004175285343080759,
        0.004175876267254353,
        0.0041748839430511,
        0.004165366291999817,
        0.0042458768002688885,
        0.004390315618366003,
        0.004468193743377924,
        0.0043690563179552555,
        0.004221048671752214,
        0.004131769295781851,
        0.0040892912074923515,
        0.004225089214742184,
        0.00433148629963398,
        0.004311865661293268,
        0.004251537844538689,
        0.004237329121679068,
        0.004294214304536581,
        0.004416036419570446,
        0.004454163834452629,
        0.004448970779776573,
        0.004362594801932573,
        0.0042490833438932896,
        0.004197818227112293,
        0.0041930521838366985,
        0.004269763361662626,
        0.004370741080492735,
        0.004401101265102625,
        0.0043831514194607735,
        0.004384014289826155,
        0.004396979697048664,
        0.004428733605891466,
        0.004470192827284336,
        0.004539240151643753,
        0.004648816306143999,
        0.004807695280760527,
        0.004983165767043829,
        0.005122830625623465,
        0.005220016464591026,
        0.005553073715418577,
        0.005853313021361828,
        0.006154247559607029,
        0.0062080430798232555,
        0.006508909165859222,
        0.006762546021491289,
        0.006826326251029968,
        0.006897890008985996,
        0.007002044469118118,
        0.0071403938345611095,
        0.00727934530004859,
        0.007462481968104839,
        0.007915050722658634,
        0.008221499621868134,
        0.008568495512008667,
        0.008829844184219837,
        0.009020454250276089,
        0.009246265515685081,
        0.009572790004312992,
        0.009741546586155891,
        0.009855116717517376,
        0.009957167319953442,
        0.009942286647856236,
        0.009921343065798283,
        0.009858254343271255,
        0.009745222516357899,
        0.009632407687604427,
        0.009507497772574425,
        0.009300582110881805,
        0.009112664498388767,
        0.008900493383407593,
        0.00865507498383522,
        0.008623848669230938,
        0.008576142601668835
    ]
}