{
    "epoch": [
        0,
        1,
        2,
        3,
        4,
        5,
        6,
        7,
        8,
        9,
        10,
        11,
        12,
        13,
        14,
        15,
        16,
        17,
        18,
        19,
        20,
        21,
        22,
        23,
        24,
        25,
        26,
        27,
        28,
        29,
        30,
        31,
        32,
        33,
        34,
        35,
        36,
        37,
        38,
        39,
        40,
        41,
        42,
        43,
        44,
        45,
        46,
        47,
        48,
        49,
        50,
        51,
        52,
        53,
        54,
        55,
        56,
        57,
        58,
        59,
        60,
        61,
        62,
        63,
        64,
        65,
        66,
        67,
        68,
        69,
        70,
        71,
        72,
        73,
        74,
        75,
        76,
        77,
        78,
        79,
        80,
        81,
        82,
        83,
        84,
        85,
        86,
        87,
        88,
        89,
        90,
        91,
        92,
        93,
        94,
        95,
        96,
        97,
        98,
        99
    ],
    "train_loss": [
        0.029127804562449455,
        0.021437572315335274,
        0.017214523628354073,
        0.010409730486571789,
        0.010868558660149574,
        0.01043721567839384,
        0.009338751435279846,
        0.010458108969032764,
        0.009015567600727081,
        0.009100721217691898,
        0.00872467365115881,
        0.01042312104254961,
        0.009430160745978355,
        0.009452363476157188,
        0.01141056977212429,
        0.011686764657497406,
        0.011501199565827847,
        0.011511334218084812,
        0.010601888410747051,
        0.009687850251793861,
        0.008984211832284927,
        0.009038668125867844,
        0.009153698571026325,
        0.009974673390388489,
        0.009651639498770237,
        0.009757447987794876,
        0.009173986501991749,
        0.00881859939545393,
        0.008964641019701958,
        0.009298313409090042,
        0.009900524280965328,
        0.01010536402463913,
        0.010320552624762058,
        0.010594827122986317,
        0.010746012441813946,
        0.01086786575615406,
        0.011124768294394016,
        0.011518427170813084,
        0.011744486168026924,
        0.01187420915812254,
        0.011868949048221111,
        0.011947841383516788,
        0.012147428467869759,
        0.012164654210209846,
        0.012247953563928604,
        0.012257433496415615,
        0.01233605109155178,
        0.012381941080093384,
        0.012423671782016754,
        0.012422804720699787,
        0.012485275976359844,
        0.012491445988416672,
        0.012518246658146381,
        0.012566188350319862,
        0.012643230147659779,
        0.01268138736486435,
        0.012777353636920452,
        0.012886072508990765,
        0.01309390738606453,
        0.01316213607788086,
        0.012977774254977703,
        0.01282070018351078,
        0.012851092033088207,
        0.012937177903950214,
        0.013006727211177349,
        0.013171391561627388,
        0.012978663668036461,
        0.012838078662753105,
        0.012953490018844604,
        0.013049119152128696,
        0.012942131608724594,
        0.01267730537801981,
        0.0124810840934515,
        0.012302732095122337,
        0.01230156235396862,
        0.012270845472812653,
        0.01224193163216114,
        0.012235245667397976,
        0.012222470715641975,
        0.012213277630507946,
        0.012210628017783165,
        0.012200798839330673,
        0.012190735898911953,
        0.012183750979602337,
        0.012171478010714054,
        0.012163235805928707,
        0.012153766117990017,
        0.012139678001403809,
        0.012129714712500572,
        0.012118236161768436,
        0.012104064226150513,
        0.012087026610970497,
        0.012082546949386597,
        0.01205830741673708,
        0.01204499788582325,
        0.012036538682878017,
        0.012027913704514503,
        0.011998284608125687,
        0.01198690664023161,
        0.01198451779782772
    ]
}