{
    "epoch": [
        0,
        1,
        2,
        3,
        4,
        5,
        6,
        7,
        8,
        9,
        10,
        11,
        12,
        13,
        14,
        15,
        16,
        17,
        18,
        19,
        20,
        21,
        22,
        23,
        24,
        25,
        26,
        27,
        28,
        29,
        30,
        31,
        32,
        33,
        34,
        35,
        36,
        37,
        38,
        39,
        40,
        41,
        42,
        43,
        44,
        45,
        46,
        47,
        48,
        49,
        50,
        51,
        52,
        53,
        54,
        55,
        56,
        57,
        58,
        59,
        60,
        61,
        62,
        63,
        64,
        65,
        66,
        67,
        68,
        69,
        70,
        71,
        72,
        73,
        74,
        75,
        76,
        77,
        78,
        79,
        80,
        81,
        82,
        83,
        84,
        85,
        86,
        87,
        88,
        89,
        90,
        91,
        92,
        93,
        94,
        95,
        96,
        97,
        98,
        99
    ],
    "train_loss": [
        0.014087270945310593,
        0.010707100853323936,
        0.010534810833632946,
        0.008096289820969105,
        0.007112537976354361,
        0.006536351982504129,
        0.006561241578310728,
        0.007303829304873943,
        0.009053853340446949,
        0.010690039955079556,
        0.010340877808630466,
        0.009064678102731705,
        0.008653904311358929,
        0.008490516804158688,
        0.008655855432152748,
        0.008754106238484383,
        0.008769030682742596,
        0.008565411902964115,
        0.008442276157438755,
        0.008209901861846447,
        0.008027931675314903,
        0.007867665030062199,
        0.007737977430224419,
        0.007726645562797785,
        0.007722808979451656,
        0.007754452992230654,
        0.007782449014484882,
        0.007823261432349682,
        0.0078005241230130196,
        0.007771779783070087,
        0.007761206012219191,
        0.007748181466013193,
        0.007648318074643612,
        0.007622177246958017,
        0.007582859601825476,
        0.007549456786364317,
        0.007531602866947651,
        0.007517337799072266,
        0.007524736691266298,
        0.007540179416537285,
        0.007520444691181183,
        0.007484903559088707,
        0.007476815488189459,
        0.007477736100554466,
        0.007472767494618893,
        0.007467694114893675,
        0.007460643537342548,
        0.007453137543052435,
        0.007444111164659262,
        0.0074432347901165485,
        0.007438717409968376,
        0.007412891834974289,
        0.007350495550781488,
        0.007280748337507248,
        0.007249090820550919,
        0.00723097613081336,
        0.007201197557151318,
        0.0070506250485777855,
        0.00685596140101552,
        0.006756277289241552,
        0.006502124480903149,
        0.006258356384932995,
        0.006149569060653448,
        0.006037433631718159,
        0.006001086439937353,
        0.005995995365083218,
        0.005978269502520561,
        0.005956834647804499,
        0.005949157755821943,
        0.005951037630438805,
        0.00595336128026247,
        0.005969127174466848,
        0.006011530756950378,
        0.0059855347499251366,
        0.0059148166328668594,
        0.005885850638151169,
        0.005853147711604834,
        0.00582111394032836,
        0.005807780660688877,
        0.005786602385342121,
        0.00577579578384757,
        0.00576647836714983,
        0.005731365643441677,
        0.00571539718657732,
        0.0057718027383089066,
        0.0057242801412940025,
        0.005647080950438976,
        0.005603802856057882,
        0.005594257265329361,
        0.005691346246749163,
        0.005600286647677422,
        0.0056966934353113174,
        0.005616895388811827,
        0.005664021708071232,
        0.005738006439059973,
        0.006168862339109182,
        0.006182549521327019,
        0.006331191398203373,
        0.006529280915856361,
        0.0065980940125882626
    ]
}