{
    "epoch": [
        0,
        1,
        2,
        3,
        4,
        5,
        6,
        7,
        8,
        9,
        10,
        11,
        12,
        13,
        14,
        15,
        16,
        17,
        18,
        19,
        20,
        21,
        22,
        23,
        24,
        25,
        26,
        27,
        28,
        29,
        30,
        31,
        32,
        33,
        34,
        35,
        36,
        37,
        38,
        39,
        40,
        41,
        42,
        43,
        44,
        45,
        46,
        47,
        48,
        49,
        50,
        51,
        52,
        53,
        54,
        55,
        56,
        57,
        58,
        59,
        60,
        61,
        62,
        63,
        64,
        65,
        66,
        67,
        68,
        69,
        70,
        71,
        72,
        73,
        74,
        75,
        76,
        77,
        78,
        79,
        80,
        81,
        82,
        83,
        84,
        85,
        86,
        87,
        88,
        89,
        90,
        91,
        92,
        93,
        94,
        95,
        96,
        97,
        98,
        99
    ],
    "train_loss": [
        0.024875732138752937,
        0.010765173472464085,
        0.007837539538741112,
        0.007389694452285767,
        0.007048662751913071,
        0.005604452919214964,
        0.0048783812671899796,
        0.004423007369041443,
        0.004615723621100187,
        0.003959262743592262,
        0.0042308601550757885,
        0.0045023225247859955,
        0.004368864465504885,
        0.004422483965754509,
        0.004380698315799236,
        0.00434352271258831,
        0.004374207928776741,
        0.004367780406028032,
        0.004284607712179422,
        0.004265272989869118,
        0.004366604145616293,
        0.004338298458606005,
        0.0042584980838000774,
        0.004124600440263748,
        0.0038362443447113037,
        0.003796471282839775,
        0.0037336053792387247,
        0.003676574444398284,
        0.0035991116892546415,
        0.003445275593549013,
        0.003320899559184909,
        0.003178938524797559,
        0.0030796825885772705,
        0.003080408088862896,
        0.003094038926064968,
        0.0031475697178393602,
        0.003116544568911195,
        0.003092743456363678,
        0.003060906194150448,
        0.0030066019389778376,
        0.0030022624414414167,
        0.002961171558126807,
        0.0029463826213032007,
        0.002947012195363641,
        0.0029671236407011747,
        0.0030067884363234043,
        0.003008490428328514,
        0.003009280189871788,
        0.002999110147356987,
        0.00300079514272511,
        0.0030115372501313686,
        0.003038994502276182,
        0.0030550656374543905,
        0.003061820287257433,
        0.003065949073061347,
        0.0030694352462887764,
        0.00306935072876513,
        0.0030658196192234755,
        0.003063862444832921,
        0.003053298918530345,
        0.0030481538269668818,
        0.0030567452777177095,
        0.0030825496651232243,
        0.003122920636087656,
        0.003167071845382452,
        0.0032369582913815975,
        0.0033193060662597418,
        0.0034186223056167364,
        0.003436281578615308,
        0.0034906852524727583,
        0.003573732217773795,
        0.003657199442386627,
        0.003769227070733905,
        0.003863556543365121,
        0.003939224872738123,
        0.003977947868406773,
        0.0040802014991641045,
        0.004118837881833315,
        0.004140855278819799,
        0.004118871875107288,
        0.004148584790527821,
        0.004163401201367378,
        0.00419399281963706,
        0.004234342835843563,
        0.00430546049028635,
        0.004311856813728809,
        0.004362314939498901,
        0.00437106704339385,
        0.004410313442349434,
        0.004414293449372053,
        0.0044625140726566315,
        0.00451264064759016,
        0.004581395070999861,
        0.004516205750405788,
        0.004491921979933977,
        0.004417608492076397,
        0.004413630813360214,
        0.004404370207339525,
        0.0043878634460270405,
        0.00435624411329627
    ]
}