{
    "timestamp": "20250509_121708",
    "config": {
        "m": 1.0,
        "c": 0.1,
        "k": 5.0,
        "force_type": "none",
        "amplitude": 1.0,
        "freq": 1.0,
        "random_seed": 42,
        "x0": 1.0,
        "v0": 0.0,
        "t_max": 10.0,
        "dt": 0.02,
        "noise_std": 0.05
    },
    "true_parameters": [
        1.0,
        0.1,
        5.0
    ],
    "estimated_parameters": [
        0.9694468167978293,
        0.47445163198705204,
        0.01
    ],
    "parameter_errors": [
        3.055318320217071,
        374.451631987052,
        99.8
    ],
    "force_rmse": 5.516773262057431,
    "confidence_score": 0.7,
    "estimation_status": "high_confidence",
    "symbolic_formula": "([-0.251880462984685*x_1 + 0.0145531140780978*x_2 + 0.936997345350238*x_3 - 0.230724334739021], [x_1, x_2, x_3])"
}