{
    "epoch": [
        0,
        1,
        2,
        3,
        4,
        5,
        6,
        7,
        8,
        9,
        10,
        11,
        12,
        13,
        14,
        15,
        16,
        17,
        18,
        19,
        20,
        21,
        22,
        23,
        24,
        25,
        26,
        27,
        28,
        29,
        30,
        31,
        32,
        33,
        34,
        35,
        36,
        37,
        38,
        39,
        40,
        41,
        42,
        43,
        44,
        45,
        46,
        47,
        48,
        49,
        50,
        51,
        52,
        53,
        54,
        55,
        56,
        57,
        58,
        59,
        60,
        61,
        62,
        63,
        64,
        65,
        66,
        67,
        68,
        69,
        70,
        71,
        72,
        73,
        74,
        75,
        76,
        77,
        78,
        79,
        80,
        81,
        82,
        83,
        84,
        85,
        86,
        87,
        88,
        89,
        90,
        91,
        92,
        93,
        94,
        95,
        96,
        97,
        98,
        99
    ],
    "train_loss": [
        0.025764362886548042,
        0.016084978356957436,
        0.013508573174476624,
        0.01287940051406622,
        0.011729313060641289,
        0.011230113916099072,
        0.009649964980781078,
        0.00782838836312294,
        0.0075162495486438274,
        0.007141599897295237,
        0.007601894438266754,
        0.00712801655754447,
        0.006961440201848745,
        0.006972065195441246,
        0.006783133372664452,
        0.006630022544413805,
        0.0064893667586147785,
        0.0066847121343016624,
        0.006812593434005976,
        0.006309186108410358,
        0.005944892298430204,
        0.0057481154799461365,
        0.005659095477312803,
        0.005653499625623226,
        0.005548902787268162,
        0.0056095910258591175,
        0.005503267981112003,
        0.005378975532948971,
        0.005357181653380394,
        0.005304752383381128,
        0.005226811394095421,
        0.005111240781843662,
        0.0052989451214671135,
        0.0051850825548172,
        0.005050884559750557,
        0.0051893265917897224,
        0.005228921305388212,
        0.00511143309995532,
        0.005163433030247688,
        0.00501320231705904,
        0.00512545695528388,
        0.005136794876307249,
        0.005054878536611795,
        0.005196703597903252,
        0.005159823689609766,
        0.005239924881607294,
        0.005295325070619583,
        0.00522945262491703,
        0.005348487291485071,
        0.005285367369651794,
        0.005497057922184467,
        0.005260630510747433,
        0.005395784042775631,
        0.005259162280708551,
        0.005228718277066946,
        0.005134778097271919,
        0.0051028369925916195,
        0.005279209930449724,
        0.005149936303496361,
        0.005116699263453484,
        0.005110193509608507,
        0.005193451885133982,
        0.005035303067415953,
        0.005021482706069946,
        0.00506808003410697,
        0.004987604450434446,
        0.0049601346254348755,
        0.005010561551898718,
        0.004919877275824547,
        0.004908342380076647,
        0.00493235420435667,
        0.004931850824505091,
        0.004905995912849903,
        0.004921159707009792,
        0.00495162233710289,
        0.004855329170823097,
        0.004793534055352211,
        0.004777593072503805,
        0.004800899885594845,
        0.004867220763117075,
        0.0048047397285699844,
        0.004700678866356611,
        0.004649487789720297,
        0.004663238767534494,
        0.004675912670791149,
        0.004710817243903875,
        0.0047920867800712585,
        0.004608617164194584,
        0.004518312867730856,
        0.004580329637974501,
        0.0046145496889948845,
        0.004467346705496311,
        0.004191187676042318,
        0.004236503969877958,
        0.004238903988152742,
        0.00432800967246294,
        0.004331562202423811,
        0.0042317709885537624,
        0.004193847067654133,
        0.004178978037089109
    ]
}