{
    "epoch": [
        0,
        1,
        2,
        3,
        4,
        5,
        6,
        7,
        8,
        9,
        10,
        11,
        12,
        13,
        14,
        15,
        16,
        17,
        18,
        19,
        20,
        21,
        22,
        23,
        24,
        25,
        26,
        27,
        28,
        29,
        30,
        31,
        32,
        33,
        34,
        35,
        36,
        37,
        38,
        39,
        40,
        41,
        42,
        43,
        44,
        45,
        46,
        47,
        48,
        49,
        50,
        51,
        52,
        53,
        54,
        55,
        56,
        57,
        58,
        59,
        60,
        61,
        62,
        63,
        64,
        65,
        66,
        67,
        68,
        69,
        70,
        71,
        72,
        73,
        74,
        75,
        76,
        77,
        78,
        79,
        80,
        81,
        82,
        83,
        84,
        85,
        86,
        87,
        88,
        89,
        90,
        91,
        92,
        93,
        94,
        95,
        96,
        97,
        98,
        99
    ],
    "train_loss": [
        0.27015992999076843,
        0.12104347348213196,
        0.09026748687028885,
        0.0683339387178421,
        0.05622968077659607,
        0.04550660029053688,
        0.03636690601706505,
        0.032771412283182144,
        0.03186211735010147,
        0.028352612629532814,
        0.024665547534823418,
        0.02205994352698326,
        0.02119743451476097,
        0.022370489314198494,
        0.020951706916093826,
        0.019515134394168854,
        0.019769325852394104,
        0.01966959796845913,
        0.01941700279712677,
        0.018826717510819435,
        0.01876121014356613,
        0.018093034625053406,
        0.01771438494324684,
        0.017644478008151054,
        0.01735221967101097,
        0.017584722489118576,
        0.017360268160700798,
        0.017366932705044746,
        0.016999030485749245,
        0.01673416793346405,
        0.01697455532848835,
        0.01704469695687294,
        0.0171239972114563,
        0.01660441979765892,
        0.016807131469249725,
        0.017200417816638947,
        0.017005877569317818,
        0.01720065250992775,
        0.017515718936920166,
        0.017925826832652092,
        0.018379826098680496,
        0.01823599822819233,
        0.01808422990143299,
        0.017894959077239037,
        0.01775447279214859,
        0.017875615507364273,
        0.01769554428756237,
        0.01759280264377594,
        0.017679497599601746,
        0.0175747349858284,
        0.017548538744449615,
        0.017386330291628838,
        0.017229843884706497,
        0.017130959779024124,
        0.016941320151090622,
        0.016761640086770058,
        0.016665400937199593,
        0.01661328598856926,
        0.01644972898066044,
        0.01640264503657818,
        0.016461877152323723,
        0.01644669473171234,
        0.01650555431842804,
        0.016536137089133263,
        0.016597162932157516,
        0.01663888618350029,
        0.016698596999049187,
        0.016819210723042488,
        0.016775786876678467,
        0.01679118350148201,
        0.016807813197374344,
        0.01667994074523449,
        0.01670658029615879,
        0.016700664535164833,
        0.016531100496649742,
        0.01654718816280365,
        0.016433166339993477,
        0.016364306211471558,
        0.016234254464507103,
        0.01625131629407406,
        0.01613517291843891,
        0.016115019097924232,
        0.016061287373304367,
        0.016084477305412292,
        0.016128528863191605,
        0.016170086339116096,
        0.016184896230697632,
        0.01613861508667469,
        0.016148274764418602,
        0.016173645853996277,
        0.016285033896565437,
        0.01626327447593212,
        0.016335468739271164,
        0.01636933721601963,
        0.016357798129320145,
        0.01631445810198784,
        0.01627347804605961,
        0.016240423545241356,
        0.016170775517821312,
        0.01617497019469738
    ]
}