{
    "timestamp": "20250509_120707",
    "config": {
        "m": 1.0,
        "c": 0.1,
        "k": 5.0,
        "force_type": "none",
        "amplitude": 1.0,
        "freq": 1.0,
        "random_seed": 42,
        "x0": 1.0,
        "v0": 0.0,
        "t_max": 10.0,
        "dt": 0.02,
        "noise_std": 0.05
    },
    "true_parameters": [
        1.0,
        0.1,
        5.0
    ],
    "estimated_parameters": [
        0.7717379347354331,
        0.16353708894069313,
        3.2096921868538253
    ],
    "parameter_errors": [
        22.826206526456694,
        63.537088940693124,
        35.806156262923494
    ],
    "force_rmse": 4.349868838203561,
    "confidence_score": 0.9,
    "estimation_status": "high_confidence",
    "symbolic_formula": "([0.284228990942583*x_1 + 0.013021358260445*x_2 + 0.673586763101572*x_3 - 0.0486293151535333], [x_1, x_2, x_3])"
}