{
    "epoch": [
        0,
        1,
        2,
        3,
        4,
        5,
        6,
        7,
        8,
        9,
        10,
        11,
        12,
        13,
        14,
        15,
        16,
        17,
        18,
        19,
        20,
        21,
        22,
        23,
        24,
        25,
        26,
        27,
        28,
        29,
        30,
        31,
        32,
        33,
        34,
        35,
        36,
        37,
        38,
        39,
        40,
        41,
        42,
        43,
        44,
        45,
        46,
        47,
        48,
        49,
        50,
        51,
        52,
        53,
        54,
        55,
        56,
        57,
        58,
        59,
        60,
        61,
        62,
        63,
        64,
        65,
        66,
        67,
        68,
        69,
        70,
        71,
        72,
        73,
        74,
        75,
        76,
        77,
        78,
        79,
        80,
        81,
        82,
        83,
        84,
        85,
        86,
        87,
        88,
        89,
        90,
        91,
        92,
        93,
        94,
        95,
        96,
        97,
        98,
        99
    ],
    "train_loss": [
        0.5298289060592651,
        0.2599029541015625,
        0.16561982035636902,
        0.11777733266353607,
        0.09153582900762558,
        0.08576958626508713,
        0.0646124929189682,
        0.05251812934875488,
        0.0435519739985466,
        0.035510268062353134,
        0.049079373478889465,
        0.03543369844555855,
        0.0300414077937603,
        0.027059389278292656,
        0.02510826662182808,
        0.04289909079670906,
        0.031292565166950226,
        0.02530493587255478,
        0.022737836465239525,
        0.021205276250839233,
        0.025708463042974472,
        0.02011534757912159,
        0.01852220669388771,
        0.01792382076382637,
        0.01847950369119644,
        0.023944003507494926,
        0.01805947721004486,
        0.016201766207814217,
        0.015808800235390663,
        0.017287883907556534,
        0.02079976163804531,
        0.018291238695383072,
        0.016552666202187538,
        0.016058607026934624,
        0.017462337389588356,
        0.025212954729795456,
        0.018624821677803993,
        0.015378850512206554,
        0.014109303243458271,
        0.013802549801766872,
        0.01533104944974184,
        0.013460434041917324,
        0.012982060201466084,
        0.013608701527118683,
        0.014217200689017773,
        0.016942240297794342,
        0.013854214921593666,
        0.014059399254620075,
        0.013806854374706745,
        0.01411181315779686,
        0.014240233227610588,
        0.014375886879861355,
        0.01490175724029541,
        0.015405547805130482,
        0.014686419628560543,
        0.014614318497478962,
        0.014094079844653606,
        0.013557863421738148,
        0.01379292830824852,
        0.014466287568211555,
        0.014394911006093025,
        0.014212734997272491,
        0.013532038778066635,
        0.013212461955845356,
        0.013108593411743641,
        0.012885825708508492,
        0.01239608135074377,
        0.012161930091679096,
        0.012346439063549042,
        0.01207689382135868,
        0.012491566129028797,
        0.011940574273467064,
        0.012749495916068554,
        0.012587596662342548,
        0.0126866539940238,
        0.012483503669500351,
        0.01223998237401247,
        0.01190686784684658,
        0.012477739714086056,
        0.012439854443073273,
        0.012249628081917763,
        0.012189062312245369,
        0.01209601853042841,
        0.011892602778971195,
        0.012060949578881264,
        0.01173443254083395,
        0.011856257915496826,
        0.011689363047480583,
        0.011954410001635551,
        0.012182214297354221,
        0.012018349952995777,
        0.01215109508484602,
        0.012339244596660137,
        0.012227983213961124,
        0.011888197623193264,
        0.011815650388598442,
        0.011923093348741531,
        0.012138191610574722,
        0.012294490821659565,
        0.012306371703743935
    ]
}