{
    "epoch": [
        0,
        1,
        2,
        3,
        4,
        5,
        6,
        7,
        8,
        9,
        10,
        11,
        12,
        13,
        14,
        15,
        16,
        17,
        18,
        19,
        20,
        21,
        22,
        23,
        24,
        25,
        26,
        27,
        28,
        29,
        30,
        31,
        32,
        33,
        34,
        35,
        36,
        37,
        38,
        39,
        40,
        41,
        42,
        43,
        44,
        45,
        46,
        47,
        48,
        49,
        50,
        51,
        52,
        53,
        54,
        55,
        56,
        57,
        58,
        59,
        60,
        61,
        62,
        63,
        64,
        65,
        66,
        67,
        68,
        69,
        70,
        71,
        72,
        73,
        74,
        75,
        76,
        77,
        78,
        79,
        80,
        81,
        82,
        83,
        84,
        85,
        86,
        87,
        88,
        89,
        90,
        91,
        92,
        93,
        94,
        95,
        96,
        97,
        98,
        99
    ],
    "train_loss": [
        0.5412116050720215,
        0.383688360452652,
        0.29712244868278503,
        0.25416773557662964,
        0.2287335842847824,
        0.18403327465057373,
        0.0656135305762291,
        0.032890260219573975,
        0.03381391614675522,
        0.02165994979441166,
        0.01841307245194912,
        0.01425607968121767,
        0.012792372144758701,
        0.011684080585837364,
        0.012854182161390781,
        0.010424185544252396,
        0.009775768965482712,
        0.009761913679540157,
        0.010775870643556118,
        0.010267951525747776,
        0.009244547225534916,
        0.00878521241247654,
        0.009917392395436764,
        0.010111229494214058,
        0.009405069053173065,
        0.008834870532155037,
        0.009602581150829792,
        0.00932665728032589,
        0.009244479238986969,
        0.00879437755793333,
        0.008637460879981518,
        0.008755212649703026,
        0.008793186396360397,
        0.008713291957974434,
        0.008256166242063046,
        0.00818614847958088,
        0.008272307924926281,
        0.008776972070336342,
        0.008844823576509953,
        0.008700722828507423,
        0.008545801974833012,
        0.008448129519820213,
        0.008149819448590279,
        0.007587101310491562,
        0.0074089523404836655,
        0.0073204850777983665,
        0.007321611978113651,
        0.007385024800896645,
        0.00750062707811594,
        0.007518332917243242,
        0.0073948935605585575,
        0.007435522507876158,
        0.007290274370461702,
        0.007238429971039295,
        0.007129589561372995,
        0.007105422671884298,
        0.007099366281181574,
        0.007073403336107731,
        0.00704573281109333,
        0.007012244313955307,
        0.006981065031141043,
        0.006968510802835226,
        0.006923668552190065,
        0.006907828617841005,
        0.006896538659930229,
        0.00688896281644702,
        0.006886735558509827,
        0.006861315108835697,
        0.006857492495328188,
        0.006860724184662104,
        0.0068538314662873745,
        0.006863737013190985,
        0.006870511919260025,
        0.006864834111183882,
        0.006862529553472996,
        0.00686114514246583,
        0.006861103232949972,
        0.006867727730423212,
        0.006856486666947603,
        0.006839863955974579,
        0.006855412852019072,
        0.006845456548035145,
        0.0068270303308963776,
        0.006833722349256277,
        0.0068262615241110325,
        0.006811582483351231,
        0.0068080006167292595,
        0.006814886815845966,
        0.006774216424673796,
        0.006778274662792683,
        0.006731495726853609,
        0.006725392770022154,
        0.006725907791405916,
        0.006732584442943335,
        0.006736077833920717,
        0.006720860954374075,
        0.00673785712569952,
        0.006699395831674337,
        0.006689097266644239,
        0.006702733691781759
    ]
}