{
    "epoch": [
        0,
        1,
        2,
        3,
        4,
        5,
        6,
        7,
        8,
        9,
        10,
        11,
        12,
        13,
        14,
        15,
        16,
        17,
        18,
        19,
        20,
        21,
        22,
        23,
        24,
        25,
        26,
        27,
        28,
        29,
        30,
        31,
        32,
        33,
        34,
        35,
        36,
        37,
        38,
        39,
        40,
        41,
        42,
        43,
        44,
        45,
        46,
        47,
        48,
        49,
        50,
        51,
        52,
        53,
        54,
        55,
        56,
        57,
        58,
        59,
        60,
        61,
        62,
        63,
        64,
        65,
        66,
        67,
        68,
        69,
        70,
        71,
        72,
        73,
        74,
        75,
        76,
        77,
        78,
        79,
        80,
        81,
        82,
        83,
        84,
        85,
        86,
        87,
        88,
        89,
        90,
        91,
        92,
        93,
        94,
        95,
        96,
        97,
        98,
        99
    ],
    "train_loss": [
        0.04749799147248268,
        0.027182048186659813,
        0.02362002246081829,
        0.019468137994408607,
        0.01628895476460457,
        0.013787631876766682,
        0.010418596677482128,
        0.009264824911952019,
        0.009822164662182331,
        0.008790976367890835,
        0.008616292849183083,
        0.009587320499122143,
        0.010263316333293915,
        0.00936928577721119,
        0.008493893779814243,
        0.007803825661540031,
        0.006832970306277275,
        0.006437375210225582,
        0.006054644472897053,
        0.005968575365841389,
        0.007386703044176102,
        0.0068711997009813786,
        0.006789448671042919,
        0.007206335198134184,
        0.0076059079729020596,
        0.007016556803137064,
        0.0071580116637051105,
        0.00777566060423851,
        0.00753985159099102,
        0.00772147485986352,
        0.00806625559926033,
        0.007428058888763189,
        0.006847328506410122,
        0.006795200984925032,
        0.007162913214415312,
        0.007283774670213461,
        0.007926896214485168,
        0.008174899965524673,
        0.007943278178572655,
        0.00753146642819047,
        0.0076291440054774284,
        0.008022313937544823,
        0.008000729605555534,
        0.007613725960254669,
        0.007898281328380108,
        0.007716542575508356,
        0.007198095787316561,
        0.006825336720794439,
        0.007001582067459822,
        0.007274497766047716,
        0.006041283253580332,
        0.006138157565146685,
        0.00631549721583724,
        0.007087200414389372,
        0.006885103415697813,
        0.006997514981776476,
        0.0073218266479671,
        0.007756538689136505,
        0.007406231015920639,
        0.007026083767414093,
        0.007051233202219009,
        0.00739014009013772,
        0.007180939428508282,
        0.007021751720458269,
        0.006998142227530479,
        0.006677044089883566,
        0.00631125271320343,
        0.006341845728456974,
        0.0060865618288517,
        0.006178095005452633,
        0.006323612295091152,
        0.006368063390254974,
        0.006329838186502457,
        0.006287162657827139,
        0.006316674407571554,
        0.006334502249956131,
        0.00644570542499423,
        0.006465189158916473,
        0.006563195493072271,
        0.006573209539055824,
        0.006694415118545294,
        0.006698365788906813,
        0.0067057437263429165,
        0.006579129956662655,
        0.006370020564645529,
        0.006350312847644091,
        0.0067658862099051476,
        0.007363087497651577,
        0.008617418818175793,
        0.010486760176718235,
        0.010053856298327446,
        0.009574632160365582,
        0.009176637977361679,
        0.008199603296816349,
        0.007852725684642792,
        0.007570359855890274,
        0.0073347510769963264,
        0.007273970637470484,
        0.007330853957682848,
        0.007371826097369194
    ]
}