{
    "epoch": [
        0,
        1,
        2,
        3,
        4,
        5,
        6,
        7,
        8,
        9,
        10,
        11,
        12,
        13,
        14,
        15,
        16,
        17,
        18,
        19,
        20,
        21,
        22,
        23,
        24,
        25,
        26,
        27,
        28,
        29,
        30,
        31,
        32,
        33,
        34,
        35,
        36,
        37,
        38,
        39,
        40,
        41,
        42,
        43,
        44,
        45,
        46,
        47,
        48,
        49,
        50,
        51,
        52,
        53,
        54,
        55,
        56,
        57,
        58,
        59,
        60,
        61,
        62,
        63,
        64,
        65,
        66,
        67,
        68,
        69,
        70,
        71,
        72,
        73,
        74,
        75,
        76,
        77,
        78,
        79,
        80,
        81,
        82,
        83,
        84,
        85,
        86,
        87,
        88,
        89,
        90,
        91,
        92,
        93,
        94,
        95,
        96,
        97,
        98,
        99
    ],
    "train_loss": [
        0.03497154638171196,
        0.022217072546482086,
        0.0165315680205822,
        0.01146602537482977,
        0.01374034397304058,
        0.012297434732317924,
        0.009867616929113865,
        0.010068528354167938,
        0.010420066304504871,
        0.010819096118211746,
        0.011468489654362202,
        0.012242517434060574,
        0.010861413553357124,
        0.01093224436044693,
        0.009543489664793015,
        0.009330869652330875,
        0.009134574793279171,
        0.008837188594043255,
        0.007863201200962067,
        0.008038670755922794,
        0.007623063400387764,
        0.008202584460377693,
        0.008831346407532692,
        0.010039743967354298,
        0.01153753325343132,
        0.011707828380167484,
        0.011244445107877254,
        0.010920620523393154,
        0.010635189712047577,
        0.010622174479067326,
        0.009685973636806011,
        0.00942035112529993,
        0.009058983065187931,
        0.008891024626791477,
        0.008709955029189587,
        0.008318224921822548,
        0.008230877108871937,
        0.008123473264276981,
        0.008117345161736012,
        0.008489252999424934,
        0.008640441112220287,
        0.00873072724789381,
        0.00859852321445942,
        0.008366012014448643,
        0.008392883464694023,
        0.008177287876605988,
        0.00819238368421793,
        0.008251107297837734,
        0.008485899306833744,
        0.008542264811694622,
        0.008387462235987186,
        0.008096129633486271,
        0.00901370495557785,
        0.009516376070678234,
        0.010926212184131145,
        0.013073773123323917,
        0.013876499608159065,
        0.014421102590858936,
        0.014162340201437473,
        0.013802334666252136,
        0.013957955874502659,
        0.014037332497537136,
        0.014566773548722267,
        0.01451985165476799,
        0.014100169762969017,
        0.013804350048303604,
        0.013484596274793148,
        0.012772414833307266,
        0.012748483568429947,
        0.0122181111946702,
        0.011567294597625732,
        0.011449342593550682,
        0.011055880226194859,
        0.011107929050922394,
        0.010385994799435139,
        0.01060157548636198,
        0.010838939808309078,
        0.010420635342597961,
        0.00989940669387579,
        0.009530255571007729,
        0.008156409487128258,
        0.007478661369532347,
        0.007586401887238026,
        0.00807570293545723,
        0.008974773809313774,
        0.00887998566031456,
        0.00866001471877098,
        0.010776316747069359,
        0.01112709753215313,
        0.0111868716776371,
        0.011739397421479225,
        0.010240663774311543,
        0.00859017763286829,
        0.008284474723041058,
        0.008315308950841427,
        0.008508662693202496,
        0.007819419726729393,
        0.00700924638658762,
        0.006900901440531015,
        0.007086207624524832
    ]
}