{
    "epoch": [
        0,
        1,
        2,
        3,
        4,
        5,
        6,
        7,
        8,
        9,
        10,
        11,
        12,
        13,
        14,
        15,
        16,
        17,
        18,
        19,
        20,
        21,
        22,
        23,
        24,
        25,
        26,
        27,
        28,
        29,
        30,
        31,
        32,
        33,
        34,
        35,
        36,
        37,
        38,
        39,
        40,
        41,
        42,
        43,
        44,
        45,
        46,
        47,
        48,
        49,
        50,
        51,
        52,
        53,
        54,
        55,
        56,
        57,
        58,
        59,
        60,
        61,
        62,
        63,
        64,
        65,
        66,
        67,
        68,
        69,
        70,
        71,
        72,
        73,
        74,
        75,
        76,
        77,
        78,
        79,
        80,
        81,
        82,
        83,
        84,
        85,
        86,
        87,
        88,
        89,
        90,
        91,
        92,
        93,
        94,
        95,
        96,
        97,
        98,
        99
    ],
    "train_loss": [
        0.1423809826374054,
        0.05843481793999672,
        0.03980521485209465,
        0.028041601181030273,
        0.022560304030776024,
        0.020436188206076622,
        0.01909557729959488,
        0.017849573865532875,
        0.016754774376749992,
        0.01477925293147564,
        0.01103294175118208,
        0.010690556839108467,
        0.012300773523747921,
        0.01621921919286251,
        0.012908536940813065,
        0.009709472768008709,
        0.007596313487738371,
        0.0053816018626093864,
        0.0054843430407345295,
        0.005925664212554693,
        0.0059501975774765015,
        0.004989176988601685,
        0.004296205472201109,
        0.0040581063367426395,
        0.0038222691509872675,
        0.0038604997098445892,
        0.00391966849565506,
        0.003938014153391123,
        0.003946295008063316,
        0.004014480393379927,
        0.0039261276833713055,
        0.003828018670901656,
        0.0038570754695683718,
        0.0038048101123422384,
        0.0038110800087451935,
        0.0038748958613723516,
        0.0037614263128489256,
        0.0037350961938500404,
        0.003682974260300398,
        0.003547889878973365,
        0.0036580536980181932,
        0.0036991944070905447,
        0.003615952329710126,
        0.003652697429060936,
        0.0037569296546280384,
        0.003758249571546912,
        0.003758886130526662,
        0.003738800762221217,
        0.0037017716094851494,
        0.0037416364066302776,
        0.0037081607151776552,
        0.0036993424873799086,
        0.003702731803059578,
        0.0037193612661212683,
        0.0037092650309205055,
        0.003668430494144559,
        0.0036988321226090193,
        0.003716486506164074,
        0.0037154892925173044,
        0.0036095043178647757,
        0.0036208087112754583,
        0.003655047854408622,
        0.003674114588648081,
        0.003637219313532114,
        0.003638812340795994,
        0.003634691471233964,
        0.0035952350590378046,
        0.00359693868085742,
        0.0036916176322847605,
        0.0035854449961334467,
        0.0036198447924107313,
        0.003637290559709072,
        0.003854908514767885,
        0.004251308739185333,
        0.00438027223572135,
        0.00425658980384469,
        0.004142601974308491,
        0.004237032029777765,
        0.004215650726109743,
        0.003990654833614826,
        0.004007461480796337,
        0.004162139724940062,
        0.00413408363237977,
        0.004145235754549503,
        0.0042971414513885975,
        0.004192790482193232,
        0.004128946457058191,
        0.00422642333433032,
        0.004521225579082966,
        0.004764629527926445,
        0.005131927784532309,
        0.005346291698515415,
        0.005624127108603716,
        0.005957876797765493,
        0.006018537562340498,
        0.005920353811234236,
        0.005677566863596439,
        0.005547982640564442,
        0.005374342203140259,
        0.0053826142102479935
    ]
}