{
    "epoch": [
        0,
        1,
        2,
        3,
        4,
        5,
        6,
        7,
        8,
        9,
        10,
        11,
        12,
        13,
        14,
        15,
        16,
        17,
        18,
        19,
        20,
        21,
        22,
        23,
        24,
        25,
        26,
        27,
        28,
        29,
        30,
        31,
        32,
        33,
        34,
        35,
        36,
        37,
        38,
        39,
        40,
        41,
        42,
        43,
        44,
        45,
        46,
        47,
        48,
        49,
        50,
        51,
        52,
        53,
        54,
        55,
        56,
        57,
        58,
        59,
        60,
        61,
        62,
        63,
        64,
        65,
        66,
        67,
        68,
        69,
        70,
        71,
        72,
        73,
        74,
        75,
        76,
        77,
        78,
        79,
        80,
        81,
        82,
        83,
        84,
        85,
        86,
        87,
        88,
        89,
        90,
        91,
        92,
        93,
        94,
        95,
        96,
        97,
        98,
        99
    ],
    "train_loss": [
        0.04493426904082298,
        0.02401960827410221,
        0.018684258684515953,
        0.01654559001326561,
        0.014520231634378433,
        0.014282764866948128,
        0.013931992463767529,
        0.012159660458564758,
        0.010956652462482452,
        0.011205457150936127,
        0.010315404273569584,
        0.009696773253381252,
        0.009621170349419117,
        0.009553225710988045,
        0.009567937813699245,
        0.010183406993746758,
        0.010576036758720875,
        0.010715905576944351,
        0.011543725617229939,
        0.01299241092056036,
        0.0148478914052248,
        0.012449025176465511,
        0.009459679946303368,
        0.010666613467037678,
        0.013336269184947014,
        0.010657837614417076,
        0.010435421019792557,
        0.010737749747931957,
        0.01049097441136837,
        0.010848301462829113,
        0.00989548210054636,
        0.008692401461303234,
        0.008269811980426311,
        0.00794481672346592,
        0.007914349436759949,
        0.007736642379313707,
        0.007598554715514183,
        0.007634215988218784,
        0.007721985690295696,
        0.007849220186471939,
        0.007775399833917618,
        0.007917597889900208,
        0.007753763347864151,
        0.007729061879217625,
        0.007338413968682289,
        0.007533907424658537,
        0.0069328537210822105,
        0.006859661545604467,
        0.0067540365271270275,
        0.006485657300800085,
        0.006383923348039389,
        0.006324688903987408,
        0.0062073818407952785,
        0.0060937246307730675,
        0.006092034745961428,
        0.00611933832988143,
        0.0059273578226566315,
        0.005936476867645979,
        0.005935294553637505,
        0.0057662236504256725,
        0.005795217584818602,
        0.005931363441050053,
        0.006015981547534466,
        0.006071691866964102,
        0.006002116948366165,
        0.005564743187278509,
        0.005382859613746405,
        0.0054093413054943085,
        0.005069350823760033,
        0.005119838751852512,
        0.004856544081121683,
        0.004656975623220205,
        0.004706398118287325,
        0.00460095563903451,
        0.004560511559247971,
        0.004692611750215292,
        0.004748527891933918,
        0.0047422489151358604,
        0.004767921753227711,
        0.004810675512999296,
        0.004867431707680225,
        0.00481428112834692,
        0.004667888395488262,
        0.004535007290542126,
        0.004588190466165543,
        0.004486755933612585,
        0.004430829081684351,
        0.004384415224194527,
        0.004317472688853741,
        0.004281282890588045,
        0.004236202221363783,
        0.004238021560013294,
        0.004267287906259298,
        0.004302969202399254,
        0.00430525466799736,
        0.00430525466799736,
        0.00430525466799736,
        0.00430525466799736,
        0.00430525466799736,
        0.00430525466799736
    ]
}