{
    "epoch": [
        0,
        1,
        2,
        3,
        4,
        5,
        6,
        7,
        8,
        9,
        10,
        11,
        12,
        13,
        14,
        15,
        16,
        17,
        18,
        19,
        20,
        21,
        22,
        23,
        24,
        25,
        26,
        27,
        28,
        29,
        30,
        31,
        32,
        33,
        34,
        35,
        36,
        37,
        38,
        39,
        40,
        41,
        42,
        43,
        44,
        45,
        46,
        47,
        48,
        49,
        50,
        51,
        52,
        53,
        54,
        55,
        56,
        57,
        58,
        59,
        60,
        61,
        62,
        63,
        64,
        65,
        66,
        67,
        68,
        69,
        70,
        71,
        72,
        73,
        74,
        75,
        76,
        77,
        78,
        79,
        80,
        81,
        82,
        83,
        84,
        85,
        86,
        87,
        88,
        89,
        90,
        91,
        92,
        93,
        94,
        95,
        96,
        97,
        98,
        99
    ],
    "train_loss": [
        0.2873036861419678,
        0.16720184683799744,
        0.11721842736005783,
        0.0933767706155777,
        0.0775080993771553,
        0.1699732393026352,
        0.10520932078361511,
        0.07342700660228729,
        0.05892452225089073,
        0.047571953386068344,
        0.05091571807861328,
        0.041341632604599,
        0.03527165204286575,
        0.03196403756737709,
        0.031218143180012703,
        0.032696448266506195,
        0.028416942805051804,
        0.02713918313384056,
        0.027945533394813538,
        0.029045678675174713,
        0.033048830926418304,
        0.028462406247854233,
        0.026322707533836365,
        0.026076124981045723,
        0.024330254644155502,
        0.027154413983225822,
        0.023609628900885582,
        0.0217804703861475,
        0.02145848423242569,
        0.021949050948023796,
        0.02599107101559639,
        0.022934794425964355,
        0.020738309249281883,
        0.020948264747858047,
        0.022230273112654686,
        0.02366309054195881,
        0.021397922188043594,
        0.021039361134171486,
        0.021587291732430458,
        0.021055404096841812,
        0.022351952269673347,
        0.022181613370776176,
        0.019767606630921364,
        0.019583377987146378,
        0.020026111975312233,
        0.022843755781650543,
        0.020137043669819832,
        0.018722904846072197,
        0.018351467326283455,
        0.01840178109705448,
        0.017619632184505463,
        0.017418580129742622,
        0.01776229590177536,
        0.0173993818461895,
        0.01735047437250614,
        0.017056096345186234,
        0.016897426918148994,
        0.016888534650206566,
        0.01666349358856678,
        0.01695101521909237,
        0.01664680615067482,
        0.016113946214318275,
        0.01617986522614956,
        0.016058333218097687,
        0.016386641189455986,
        0.016911322250962257,
        0.016828129068017006,
        0.017630083486437798,
        0.018227849155664444,
        0.01810406520962715,
        0.01813359186053276,
        0.018133487552404404,
        0.018289770931005478,
        0.017962036654353142,
        0.017701799049973488,
        0.017129579558968544,
        0.017103837803006172,
        0.01688019186258316,
        0.016851531341671944,
        0.016564548015594482,
        0.016883326694369316,
        0.016743788495659828,
        0.016775043681263924,
        0.01649610325694084,
        0.016100415959954262,
        0.0159507617354393,
        0.015752311795949936,
        0.016211045905947685,
        0.016290275380015373,
        0.01631793938577175,
        0.016921740025281906,
        0.016350185498595238,
        0.015983132645487785,
        0.01559961587190628,
        0.015456732362508774,
        0.015052280388772488,
        0.015145283192396164,
        0.015243327245116234,
        0.014950656332075596,
        0.014739543199539185
    ]
}