{
    "epoch": [
        0,
        1,
        2,
        3,
        4,
        5,
        6,
        7,
        8,
        9,
        10,
        11,
        12,
        13,
        14,
        15,
        16,
        17,
        18,
        19,
        20,
        21,
        22,
        23,
        24,
        25,
        26,
        27,
        28,
        29,
        30,
        31,
        32,
        33,
        34,
        35,
        36,
        37,
        38,
        39,
        40,
        41,
        42,
        43,
        44,
        45,
        46,
        47,
        48,
        49,
        50,
        51,
        52,
        53,
        54,
        55,
        56,
        57,
        58,
        59,
        60,
        61,
        62,
        63,
        64,
        65,
        66,
        67,
        68,
        69,
        70,
        71,
        72,
        73,
        74,
        75,
        76,
        77,
        78,
        79,
        80,
        81,
        82,
        83,
        84,
        85,
        86,
        87,
        88,
        89,
        90,
        91,
        92,
        93,
        94,
        95,
        96,
        97,
        98,
        99
    ],
    "train_loss": [
        0.02308870106935501,
        0.01363239623606205,
        0.013162024319171906,
        0.011068543419241905,
        0.010441484861075878,
        0.010285995900630951,
        0.009678405709564686,
        0.009668822400271893,
        0.009572749026119709,
        0.009258856996893883,
        0.00862709991633892,
        0.00867326371371746,
        0.008179925382137299,
        0.009443528950214386,
        0.009049615822732449,
        0.009539811871945858,
        0.00966157391667366,
        0.008626583963632584,
        0.00856829434633255,
        0.008581044152379036,
        0.008872628211975098,
        0.008541487157344818,
        0.008672921918332577,
        0.008524958044290543,
        0.00842640083283186,
        0.008393772877752781,
        0.008363957516849041,
        0.008366966620087624,
        0.008323188871145248,
        0.008211137726902962,
        0.008239367045462132,
        0.008323236368596554,
        0.00835788156837225,
        0.008399342186748981,
        0.008394314907491207,
        0.008345641195774078,
        0.008252601139247417,
        0.008172939531505108,
        0.008188556879758835,
        0.008202367462217808,
        0.008202050812542439,
        0.00816922727972269,
        0.008138746954500675,
        0.00811828300356865,
        0.008408707566559315,
        0.008750432170927525,
        0.00900865625590086,
        0.009378443472087383,
        0.007820301689207554,
        0.00943027064204216,
        0.011855934746563435,
        0.011817742139101028,
        0.011552942916750908,
        0.010462388396263123,
        0.009837763383984566,
        0.009755238890647888,
        0.011922591365873814,
        0.013389773666858673,
        0.014320950023829937,
        0.013339357450604439,
        0.012613406404852867,
        0.01144050620496273,
        0.011425391770899296,
        0.011966224759817123,
        0.01187210250645876,
        0.01176519226282835,
        0.011800816282629967,
        0.011667411774396896,
        0.011758088134229183,
        0.011481721885502338,
        0.011149630881845951,
        0.010465782135725021,
        0.009612471796572208,
        0.009327898733317852,
        0.009179951623082161,
        0.008774131536483765,
        0.008637714199721813,
        0.008469042368233204,
        0.008142358623445034,
        0.00819995068013668,
        0.008337514474987984,
        0.008146524429321289,
        0.00808461382985115,
        0.007859991863369942,
        0.0075068227015435696,
        0.0073744808323681355,
        0.007565446197986603,
        0.00774330785498023,
        0.007612238172441721,
        0.007930506020784378,
        0.007535398006439209,
        0.00747389392927289,
        0.007564668543636799,
        0.00750300008803606,
        0.007463654037564993,
        0.007303627207875252,
        0.007184693124145269,
        0.0071097370237112045,
        0.007110625505447388,
        0.007106511853635311
    ]
}