{
    "timestamp": "20250113_222717",
    "method": "ols",
    "configuration": {
        "m": 1.0,
        "c": 0.1,
        "k": 5.0,
        "force_type": "sine",
        "amplitude": 1.0,
        "freq": 1.0,
        "random_seed": 42,
        "x0": 0.0,
        "v0": 0.0,
        "t_max": 10.0,
        "dt": 0.02,
        "noise_std": 0.05
    },
    "true_parameters": [
        1.0,
        0.1,
        5.0
    ],
    "estimated_parameters": [
        0.9999999255696749,
        0.09999990870767067,
        5.000004638371401
    ],
    "parameter_errors": [
        7.443032512544079e-06,
        9.129232933502429e-05,
        9.27674280148949e-05
    ],
    "force_rmse": 1.0777987793571027e-08,
    "optimization_info": {
        "success": true,
        "message": "Optimization terminated successfully.",
        "final_func_value": 5.81986754600614e-14,
        "n_iter": 22,
        "n_fev": 92,
        "n_jev": 23,
        "status": 0
    }
}