{
    "epoch": [
        0,
        1,
        2,
        3,
        4,
        5,
        6,
        7,
        8,
        9,
        10,
        11,
        12,
        13,
        14,
        15,
        16,
        17,
        18,
        19,
        20,
        21,
        22,
        23,
        24,
        25,
        26,
        27,
        28,
        29,
        30,
        31,
        32,
        33,
        34,
        35,
        36,
        37,
        38,
        39,
        40,
        41,
        42,
        43,
        44,
        45,
        46,
        47,
        48,
        49,
        50,
        51,
        52,
        53,
        54,
        55,
        56,
        57,
        58,
        59,
        60,
        61,
        62,
        63,
        64,
        65,
        66,
        67,
        68,
        69,
        70,
        71,
        72,
        73,
        74,
        75,
        76,
        77,
        78,
        79,
        80,
        81,
        82,
        83,
        84,
        85,
        86,
        87,
        88,
        89,
        90,
        91,
        92,
        93,
        94,
        95,
        96,
        97,
        98,
        99
    ],
    "train_loss": [
        0.03823040798306465,
        0.015389558859169483,
        0.012446574866771698,
        0.017443321645259857,
        0.00987053569406271,
        0.009764549322426319,
        0.0074102869257330894,
        0.007918935269117355,
        0.008146809414029121,
        0.009103745222091675,
        0.007990028709173203,
        0.007493209559470415,
        0.00636801403015852,
        0.00652465783059597,
        0.006371538620442152,
        0.0060111843049526215,
        0.00616125762462616,
        0.00619465159252286,
        0.006218763999640942,
        0.006073004566133022,
        0.006065331865102053,
        0.006011195946484804,
        0.00605671014636755,
        0.005936047527939081,
        0.006226259749382734,
        0.006209838204085827,
        0.005925963167101145,
        0.0060050878673791885,
        0.006033952347934246,
        0.006141986697912216,
        0.006037725135684013,
        0.005903183948248625,
        0.005883637350052595,
        0.005867053288966417,
        0.0058227828703820705,
        0.005896199960261583,
        0.006059626117348671,
        0.006061533931642771,
        0.006097766570746899,
        0.006028098985552788,
        0.006002460606396198,
        0.006081096362322569,
        0.006086248904466629,
        0.005958654917776585,
        0.005894986912608147,
        0.005901938304305077,
        0.005902361590415239,
        0.005944436881691217,
        0.00592166418209672,
        0.0058336686342954636,
        0.005716732237488031,
        0.005743835587054491,
        0.006005472969263792,
        0.00626240624114871,
        0.006005404517054558,
        0.005795245990157127,
        0.005672002211213112,
        0.0056237406097352505,
        0.00588589534163475,
        0.006096358876675367,
        0.006017316598445177,
        0.005854439921677113,
        0.006280561909079552,
        0.006859563756734133,
        0.0076017845422029495,
        0.008467680774629116,
        0.009835503064095974,
        0.01127337384968996,
        0.012218395248055458,
        0.011557905934751034,
        0.011413324624300003,
        0.010932176373898983,
        0.010599024593830109,
        0.010714554227888584,
        0.010225415229797363,
        0.010327592492103577,
        0.01039116084575653,
        0.010275200940668583,
        0.010538812726736069,
        0.011129719205200672,
        0.011731612496078014,
        0.012402876280248165,
        0.011194596067070961,
        0.011021988466382027,
        0.011281420476734638,
        0.011067010462284088,
        0.010643272660672665,
        0.010731764137744904,
        0.01126951165497303,
        0.011177663691341877,
        0.011079994030296803,
        0.01128869317471981,
        0.011470576748251915,
        0.01156574860215187,
        0.011667344719171524,
        0.011599771678447723,
        0.0115516921505332,
        0.011687788181006908,
        0.011751031503081322,
        0.011660263873636723
    ]
}