{
    "epoch": [
        0,
        1,
        2,
        3,
        4,
        5,
        6,
        7,
        8,
        9,
        10,
        11,
        12,
        13,
        14,
        15,
        16,
        17,
        18,
        19,
        20,
        21,
        22,
        23,
        24,
        25,
        26,
        27,
        28,
        29,
        30,
        31,
        32,
        33,
        34,
        35,
        36,
        37,
        38,
        39,
        40,
        41,
        42,
        43,
        44,
        45,
        46,
        47,
        48,
        49,
        50,
        51,
        52,
        53,
        54,
        55,
        56,
        57,
        58,
        59,
        60,
        61,
        62,
        63,
        64,
        65,
        66,
        67,
        68,
        69,
        70,
        71,
        72,
        73,
        74,
        75,
        76,
        77,
        78,
        79,
        80,
        81,
        82,
        83,
        84,
        85,
        86,
        87,
        88,
        89,
        90,
        91,
        92,
        93,
        94,
        95,
        96,
        97,
        98,
        99
    ],
    "train_loss": [
        0.20427215099334717,
        0.07216571271419525,
        0.042886629700660706,
        0.033734653145074844,
        0.026181122288107872,
        0.045146387070417404,
        0.029416603967547417,
        0.023459861055016518,
        0.021122176200151443,
        0.019788211211562157,
        0.03236372768878937,
        0.023196591064333916,
        0.0222023855894804,
        0.018498564139008522,
        0.018059279769659042,
        0.025418609380722046,
        0.021722715348005295,
        0.020138941705226898,
        0.019426314160227776,
        0.019003652036190033,
        0.02126554772257805,
        0.020080087706446648,
        0.01905536651611328,
        0.01867683418095112,
        0.018520129844546318,
        0.01893164962530136,
        0.01822003535926342,
        0.01783943548798561,
        0.018367892131209373,
        0.018770206719636917,
        0.021052198484539986,
        0.02076723612844944,
        0.02045089192688465,
        0.020163876935839653,
        0.02063290774822235,
        0.024108806625008583,
        0.023234376683831215,
        0.02214694768190384,
        0.02105986326932907,
        0.020503804087638855,
        0.021575013175606728,
        0.019921941682696342,
        0.018730882555246353,
        0.016832523047924042,
        0.016329258680343628,
        0.01950664073228836,
        0.017606845125555992,
        0.016663745045661926,
        0.01622765138745308,
        0.01597953960299492,
        0.01586872525513172,
        0.016154171898961067,
        0.016350675374269485,
        0.016300752758979797,
        0.016268989071249962,
        0.01600581780076027,
        0.015801897272467613,
        0.015396657399833202,
        0.015288847498595715,
        0.014783574268221855,
        0.014608980156481266,
        0.01465238630771637,
        0.014419040642678738,
        0.014221101999282837,
        0.014067036099731922,
        0.014169026166200638,
        0.01393041480332613,
        0.013882715255022049,
        0.013932546600699425,
        0.013832665979862213,
        0.013730859383940697,
        0.013652496039867401,
        0.013705415651202202,
        0.01361055951565504,
        0.013209856115281582,
        0.013220882043242455,
        0.01306060515344143,
        0.013044617138803005,
        0.012913130223751068,
        0.012712957337498665,
        0.012813804671168327,
        0.012612421065568924,
        0.012525064870715141,
        0.012298675253987312,
        0.012157776392996311,
        0.012091072276234627,
        0.012143726460635662,
        0.012238300405442715,
        0.01225203089416027,
        0.012135538272559643,
        0.011980968527495861,
        0.01232694648206234,
        0.012629309669137001,
        0.0132294325158,
        0.013960710726678371,
        0.01491143461316824,
        0.014901665970683098,
        0.014038633555173874,
        0.013701021671295166,
        0.013287071138620377
    ]
}