{
    "epoch": [
        0,
        1,
        2,
        3,
        4,
        5,
        6,
        7,
        8,
        9,
        10,
        11,
        12,
        13,
        14,
        15,
        16,
        17,
        18,
        19,
        20,
        21,
        22,
        23,
        24,
        25,
        26,
        27,
        28,
        29,
        30,
        31,
        32,
        33,
        34,
        35,
        36,
        37,
        38,
        39,
        40,
        41,
        42,
        43,
        44,
        45,
        46,
        47,
        48,
        49,
        50,
        51,
        52,
        53,
        54,
        55,
        56,
        57,
        58,
        59,
        60,
        61,
        62,
        63,
        64,
        65,
        66,
        67,
        68,
        69,
        70,
        71,
        72,
        73,
        74,
        75,
        76,
        77,
        78,
        79,
        80,
        81,
        82,
        83,
        84,
        85,
        86,
        87,
        88,
        89,
        90,
        91,
        92,
        93,
        94,
        95,
        96,
        97,
        98,
        99
    ],
    "train_loss": [
        0.4298273026943207,
        0.21576739847660065,
        0.18002402782440186,
        0.16426514089107513,
        0.14859089255332947,
        0.16589246690273285,
        0.1390528827905655,
        0.12518468499183655,
        0.10834988206624985,
        0.08555111289024353,
        0.08828280121088028,
        0.06898044049739838,
        0.05148135498166084,
        0.03717910498380661,
        0.03175756707787514,
        0.04244925454258919,
        0.030377397313714027,
        0.024008644744753838,
        0.021383360028266907,
        0.01979787088930607,
        0.02534790150821209,
        0.021972745656967163,
        0.01907023973762989,
        0.01850431226193905,
        0.018246926367282867,
        0.02737697772681713,
        0.019862821325659752,
        0.019266849383711815,
        0.017660286277532578,
        0.017116419970989227,
        0.02366154082119465,
        0.017211763188242912,
        0.016311578452587128,
        0.0161342304199934,
        0.015104253776371479,
        0.025204285979270935,
        0.021385557949543,
        0.018387621268630028,
        0.01714293844997883,
        0.016297733411192894,
        0.017654510214924812,
        0.0161161869764328,
        0.015377105213701725,
        0.014534173533320427,
        0.013707492500543594,
        0.013366146013140678,
        0.01275966688990593,
        0.011508520692586899,
        0.011662507429718971,
        0.010546558536589146,
        0.011198898777365685,
        0.010888474062085152,
        0.011566064320504665,
        0.011254279874265194,
        0.011397224850952625,
        0.01191639993339777,
        0.011590122245252132,
        0.010809545405209064,
        0.009882527403533459,
        0.010174770839512348,
        0.010240087285637856,
        0.009486484341323376,
        0.009677854366600513,
        0.009894849732518196,
        0.009494137018918991,
        0.00943650584667921,
        0.009742810390889645,
        0.00984127912670374,
        0.00973217748105526,
        0.009056061506271362,
        0.009115999564528465,
        0.009242674335837364,
        0.009293299168348312,
        0.009583991020917892,
        0.008561485446989536,
        0.009261933155357838,
        0.009328999556601048,
        0.009093781933188438,
        0.010099504142999649,
        0.011067998595535755,
        0.011375393718481064,
        0.01123502105474472,
        0.011483455076813698,
        0.010885111056268215,
        0.011883333325386047,
        0.010324686765670776,
        0.010434293188154697,
        0.009519466198980808,
        0.012451227754354477,
        0.015140900388360023,
        0.012455287389457226,
        0.012264100834727287,
        0.012337875552475452,
        0.010842924006283283,
        0.010280963033437729,
        0.01001878920942545,
        0.009466422721743584,
        0.010248297825455666,
        0.009597953408956528,
        0.009491880424320698
    ]
}