{
    "epoch": [
        0,
        1,
        2,
        3,
        4,
        5,
        6,
        7,
        8,
        9,
        10,
        11,
        12,
        13,
        14,
        15,
        16,
        17,
        18,
        19,
        20,
        21,
        22,
        23,
        24,
        25,
        26,
        27,
        28,
        29,
        30,
        31,
        32,
        33,
        34,
        35,
        36,
        37,
        38,
        39,
        40,
        41,
        42,
        43,
        44,
        45,
        46,
        47,
        48,
        49,
        50,
        51,
        52,
        53,
        54,
        55,
        56,
        57,
        58,
        59,
        60,
        61,
        62,
        63,
        64,
        65,
        66,
        67,
        68,
        69,
        70,
        71,
        72,
        73,
        74,
        75,
        76,
        77,
        78,
        79,
        80,
        81,
        82,
        83,
        84,
        85,
        86,
        87,
        88,
        89,
        90,
        91,
        92,
        93,
        94,
        95,
        96,
        97,
        98,
        99
    ],
    "train_loss": [
        0.027081483975052834,
        0.011432290077209473,
        0.011337501928210258,
        0.006906775292009115,
        0.005761203821748495,
        0.005586905870586634,
        0.006424756720662117,
        0.005952186416834593,
        0.0054754167795181274,
        0.005410013720393181,
        0.005520387552678585,
        0.005638748407363892,
        0.005592153407633305,
        0.00565727474167943,
        0.005689934827387333,
        0.005675717256963253,
        0.005696752108633518,
        0.005576869007200003,
        0.005552025977522135,
        0.005642154719680548,
        0.006439778953790665,
        0.005884289741516113,
        0.005829097703099251,
        0.006469915620982647,
        0.006763473618775606,
        0.007154126651585102,
        0.007567184045910835,
        0.007723962422460318,
        0.008157995529472828,
        0.008435812778770924,
        0.007622876670211554,
        0.007634088862687349,
        0.007567871827632189,
        0.0072867171838879585,
        0.007141100708395243,
        0.007060660049319267,
        0.006997974123805761,
        0.006931671407073736,
        0.006903341040015221,
        0.006809970363974571,
        0.006751530338078737,
        0.006761704105883837,
        0.006829210091382265,
        0.006877702660858631,
        0.006895217578858137,
        0.006903452333062887,
        0.006839563138782978,
        0.006909703835844994,
        0.007158088497817516,
        0.007217710837721825,
        0.007156201638281345,
        0.007100339513272047,
        0.007309261243790388,
        0.007397467736154795,
        0.007502203807234764,
        0.0076341102831065655,
        0.007753544487059116,
        0.007931874133646488,
        0.00821403693407774,
        0.00847899541258812,
        0.008517988957464695,
        0.008556891232728958,
        0.008562928065657616,
        0.008452254347503185,
        0.00834621675312519,
        0.008130669593811035,
        0.00783237349241972,
        0.007612594868987799,
        0.007339213043451309,
        0.00709847966209054,
        0.006837468594312668,
        0.0066699315793812275,
        0.006459523923695087,
        0.006254684645682573,
        0.006136900279670954,
        0.0060420469380915165,
        0.006009230390191078,
        0.005992433987557888,
        0.005976899527013302,
        0.005967077799141407,
        0.005952566396445036,
        0.005935523193329573,
        0.005926599260419607,
        0.005926704499870539,
        0.005927231162786484,
        0.005926788784563541,
        0.005925273522734642,
        0.005921433214098215,
        0.005918494891375303,
        0.0059090303257107735,
        0.005890927277505398,
        0.005862970370799303,
        0.005851547699421644,
        0.005830157082527876,
        0.00579839525744319,
        0.005779075436294079,
        0.0057596927508711815,
        0.0057465266436338425,
        0.005727267358452082,
        0.005707919131964445
    ]
}