{
    "epoch": [
        0,
        1,
        2,
        3,
        4,
        5,
        6,
        7,
        8,
        9,
        10,
        11,
        12,
        13,
        14,
        15,
        16,
        17,
        18,
        19,
        20,
        21,
        22,
        23,
        24,
        25,
        26,
        27,
        28,
        29,
        30,
        31,
        32,
        33,
        34,
        35,
        36,
        37,
        38,
        39,
        40,
        41,
        42,
        43,
        44,
        45,
        46,
        47,
        48,
        49,
        50,
        51,
        52,
        53,
        54,
        55,
        56,
        57,
        58,
        59,
        60,
        61,
        62,
        63,
        64,
        65,
        66,
        67,
        68,
        69,
        70,
        71,
        72,
        73,
        74,
        75,
        76,
        77,
        78,
        79,
        80,
        81,
        82,
        83,
        84,
        85,
        86,
        87,
        88,
        89,
        90,
        91,
        92,
        93,
        94,
        95,
        96,
        97,
        98,
        99
    ],
    "train_loss": [
        0.11940468847751617,
        0.026115361601114273,
        0.012802273035049438,
        0.026628725230693817,
        0.01432431023567915,
        0.015564847737550735,
        0.014772146008908749,
        0.014260300435125828,
        0.013266149908304214,
        0.012340291403234005,
        0.012307055294513702,
        0.012074536643922329,
        0.01200830563902855,
        0.011995737440884113,
        0.011924575082957745,
        0.011749950237572193,
        0.01166489813476801,
        0.011494873091578484,
        0.011332271620631218,
        0.011105253361165524,
        0.01067641656845808,
        0.010092098265886307,
        0.010072805918753147,
        0.010064470581710339,
        0.010050746612250805,
        0.010019897483289242,
        0.009995331056416035,
        0.009974215179681778,
        0.00994231179356575,
        0.009937193244695663,
        0.009942165575921535,
        0.009944316931068897,
        0.009957931004464626,
        0.009955033659934998,
        0.009933563880622387,
        0.0099295973777771,
        0.009903633035719395,
        0.009894609451293945,
        0.009870707988739014,
        0.009899512864649296,
        0.009965328499674797,
        0.010038315318524837,
        0.010119520127773285,
        0.01017758622765541,
        0.010197841562330723,
        0.010229486040771008,
        0.010240449570119381,
        0.010266464203596115,
        0.010246571153402328,
        0.0102660171687603,
        0.010337933897972107,
        0.010387541726231575,
        0.010375743731856346,
        0.010385168716311455,
        0.010402149520814419,
        0.010401250794529915,
        0.01039666123688221,
        0.010407911613583565,
        0.010456680320203304,
        0.0104824872687459,
        0.01045622956007719,
        0.010480702854692936,
        0.01061249803751707,
        0.010590927675366402,
        0.01069262158125639,
        0.010760517790913582,
        0.010780954733490944,
        0.01079294178634882,
        0.010760845616459846,
        0.010778171941637993,
        0.010721331462264061,
        0.010735458694398403,
        0.010736603289842606,
        0.010779963806271553,
        0.010711099952459335,
        0.010752225294709206,
        0.010669242590665817,
        0.010589455254375935,
        0.010559482499957085,
        0.010517767630517483,
        0.010517767630517483,
        0.010517767630517483,
        0.010517767630517483,
        0.010517767630517483,
        0.010517767630517483,
        0.010517767630517483,
        0.010517767630517483,
        0.010517767630517483,
        0.010517767630517483,
        0.010517767630517483,
        0.010517767630517483,
        0.010517767630517483,
        0.010517767630517483,
        0.010517767630517483,
        0.010517767630517483,
        0.010517767630517483,
        0.010517767630517483,
        0.010517767630517483,
        0.010517767630517483,
        0.010517767630517483
    ]
}