{
    "epoch": [
        0,
        1,
        2,
        3,
        4,
        5,
        6,
        7,
        8,
        9,
        10,
        11,
        12,
        13,
        14,
        15,
        16,
        17,
        18,
        19,
        20,
        21,
        22,
        23,
        24,
        25,
        26,
        27,
        28,
        29,
        30,
        31,
        32,
        33,
        34,
        35,
        36,
        37,
        38,
        39,
        40,
        41,
        42,
        43,
        44,
        45,
        46,
        47,
        48,
        49,
        50,
        51,
        52,
        53,
        54,
        55,
        56,
        57,
        58,
        59,
        60,
        61,
        62,
        63,
        64,
        65,
        66,
        67,
        68,
        69,
        70,
        71,
        72,
        73,
        74,
        75,
        76,
        77,
        78,
        79,
        80,
        81,
        82,
        83,
        84,
        85,
        86,
        87,
        88,
        89,
        90,
        91,
        92,
        93,
        94,
        95,
        96,
        97,
        98,
        99
    ],
    "train_loss": [
        0.0285828597843647,
        0.010434099473059177,
        0.007110710721462965,
        0.006204054690897465,
        0.0058748009614646435,
        0.006546481512486935,
        0.006055057048797607,
        0.005767214111983776,
        0.0057214368134737015,
        0.005480672232806683,
        0.005795019678771496,
        0.005737248342484236,
        0.005656376946717501,
        0.00563987297937274,
        0.005448926705867052,
        0.005397410597652197,
        0.005294278729707003,
        0.005181644111871719,
        0.005167236085981131,
        0.005116400774568319,
        0.005098066292703152,
        0.0050866873934865,
        0.00498230429366231,
        0.004946437198668718,
        0.004854454193264246,
        0.004902762360870838,
        0.004867742769420147,
        0.0047707390040159225,
        0.004666693974286318,
        0.004590023308992386,
        0.004409568849951029,
        0.0041647907346487045,
        0.004015362821519375,
        0.004027095157653093,
        0.003746963571757078,
        0.003826596075668931,
        0.003617967013269663,
        0.003663453506305814,
        0.003754284232854843,
        0.003682793118059635,
        0.0040372209623456,
        0.0044882274232804775,
        0.004961882717907429,
        0.005750313401222229,
        0.007185767404735088,
        0.01030671689659357,
        0.010771610774099827,
        0.010475742630660534,
        0.00936693325638771,
        0.007705900352448225,
        0.005843601655215025,
        0.004853330086916685,
        0.004073972348123789,
        0.004691995680332184,
        0.004920134320855141,
        0.0050806007348001,
        0.005678378511220217,
        0.006092627067118883,
        0.007209564559161663,
        0.006982927210628986,
        0.006195169873535633,
        0.005196951795369387,
        0.0043946863152086735,
        0.0037396540865302086,
        0.003617876674979925,
        0.0035671622026711702,
        0.0034254882484674454,
        0.0035217830445617437,
        0.003986626397818327,
        0.004643829073756933,
        0.005612786393612623,
        0.006586630828678608,
        0.006767424754798412,
        0.006561574060469866,
        0.006441829260438681,
        0.00629138108342886,
        0.005920330062508583,
        0.0056687393225729465,
        0.005456293933093548,
        0.00536078866571188,
        0.00518628116697073,
        0.004988064989447594,
        0.0049932412803173065,
        0.004951581358909607,
        0.0047915903851389885,
        0.004724406637251377,
        0.004621242638677359,
        0.004497102461755276,
        0.004452823661267757,
        0.0044265324249863625,
        0.004409141838550568,
        0.004348387010395527,
        0.00429955031722784,
        0.004259829875081778,
        0.004190162755548954,
        0.00407001469284296,
        0.0039233071729540825,
        0.0038747654762119055,
        0.0038358629681169987,
        0.003773088101297617
    ]
}