{
    "epoch": [
        0,
        1,
        2,
        3,
        4,
        5,
        6,
        7,
        8,
        9,
        10,
        11,
        12,
        13,
        14,
        15,
        16,
        17,
        18,
        19,
        20,
        21,
        22,
        23,
        24,
        25,
        26,
        27,
        28,
        29,
        30,
        31,
        32,
        33,
        34,
        35,
        36,
        37,
        38,
        39,
        40,
        41,
        42,
        43,
        44,
        45,
        46,
        47,
        48,
        49,
        50,
        51,
        52,
        53,
        54,
        55,
        56,
        57,
        58,
        59,
        60,
        61,
        62,
        63,
        64,
        65,
        66,
        67,
        68,
        69,
        70,
        71,
        72,
        73,
        74,
        75,
        76,
        77,
        78,
        79,
        80,
        81,
        82,
        83,
        84,
        85,
        86,
        87,
        88,
        89,
        90,
        91,
        92,
        93,
        94,
        95,
        96,
        97,
        98,
        99
    ],
    "train_loss": [
        0.031714532524347305,
        0.012754741124808788,
        0.011960061267018318,
        0.011524477042257786,
        0.010432769544422626,
        0.010451758280396461,
        0.01051301509141922,
        0.010545383207499981,
        0.010555705986917019,
        0.010490220971405506,
        0.01038183830678463,
        0.010334434919059277,
        0.010261133313179016,
        0.010250086896121502,
        0.010247216559946537,
        0.010270391590893269,
        0.010284854099154472,
        0.010329033248126507,
        0.010318780317902565,
        0.010276592336595058,
        0.010228807106614113,
        0.01020126510411501,
        0.010164986364543438,
        0.01012532226741314,
        0.01011183112859726,
        0.010127800516784191,
        0.010170589201152325,
        0.010184423997998238,
        0.01021299697458744,
        0.010186281986534595,
        0.010133562609553337,
        0.0101089458912611,
        0.010098864324390888,
        0.010105491615831852,
        0.010098450817167759,
        0.010090922005474567,
        0.010077346116304398,
        0.010052094236016273,
        0.01003799308091402,
        0.010033420287072659,
        0.01003436092287302,
        0.010047645308077335,
        0.010072527453303337,
        0.010075007565319538,
        0.010043290443718433,
        0.010025097988545895,
        0.009990548714995384,
        0.00996063370257616,
        0.009956941939890385,
        0.00989483017474413,
        0.009819257073104382,
        0.009824281558394432,
        0.009859713725745678,
        0.009925134479999542,
        0.009962706826627254,
        0.009957908652722836,
        0.009938037022948265,
        0.01004578173160553,
        0.010076723992824554,
        0.01010475680232048,
        0.010191312991082668,
        0.010190991684794426,
        0.010306567884981632,
        0.010403024964034557,
        0.010638982988893986,
        0.01081957295536995,
        0.010923239402472973,
        0.011056134477257729,
        0.011255097575485706,
        0.011751175858080387,
        0.01202861126512289,
        0.012498325668275356,
        0.012450662441551685,
        0.012219208292663097,
        0.011948565021157265,
        0.011648877523839474,
        0.011456250213086605,
        0.011244934052228928,
        0.011094699613749981,
        0.010903759859502316,
        0.010762774385511875,
        0.010589913465082645,
        0.010586509481072426,
        0.010522626340389252,
        0.010528056882321835,
        0.010522378608584404,
        0.01051477249711752,
        0.010512969456613064,
        0.010514006949961185,
        0.010508580133318901,
        0.010500344447791576,
        0.010492905974388123,
        0.010486229322850704,
        0.010468677617609501,
        0.010468931868672371,
        0.010452572256326675,
        0.010453926399350166,
        0.010438733734190464,
        0.01041119359433651,
        0.01038747001439333
    ]
}