{
    "epoch": [
        0,
        1,
        2,
        3,
        4,
        5,
        6,
        7,
        8,
        9,
        10,
        11,
        12,
        13,
        14,
        15,
        16,
        17,
        18,
        19,
        20,
        21,
        22,
        23,
        24,
        25,
        26,
        27,
        28,
        29,
        30,
        31,
        32,
        33,
        34,
        35,
        36,
        37,
        38,
        39,
        40,
        41,
        42,
        43,
        44,
        45,
        46,
        47,
        48,
        49,
        50,
        51,
        52,
        53,
        54,
        55,
        56,
        57,
        58,
        59,
        60,
        61,
        62,
        63,
        64,
        65,
        66,
        67,
        68,
        69,
        70,
        71,
        72,
        73,
        74,
        75,
        76,
        77,
        78,
        79,
        80,
        81,
        82,
        83,
        84,
        85,
        86,
        87,
        88,
        89,
        90,
        91,
        92,
        93,
        94,
        95,
        96,
        97,
        98,
        99
    ],
    "train_loss": [
        0.020311348140239716,
        0.011584811843931675,
        0.009513172321021557,
        0.006050625815987587,
        0.004109114874154329,
        0.004592609591782093,
        0.0040832399390637875,
        0.004340487066656351,
        0.004160974640399218,
        0.004298846703022718,
        0.004336909856647253,
        0.004253208637237549,
        0.00465568620711565,
        0.004706992767751217,
        0.004693905357271433,
        0.00484307250007987,
        0.004620607476681471,
        0.004247508477419615,
        0.005959610920399427,
        0.004711739718914032,
        0.006280978210270405,
        0.0050726598128676414,
        0.00429106317460537,
        0.00442688912153244,
        0.004310383927077055,
        0.005498118232935667,
        0.005336448084563017,
        0.0054201846942305565,
        0.00512847350910306,
        0.0070242853835225105,
        0.006061794701963663,
        0.005276167299598455,
        0.005775379482656717,
        0.00552345672622323,
        0.004798006732016802,
        0.005758782848715782,
        0.005524391774088144,
        0.005293340887874365,
        0.00523865083232522,
        0.004936905577778816,
        0.005093798972666264,
        0.0050345975905656815,
        0.004998508840799332,
        0.00498870899900794,
        0.004987765569239855,
        0.005340597592294216,
        0.005309369880706072,
        0.005135310813784599,
        0.005121100693941116,
        0.005096768494695425,
        0.005037794355303049,
        0.0049698869697749615,
        0.004903521854430437,
        0.004823959432542324,
        0.004631128162145615,
        0.004411437548696995,
        0.004210215061903,
        0.004255927633494139,
        0.004371888004243374,
        0.004355893470346928,
        0.004518635105341673,
        0.004476645961403847,
        0.004377076867967844,
        0.004347207490354776,
        0.0042703114449977875,
        0.004222131799906492,
        0.004161323886364698,
        0.004043884575366974,
        0.004051263444125652,
        0.004044591914862394,
        0.004035543650388718,
        0.004034371115267277,
        0.004098111297935247,
        0.004107032436877489,
        0.004112036898732185,
        0.0041262865997850895,
        0.004153718240559101,
        0.0042541539296507835,
        0.0043096416629850864,
        0.004275772254914045,
        0.004227761644870043,
        0.004227966535836458,
        0.004269815515726805,
        0.004183347336947918,
        0.004147409461438656,
        0.00425548292696476,
        0.004204907920211554,
        0.00517045333981514,
        0.005850809160619974,
        0.007527955342084169,
        0.007559997495263815,
        0.007368532009422779,
        0.007126320153474808,
        0.006815796252340078,
        0.00586366793140769,
        0.006477740593254566,
        0.006703781895339489,
        0.0058107017539441586,
        0.006253837142139673,
        0.007084366399794817
    ]
}