{
    "epoch": [
        0,
        1,
        2,
        3,
        4,
        5,
        6,
        7,
        8,
        9,
        10,
        11,
        12,
        13,
        14,
        15,
        16,
        17,
        18,
        19,
        20,
        21,
        22,
        23,
        24,
        25,
        26,
        27,
        28,
        29,
        30,
        31,
        32,
        33,
        34,
        35,
        36,
        37,
        38,
        39,
        40,
        41,
        42,
        43,
        44,
        45,
        46,
        47,
        48,
        49,
        50,
        51,
        52,
        53,
        54,
        55,
        56,
        57,
        58,
        59,
        60,
        61,
        62,
        63,
        64,
        65,
        66,
        67,
        68,
        69,
        70,
        71,
        72,
        73,
        74,
        75,
        76,
        77,
        78,
        79,
        80,
        81,
        82,
        83,
        84,
        85,
        86,
        87,
        88,
        89,
        90,
        91,
        92,
        93,
        94,
        95,
        96,
        97,
        98,
        99
    ],
    "train_loss": [
        0.01819515973329544,
        0.010922444984316826,
        0.008573930710554123,
        0.0076964967884123325,
        0.0072830719873309135,
        0.007029689382761717,
        0.007024767808616161,
        0.006893178913742304,
        0.006900744512677193,
        0.0074781011790037155,
        0.007468923460692167,
        0.007463191635906696,
        0.007233181037008762,
        0.0069759502075612545,
        0.007717745378613472,
        0.006741858087480068,
        0.006529587786644697,
        0.005692889913916588,
        0.005591008346527815,
        0.0055048163048923016,
        0.0059023271314799786,
        0.005888592451810837,
        0.005797619931399822,
        0.005690137855708599,
        0.005547744687646627,
        0.005447549279779196,
        0.0056833927519619465,
        0.00683633191511035,
        0.007650964427739382,
        0.006620892323553562,
        0.005907687358558178,
        0.005132565274834633,
        0.00524197006598115,
        0.005514348857104778,
        0.005450903903692961,
        0.005237712990492582,
        0.0054841963574290276,
        0.005743491463363171,
        0.005835447460412979,
        0.005985112860798836,
        0.0061349039897322655,
        0.005677671171724796,
        0.005519483238458633,
        0.005564054008573294,
        0.00561310350894928,
        0.005576900206506252,
        0.005239719059318304,
        0.0051351976580917835,
        0.005059083923697472,
        0.004945370368659496,
        0.004874427802860737,
        0.004927700851112604,
        0.005100990179926157,
        0.005524900741875172,
        0.005450773052871227,
        0.005310993641614914,
        0.005482746288180351,
        0.005677544046193361,
        0.005923504941165447,
        0.0060055311769247055,
        0.006072599906474352,
        0.00622733635827899,
        0.006482548546046019,
        0.006471522152423859,
        0.006205895449966192,
        0.006030051037669182,
        0.005764437839388847,
        0.005679809954017401,
        0.005756141617894173,
        0.005502821411937475,
        0.005309973377734423,
        0.005423224065452814,
        0.005031511653214693,
        0.00461138691753149,
        0.004346168600022793,
        0.004139212891459465,
        0.004009462893009186,
        0.0038632408250123262,
        0.0038750830572098494,
        0.003923926968127489,
        0.004347789566963911,
        0.004744608420878649,
        0.005552731920033693,
        0.005325084086507559,
        0.005409732926636934,
        0.005567932967096567,
        0.0051861475221812725,
        0.005182512104511261,
        0.005316788796335459,
        0.005089219659566879,
        0.004902312532067299,
        0.004914592020213604,
        0.0048809354193508625,
        0.005107737611979246,
        0.004923656582832336,
        0.004914778284728527,
        0.005136316176503897,
        0.005451873876154423,
        0.005466040689498186,
        0.00570155493915081
    ]
}