{
    "epoch": [
        0,
        1,
        2,
        3,
        4,
        5,
        6,
        7,
        8,
        9,
        10,
        11,
        12,
        13,
        14,
        15,
        16,
        17,
        18,
        19,
        20,
        21,
        22,
        23,
        24,
        25,
        26,
        27,
        28,
        29,
        30,
        31,
        32,
        33,
        34,
        35,
        36,
        37,
        38,
        39,
        40,
        41,
        42,
        43,
        44,
        45,
        46,
        47,
        48,
        49,
        50,
        51,
        52,
        53,
        54,
        55,
        56,
        57,
        58,
        59,
        60,
        61,
        62,
        63,
        64,
        65,
        66,
        67,
        68,
        69,
        70,
        71,
        72,
        73,
        74,
        75,
        76,
        77,
        78,
        79,
        80,
        81,
        82,
        83,
        84,
        85,
        86,
        87,
        88,
        89,
        90,
        91,
        92,
        93,
        94,
        95,
        96,
        97,
        98,
        99
    ],
    "train_loss": [
        0.2453322857618332,
        0.11772967875003815,
        0.07365837693214417,
        0.0515344962477684,
        0.04024657607078552,
        0.028284035623073578,
        0.0239129438996315,
        0.020598918199539185,
        0.018358390778303146,
        0.016785694286227226,
        0.0132202273234725,
        0.013395207934081554,
        0.011644158512353897,
        0.010970277711749077,
        0.010507496073842049,
        0.009696988388895988,
        0.0095991725102067,
        0.009305163286626339,
        0.012564641423523426,
        0.011551592499017715,
        0.010843927040696144,
        0.00967792235314846,
        0.009737171232700348,
        0.009517146274447441,
        0.008782759308815002,
        0.008689331822097301,
        0.009035120718181133,
        0.008918405510485172,
        0.009563985280692577,
        0.009333591908216476,
        0.008230932988226414,
        0.007829788140952587,
        0.00737573578953743,
        0.007410247344523668,
        0.007509124465286732,
        0.007355197798460722,
        0.007345180492848158,
        0.007434688974171877,
        0.0074323248118162155,
        0.007275338750332594,
        0.007374836131930351,
        0.007588315289467573,
        0.007869941182434559,
        0.008158156648278236,
        0.008144368417561054,
        0.007857593707740307,
        0.00780364777892828,
        0.007838201709091663,
        0.007846846245229244,
        0.007843215949833393,
        0.0082172816619277,
        0.00832874421030283,
        0.008252815343439579,
        0.008107689209282398,
        0.007891855202615261,
        0.0076675801537930965,
        0.0075189946219325066,
        0.007240227423608303,
        0.007138503715395927,
        0.007069939281791449,
        0.007087957579642534,
        0.0071273366920650005,
        0.0070313685573637486,
        0.006910435855388641,
        0.006885258015245199,
        0.006705114152282476,
        0.006671032402664423,
        0.006742462515830994,
        0.006732624489814043,
        0.006766848731786013,
        0.00682325242087245,
        0.006684060208499432,
        0.006715037394315004,
        0.00664840592071414,
        0.006810367107391357,
        0.00680228415876627,
        0.006643377710133791,
        0.006639276165515184,
        0.006691979710012674,
        0.006768314633518457,
        0.006749666295945644,
        0.006619479041546583,
        0.006641811691224575,
        0.006679707672446966,
        0.006641327869147062,
        0.006696825847029686,
        0.006698972079902887,
        0.006729497574269772,
        0.006835188716650009,
        0.006982121150940657,
        0.0071497587487101555,
        0.0069885337725281715,
        0.007128968369215727,
        0.0074494872242212296,
        0.007761364337056875,
        0.00822091568261385,
        0.00867642555385828,
        0.009295345284044743,
        0.009406707249581814,
        0.009867522865533829
    ]
}