{
    "epoch": [
        0,
        1,
        2,
        3,
        4,
        5,
        6,
        7,
        8,
        9,
        10,
        11,
        12,
        13,
        14,
        15,
        16,
        17,
        18,
        19,
        20,
        21,
        22,
        23,
        24,
        25,
        26,
        27,
        28,
        29,
        30,
        31,
        32,
        33,
        34,
        35,
        36,
        37,
        38,
        39,
        40,
        41,
        42,
        43,
        44,
        45,
        46,
        47,
        48,
        49,
        50,
        51,
        52,
        53,
        54,
        55,
        56,
        57,
        58,
        59,
        60,
        61,
        62,
        63,
        64,
        65,
        66,
        67,
        68,
        69,
        70,
        71,
        72,
        73,
        74,
        75,
        76,
        77,
        78,
        79,
        80,
        81,
        82,
        83,
        84,
        85,
        86,
        87,
        88,
        89,
        90,
        91,
        92,
        93,
        94,
        95,
        96,
        97,
        98,
        99
    ],
    "train_loss": [
        0.6576541066169739,
        0.47816774249076843,
        0.3447040915489197,
        0.2804051637649536,
        0.25279465317726135,
        0.21794530749320984,
        0.16965213418006897,
        0.14727185666561127,
        0.13564713299274445,
        0.1256840080022812,
        0.13585779070854187,
        0.11795277893543243,
        0.11209537833929062,
        0.10508381575345993,
        0.09749212861061096,
        0.10436656326055527,
        0.09313847124576569,
        0.08964963257312775,
        0.08692602068185806,
        0.08452862501144409,
        0.08341646939516068,
        0.07330957800149918,
        0.06696292012929916,
        0.06398877501487732,
        0.06096728518605232,
        0.06730200350284576,
        0.060168761759996414,
        0.05561954528093338,
        0.05100877583026886,
        0.047251638025045395,
        0.08900852501392365,
        0.07077132910490036,
        0.06469463557004929,
        0.06252764910459518,
        0.06050996854901314,
        0.06745161861181259,
        0.06269460916519165,
        0.060608234256505966,
        0.05926522612571716,
        0.057769108563661575,
        0.05877199396491051,
        0.054797861725091934,
        0.05380580201745033,
        0.052988603711128235,
        0.05227978527545929,
        0.05326765403151512,
        0.05162038281559944,
        0.051096390932798386,
        0.050699952989816666,
        0.05023951455950737,
        0.04970530793070793,
        0.04919819161295891,
        0.04880918562412262,
        0.04852324351668358,
        0.04802049696445465,
        0.047769058495759964,
        0.04720369726419449,
        0.04679994657635689,
        0.04628542810678482,
        0.04536041244864464,
        0.04495514929294586,
        0.044208887964487076,
        0.04392087459564209,
        0.04364708438515663,
        0.043419625610113144,
        0.04340345039963722,
        0.042904503643512726,
        0.04263114929199219,
        0.042452484369277954,
        0.04203905910253525,
        0.04184134677052498,
        0.041749585419893265,
        0.04144683852791786,
        0.04099768400192261,
        0.04074568673968315,
        0.04033811390399933,
        0.040406495332717896,
        0.04016643762588501,
        0.03999805450439453,
        0.039590515196323395,
        0.03919075056910515,
        0.038766179233789444,
        0.03853761777281761,
        0.03820035979151726,
        0.037932898849248886,
        0.03774988278746605,
        0.03731682151556015,
        0.03712603822350502,
        0.03647271916270256,
        0.035988930612802505,
        0.035529974848032,
        0.03534902259707451,
        0.03516252711415291,
        0.03508074954152107,
        0.03483429178595543,
        0.03484921529889107,
        0.03499270975589752,
        0.03470838814973831,
        0.034368786960840225,
        0.03391197323799133
    ]
}