{
    "epoch": [
        0,
        1,
        2,
        3,
        4,
        5,
        6,
        7,
        8,
        9,
        10,
        11,
        12,
        13,
        14,
        15,
        16,
        17,
        18,
        19,
        20,
        21,
        22,
        23,
        24,
        25,
        26,
        27,
        28,
        29,
        30,
        31,
        32,
        33,
        34,
        35,
        36,
        37,
        38,
        39,
        40,
        41,
        42,
        43,
        44,
        45,
        46,
        47,
        48,
        49,
        50,
        51,
        52,
        53,
        54,
        55,
        56,
        57,
        58,
        59,
        60,
        61,
        62,
        63,
        64,
        65,
        66,
        67,
        68,
        69,
        70,
        71,
        72,
        73,
        74,
        75,
        76,
        77,
        78,
        79,
        80,
        81,
        82,
        83,
        84,
        85,
        86,
        87,
        88,
        89,
        90,
        91,
        92,
        93,
        94,
        95,
        96,
        97,
        98,
        99
    ],
    "train_loss": [
        0.20771239697933197,
        0.1139056608080864,
        0.08871368318796158,
        0.0730922594666481,
        0.06167656555771828,
        0.04558933526277542,
        0.03847017139196396,
        0.03137293457984924,
        0.028020864352583885,
        0.026671813800930977,
        0.0218366552144289,
        0.017840266227722168,
        0.01790938340127468,
        0.014514009468257427,
        0.012358490377664566,
        0.011955730617046356,
        0.013988508842885494,
        0.01524494681507349,
        0.017424866557121277,
        0.016335032880306244,
        0.017434963956475258,
        0.015661878511309624,
        0.017060542479157448,
        0.01411170233041048,
        0.012660420499742031,
        0.012655659578740597,
        0.010248368605971336,
        0.010268054902553558,
        0.011015806347131729,
        0.012003917247056961,
        0.010981004685163498,
        0.010360759682953358,
        0.01039340440183878,
        0.00949426181614399,
        0.010079847648739815,
        0.009916012175381184,
        0.009107222780585289,
        0.008541313000023365,
        0.009020674042403698,
        0.008335163816809654,
        0.008443542756140232,
        0.008128981105983257,
        0.008210559375584126,
        0.008083928376436234,
        0.008084375411272049,
        0.007959882728755474,
        0.007881859317421913,
        0.007890632376074791,
        0.007771558593958616,
        0.0076245833188295364,
        0.007553051691502333,
        0.0071638645604252815,
        0.0067550321109592915,
        0.006659586913883686,
        0.007447739131748676,
        0.007246202789247036,
        0.007368810940533876,
        0.007808420807123184,
        0.008068691939115524,
        0.00823999010026455,
        0.00872042030096054,
        0.008613193407654762,
        0.008434227667748928,
        0.008541581220924854,
        0.008382195606827736,
        0.008066864684224129,
        0.007891607470810413,
        0.007955944165587425,
        0.007328285835683346,
        0.007042220328003168,
        0.0069030886515975,
        0.006319332402199507,
        0.006319895852357149,
        0.006287171971052885,
        0.006445614621043205,
        0.0059920442290604115,
        0.006230923812836409,
        0.006132906768471003,
        0.006198848132044077,
        0.006159596145153046,
        0.0062624504789710045,
        0.006350553594529629,
        0.006228222511708736,
        0.006417097058147192,
        0.006266162730753422,
        0.006155931390821934,
        0.00627884641289711,
        0.006222127936780453,
        0.0063101379200816154,
        0.0063101379200816154,
        0.0063101379200816154,
        0.0063101379200816154,
        0.0062501877546310425,
        0.006143417675048113,
        0.006067132577300072,
        0.006166116334497929,
        0.005883350968360901,
        0.005921467673033476,
        0.005877472925931215,
        0.0060296254232525826
    ]
}