{
    "epoch": [
        0,
        1,
        2,
        3,
        4,
        5,
        6,
        7,
        8,
        9,
        10,
        11,
        12,
        13,
        14,
        15,
        16,
        17,
        18,
        19,
        20,
        21,
        22,
        23,
        24,
        25,
        26,
        27,
        28,
        29,
        30,
        31,
        32,
        33,
        34,
        35,
        36,
        37,
        38,
        39,
        40,
        41,
        42,
        43,
        44,
        45,
        46,
        47,
        48,
        49,
        50,
        51,
        52,
        53,
        54,
        55,
        56,
        57,
        58,
        59,
        60,
        61,
        62,
        63,
        64,
        65,
        66,
        67,
        68,
        69,
        70,
        71,
        72,
        73,
        74,
        75,
        76,
        77,
        78,
        79,
        80,
        81,
        82,
        83,
        84,
        85,
        86,
        87,
        88,
        89,
        90,
        91,
        92,
        93,
        94,
        95,
        96,
        97,
        98,
        99
    ],
    "train_loss": [
        0.03280674293637276,
        0.020074408501386642,
        0.01146265771239996,
        0.012279683724045753,
        0.010914402082562447,
        0.011935324408113956,
        0.011493302881717682,
        0.010887608863413334,
        0.010386492125689983,
        0.010350974276661873,
        0.010628225281834602,
        0.010290803387761116,
        0.010135671123862267,
        0.009882756508886814,
        0.009250457398593426,
        0.009154080413281918,
        0.009080343879759312,
        0.009265122003853321,
        0.008965816348791122,
        0.008853991515934467,
        0.008782733231782913,
        0.00889851339161396,
        0.009206979535520077,
        0.009549564681947231,
        0.009595200419425964,
        0.009505332447588444,
        0.009752796962857246,
        0.010336289182305336,
        0.011294722557067871,
        0.010842169634997845,
        0.010638737119734287,
        0.010682818479835987,
        0.010529882274568081,
        0.01057550497353077,
        0.010284250602126122,
        0.00983398873358965,
        0.009744246490299702,
        0.009722074493765831,
        0.009546536020934582,
        0.00962809007614851,
        0.009684638120234013,
        0.009990345686674118,
        0.009711597114801407,
        0.009488572366535664,
        0.009376089088618755,
        0.009849418886005878,
        0.009088323451578617,
        0.009194727055728436,
        0.00951218418776989,
        0.009836241602897644,
        0.00952793937176466,
        0.009326848201453686,
        0.009405470453202724,
        0.009362798184156418,
        0.009063064120709896,
        0.009022891521453857,
        0.009043465368449688,
        0.009071632288396358,
        0.009198191575706005,
        0.009138708002865314,
        0.009126955643296242,
        0.00908752903342247,
        0.009176742285490036,
        0.009329013526439667,
        0.00939575769007206,
        0.009527105838060379,
        0.00945589505136013,
        0.009578091092407703,
        0.009767257608473301,
        0.00984733272343874,
        0.009979424998164177,
        0.009969059377908707,
        0.009888388216495514,
        0.009821247309446335,
        0.009787640534341335,
        0.009815357625484467,
        0.00981319323182106,
        0.009809805080294609,
        0.00978762935847044,
        0.009760827757418156,
        0.009758815169334412,
        0.009828035719692707,
        0.009880728088319302,
        0.009994545951485634,
        0.010048567317426205,
        0.010083314031362534,
        0.010025640949606895,
        0.010088005103170872,
        0.010089353658258915,
        0.010105541907250881,
        0.010202390141785145,
        0.010255283676087856,
        0.01049108151346445,
        0.01044556312263012,
        0.010342629626393318,
        0.010195845738053322,
        0.010177992284297943,
        0.010144838131964207,
        0.010136784054338932,
        0.010130424052476883
    ]
}