{
    "epoch": [
        0,
        1,
        2,
        3,
        4,
        5,
        6,
        7,
        8,
        9,
        10,
        11,
        12,
        13,
        14,
        15,
        16,
        17,
        18,
        19,
        20,
        21,
        22,
        23,
        24,
        25,
        26,
        27,
        28,
        29,
        30,
        31,
        32,
        33,
        34,
        35,
        36,
        37,
        38,
        39,
        40,
        41,
        42,
        43,
        44,
        45,
        46,
        47,
        48,
        49,
        50,
        51,
        52,
        53,
        54,
        55,
        56,
        57,
        58,
        59,
        60,
        61,
        62,
        63,
        64,
        65,
        66,
        67,
        68,
        69,
        70,
        71,
        72,
        73,
        74,
        75,
        76,
        77,
        78,
        79,
        80,
        81,
        82,
        83,
        84,
        85,
        86,
        87,
        88,
        89,
        90,
        91,
        92,
        93,
        94,
        95,
        96,
        97,
        98,
        99
    ],
    "train_loss": [
        0.0545981302857399,
        0.028260963037610054,
        0.021049074828624725,
        0.02377142198383808,
        0.02529030852019787,
        0.020473338663578033,
        0.016620932146906853,
        0.012154282070696354,
        0.010967792943120003,
        0.009793986566364765,
        0.010084315203130245,
        0.009869325906038284,
        0.007903510704636574,
        0.007941504940390587,
        0.007795330602675676,
        0.007095981389284134,
        0.007701174821704626,
        0.006277205888181925,
        0.006134608294814825,
        0.006326777394860983,
        0.006234585773199797,
        0.006155100651085377,
        0.006183784455060959,
        0.0057511539198458195,
        0.006118911784142256,
        0.0059626358561217785,
        0.006175184156745672,
        0.006218175869435072,
        0.006019369699060917,
        0.005949088372290134,
        0.006064940243959427,
        0.006670751608908176,
        0.006767672952264547,
        0.007053691893815994,
        0.00660654716193676,
        0.005904067307710648,
        0.005741919856518507,
        0.005765122827142477,
        0.006075313314795494,
        0.006309455260634422,
        0.006492143031209707,
        0.006039824336767197,
        0.0055928598158061504,
        0.005614708177745342,
        0.005556413438171148,
        0.005955956410616636,
        0.00577995739877224,
        0.005611370783299208,
        0.006051407195627689,
        0.006105402484536171,
        0.005956347566097975,
        0.006012520287185907,
        0.006336531136184931,
        0.006325662601739168,
        0.006276206113398075,
        0.006118706427514553,
        0.005987376440316439,
        0.006071682088077068,
        0.006186653859913349,
        0.00659852335229516,
        0.006524388212710619,
        0.006376142613589764,
        0.006454551592469215,
        0.006598633714020252,
        0.006627803668379784,
        0.006583264097571373,
        0.006463052239269018,
        0.006407382898032665,
        0.006376081146299839,
        0.006309728138148785,
        0.0062941014766693115,
        0.006460804957896471,
        0.006416936870664358,
        0.006213391665369272,
        0.0060111419297754765,
        0.00555981881916523,
        0.005192477256059647,
        0.00492751644924283,
        0.005290973000228405,
        0.005649606231600046,
        0.0058755711652338505,
        0.005988389253616333,
        0.006002216599881649,
        0.005620792508125305,
        0.0052588265389204025,
        0.005251742899417877,
        0.0055446014739573,
        0.005958363879472017,
        0.006123274099081755,
        0.006043022032827139,
        0.006128063425421715,
        0.00632877741008997,
        0.006513501983135939,
        0.006933046039193869,
        0.0074107409454882145,
        0.007274820934981108,
        0.0071456292644143105,
        0.006883640773594379,
        0.006734798196703196,
        0.00669354060664773
    ]
}