{
    "epoch": [
        0,
        1,
        2,
        3,
        4,
        5,
        6,
        7,
        8,
        9,
        10,
        11,
        12,
        13,
        14,
        15,
        16,
        17,
        18,
        19,
        20,
        21,
        22,
        23,
        24,
        25,
        26,
        27,
        28,
        29,
        30,
        31,
        32,
        33,
        34,
        35,
        36,
        37,
        38,
        39,
        40,
        41,
        42,
        43,
        44,
        45,
        46,
        47,
        48,
        49,
        50,
        51,
        52,
        53,
        54,
        55,
        56,
        57,
        58,
        59,
        60,
        61,
        62,
        63,
        64,
        65,
        66,
        67,
        68,
        69,
        70,
        71,
        72,
        73,
        74,
        75,
        76,
        77,
        78,
        79,
        80,
        81,
        82,
        83,
        84,
        85,
        86,
        87,
        88,
        89,
        90,
        91,
        92,
        93,
        94,
        95,
        96,
        97,
        98,
        99
    ],
    "train_loss": [
        0.2631036341190338,
        0.1534387469291687,
        0.13387401401996613,
        0.12081411480903625,
        0.11428409814834595,
        0.1271030306816101,
        0.10189283639192581,
        0.09262561798095703,
        0.08361160010099411,
        0.07295726984739304,
        0.0701514258980751,
        0.06447093188762665,
        0.05556106939911842,
        0.04830540716648102,
        0.04389571398496628,
        0.04500449821352959,
        0.03793739899992943,
        0.03535415232181549,
        0.03410182148218155,
        0.03186010196805,
        0.03171778470277786,
        0.02799912355840206,
        0.02533896453678608,
        0.02232101559638977,
        0.021185046061873436,
        0.02679990790784359,
        0.02383425645530224,
        0.02175973914563656,
        0.019056137651205063,
        0.01848577708005905,
        0.024336783215403557,
        0.020202018320560455,
        0.01958681456744671,
        0.017323903739452362,
        0.01651788130402565,
        0.016161562874913216,
        0.01222090981900692,
        0.012034857645630836,
        0.009815122932195663,
        0.01022190973162651,
        0.013181074522435665,
        0.011192281730473042,
        0.010372886434197426,
        0.010363222099840641,
        0.0104183629155159,
        0.016173725947737694,
        0.012013227678835392,
        0.012372631579637527,
        0.011862221173942089,
        0.01127844862639904,
        0.011179115623235703,
        0.011910796165466309,
        0.011538813821971416,
        0.011111397296190262,
        0.010371357202529907,
        0.011095368303358555,
        0.01218363456428051,
        0.011209499090909958,
        0.011235121637582779,
        0.01186414249241352,
        0.012048924341797829,
        0.011613392271101475,
        0.01152349729090929,
        0.010502834804356098,
        0.011394900269806385,
        0.011265394277870655,
        0.010103799402713776,
        0.009937907569110394,
        0.011775236576795578,
        0.011275495402514935,
        0.012306741438806057,
        0.013225778937339783,
        0.012740696780383587,
        0.013456784188747406,
        0.014462764374911785,
        0.01280172634869814,
        0.011627613566815853,
        0.011377476155757904,
        0.010715149343013763,
        0.011466276831924915,
        0.01034172810614109,
        0.010220515541732311,
        0.009462215937674046,
        0.01055797841399908,
        0.010799814946949482,
        0.00996521394699812,
        0.010706991888582706,
        0.011653278023004532,
        0.011047965846955776,
        0.010911775752902031,
        0.011853172443807125,
        0.011244062334299088,
        0.010207940824329853,
        0.010139534249901772,
        0.009591598063707352,
        0.009608063846826553,
        0.009558050893247128,
        0.009524425491690636,
        0.009199741296470165,
        0.009784380905330181
    ]
}