{
    "epoch": [
        0,
        1,
        2,
        3,
        4,
        5,
        6,
        7,
        8,
        9,
        10,
        11,
        12,
        13,
        14,
        15,
        16,
        17,
        18,
        19,
        20,
        21,
        22,
        23,
        24,
        25,
        26,
        27,
        28,
        29,
        30,
        31,
        32,
        33,
        34,
        35,
        36,
        37,
        38,
        39,
        40,
        41,
        42,
        43,
        44,
        45,
        46,
        47,
        48,
        49,
        50,
        51,
        52,
        53,
        54,
        55,
        56,
        57,
        58,
        59,
        60,
        61,
        62,
        63,
        64,
        65,
        66,
        67,
        68,
        69,
        70,
        71,
        72,
        73,
        74,
        75,
        76,
        77,
        78,
        79,
        80,
        81,
        82,
        83,
        84,
        85,
        86,
        87,
        88,
        89,
        90,
        91,
        92,
        93,
        94,
        95,
        96,
        97,
        98,
        99
    ],
    "train_loss": [
        0.06610424816608429,
        0.030639633536338806,
        0.023046767339110374,
        0.01983887515962124,
        0.01772947423160076,
        0.01654977537691593,
        0.011477028019726276,
        0.010781705379486084,
        0.010314934886991978,
        0.01007922925055027,
        0.011647135950624943,
        0.011532139964401722,
        0.010589961893856525,
        0.011122473515570164,
        0.010344371199607849,
        0.01059129647910595,
        0.010012132115662098,
        0.010953486897051334,
        0.008689829148352146,
        0.008693314157426357,
        0.008525221608579159,
        0.008500603027641773,
        0.008648518472909927,
        0.008601922541856766,
        0.008585851639509201,
        0.008681826293468475,
        0.008856342174112797,
        0.008981531485915184,
        0.009083165787160397,
        0.00925715733319521,
        0.009052321314811707,
        0.009029059670865536,
        0.008880901150405407,
        0.008667630143463612,
        0.008468791842460632,
        0.008119762875139713,
        0.008233181200921535,
        0.008375478908419609,
        0.008184599690139294,
        0.008453000336885452,
        0.008655225858092308,
        0.009327362291514874,
        0.00929641630500555,
        0.009399810805916786,
        0.009485411457717419,
        0.009621256031095982,
        0.009604280814528465,
        0.009776667691767216,
        0.009534001350402832,
        0.009288210421800613,
        0.008884675800800323,
        0.008724424056708813,
        0.008713928051292896,
        0.008489510044455528,
        0.008007273077964783,
        0.008162444457411766,
        0.008292696438729763,
        0.008145387284457684,
        0.008464077487587929,
        0.008871758356690407,
        0.010284456424415112,
        0.00942243356257677,
        0.008936558850109577,
        0.00827090349048376,
        0.007777988910675049,
        0.00819324143230915,
        0.008472216315567493,
        0.008476491086184978,
        0.008279622532427311,
        0.008510055020451546,
        0.00851833913475275,
        0.008475454524159431,
        0.008566823787987232,
        0.008630490861833096,
        0.008314191363751888,
        0.00841741543263197,
        0.0082155242562294,
        0.008235461078584194,
        0.007928993552923203,
        0.007918952964246273,
        0.008061553351581097,
        0.008173738606274128,
        0.008093124255537987,
        0.0077104875817894936,
        0.007455199491232634,
        0.007235417142510414,
        0.007642163895070553,
        0.008237930946052074,
        0.013057367876172066,
        0.010192629881203175,
        0.008653998374938965,
        0.008174587972462177,
        0.008037826046347618,
        0.007779712323099375,
        0.009323795326054096,
        0.007461098488420248,
        0.007102948613464832,
        0.006680226419121027,
        0.0058951349928975105,
        0.005997776053845882
    ]
}