{
    "epoch": [
        0,
        1,
        2,
        3,
        4,
        5,
        6,
        7,
        8,
        9,
        10,
        11,
        12,
        13,
        14,
        15,
        16,
        17,
        18,
        19,
        20,
        21,
        22,
        23,
        24,
        25,
        26,
        27,
        28,
        29,
        30,
        31,
        32,
        33,
        34,
        35,
        36,
        37,
        38,
        39,
        40,
        41,
        42,
        43,
        44,
        45,
        46,
        47,
        48,
        49,
        50,
        51,
        52,
        53,
        54,
        55,
        56,
        57,
        58,
        59,
        60,
        61,
        62,
        63,
        64,
        65,
        66,
        67,
        68,
        69,
        70,
        71,
        72,
        73,
        74,
        75,
        76,
        77,
        78,
        79,
        80,
        81,
        82,
        83,
        84,
        85,
        86,
        87,
        88,
        89,
        90,
        91,
        92,
        93,
        94,
        95,
        96,
        97,
        98,
        99
    ],
    "train_loss": [
        0.029124172404408455,
        0.013408412225544453,
        0.013197035528719425,
        0.010605909861624241,
        0.009745749644935131,
        0.010399341583251953,
        0.010153320617973804,
        0.010137243196368217,
        0.010157592594623566,
        0.01004055142402649,
        0.009956910274922848,
        0.009861236438155174,
        0.010048500262200832,
        0.009868523105978966,
        0.00996972806751728,
        0.010035826824605465,
        0.010164164006710052,
        0.009764865972101688,
        0.009824195876717567,
        0.009695900604128838,
        0.00950722023844719,
        0.00923164188861847,
        0.00876820832490921,
        0.009142570197582245,
        0.009338212199509144,
        0.009082263335585594,
        0.00899672880768776,
        0.009092539548873901,
        0.008920597843825817,
        0.008636068552732468,
        0.009085849858820438,
        0.009225789457559586,
        0.011009963229298592,
        0.011896575801074505,
        0.010956885293126106,
        0.010487385094165802,
        0.010451782494783401,
        0.010291834361851215,
        0.009739820845425129,
        0.009603245183825493,
        0.009499038569629192,
        0.009553289040923119,
        0.009811931289732456,
        0.010011017322540283,
        0.009722254239022732,
        0.009693986736238003,
        0.009904534555971622,
        0.009906952269375324,
        0.010524786077439785,
        0.011384936049580574,
        0.013843243941664696,
        0.016554949805140495,
        0.0203736312687397,
        0.02116972766816616,
        0.020454982295632362,
        0.019430389627814293,
        0.01910656876862049,
        0.018148090690374374,
        0.017147915437817574,
        0.016116837039589882,
        0.014959760010242462,
        0.01411249116063118,
        0.01308124978095293,
        0.012544097378849983,
        0.012147107161581516,
        0.011276829987764359,
        0.010499230585992336,
        0.01003185473382473,
        0.009434942156076431,
        0.009048429317772388,
        0.008884758688509464,
        0.008570142090320587,
        0.008507628925144672,
        0.008548594079911709,
        0.008603363297879696,
        0.008931601420044899,
        0.009157467633485794,
        0.009227407164871693,
        0.009564081206917763,
        0.0096536660566926,
        0.009807614609599113,
        0.009966361336410046,
        0.009843352250754833,
        0.00985778495669365,
        0.009828008711338043,
        0.009381605312228203,
        0.009202810004353523,
        0.009292877279222012,
        0.009392335079610348,
        0.009366746991872787,
        0.00927653070539236,
        0.009363207966089249,
        0.009368437342345715,
        0.009343977086246014,
        0.009231562726199627,
        0.009292411617934704,
        0.009224526584148407,
        0.009168548509478569,
        0.009044986218214035,
        0.009068734012544155
    ]
}