{
    "epoch": [
        0,
        1,
        2,
        3,
        4,
        5,
        6,
        7,
        8,
        9,
        10,
        11,
        12,
        13,
        14,
        15,
        16,
        17,
        18,
        19,
        20,
        21,
        22,
        23,
        24,
        25,
        26,
        27,
        28,
        29,
        30,
        31,
        32,
        33,
        34,
        35,
        36,
        37,
        38,
        39,
        40,
        41,
        42,
        43,
        44,
        45,
        46,
        47,
        48,
        49,
        50,
        51,
        52,
        53,
        54,
        55,
        56,
        57,
        58,
        59,
        60,
        61,
        62,
        63,
        64,
        65,
        66,
        67,
        68,
        69,
        70,
        71,
        72,
        73,
        74,
        75,
        76,
        77,
        78,
        79,
        80,
        81,
        82,
        83,
        84,
        85,
        86,
        87,
        88,
        89,
        90,
        91,
        92,
        93,
        94,
        95,
        96,
        97,
        98,
        99
    ],
    "train_loss": [
        0.026021387428045273,
        0.011752420105040073,
        0.01167088933289051,
        0.01139853335916996,
        0.011197022162377834,
        0.011525174602866173,
        0.011513817124068737,
        0.011087118647992611,
        0.011408540420234203,
        0.011348754167556763,
        0.011340202763676643,
        0.011110840365290642,
        0.011108462698757648,
        0.011135896667838097,
        0.011194524355232716,
        0.011177392676472664,
        0.011120949871838093,
        0.01095831859856844,
        0.011021127924323082,
        0.011093429289758205,
        0.010938607156276703,
        0.010945851914584637,
        0.011062677018344402,
        0.010841216892004013,
        0.01078591775149107,
        0.010689645074307919,
        0.010542072355747223,
        0.010461471043527126,
        0.010395333170890808,
        0.010148586705327034,
        0.010131186805665493,
        0.010164846666157246,
        0.01020476222038269,
        0.010158334858715534,
        0.010144583880901337,
        0.010144040919840336,
        0.010218141600489616,
        0.01023627258837223,
        0.010220956057310104,
        0.010274890810251236,
        0.010235421359539032,
        0.010179168544709682,
        0.010239286348223686,
        0.010234077461063862,
        0.010150260291993618,
        0.01016769465059042,
        0.01019427552819252,
        0.010166071355342865,
        0.01018142607063055,
        0.01028814259916544,
        0.010367684066295624,
        0.010454295203089714,
        0.010516198351979256,
        0.010618363507091999,
        0.010873663239181042,
        0.011258905753493309,
        0.011486763134598732,
        0.011758813634514809,
        0.01196085661649704,
        0.012093845754861832,
        0.012089676223695278,
        0.011900188401341438,
        0.011697852052748203,
        0.011463618837296963,
        0.011319923214614391,
        0.011210257187485695,
        0.011082516983151436,
        0.01089282613247633,
        0.010650569573044777,
        0.010499385185539722,
        0.010400871746242046,
        0.010359605774283409,
        0.010293979197740555,
        0.010277737863361835,
        0.010216956026852131,
        0.01000336091965437,
        0.009886534884572029,
        0.009862621314823627,
        0.00982909556478262,
        0.009776905179023743,
        0.009734597988426685,
        0.009686890989542007,
        0.009671328589320183,
        0.009680348448455334,
        0.009677590802311897,
        0.00969590526074171,
        0.00988851860165596,
        0.009923231787979603,
        0.009871884249150753,
        0.009767898358404636,
        0.0097588412463665,
        0.009732085280120373,
        0.009717556647956371,
        0.009721986018121243,
        0.009629176929593086,
        0.009727248921990395,
        0.009998440742492676,
        0.010244125500321388,
        0.010274005122482777,
        0.010212505236268044
    ]
}