{
    "epoch": [
        0,
        1,
        2,
        3,
        4,
        5,
        6,
        7,
        8,
        9,
        10,
        11,
        12,
        13,
        14,
        15,
        16,
        17,
        18,
        19,
        20,
        21,
        22,
        23,
        24,
        25,
        26,
        27,
        28,
        29,
        30,
        31,
        32,
        33,
        34,
        35,
        36,
        37,
        38,
        39,
        40,
        41,
        42,
        43,
        44,
        45,
        46,
        47,
        48,
        49,
        50,
        51,
        52,
        53,
        54,
        55,
        56,
        57,
        58,
        59,
        60,
        61,
        62,
        63,
        64,
        65,
        66,
        67,
        68,
        69,
        70,
        71,
        72,
        73,
        74,
        75,
        76,
        77,
        78,
        79,
        80,
        81,
        82,
        83,
        84,
        85,
        86,
        87,
        88,
        89,
        90,
        91,
        92,
        93,
        94,
        95,
        96,
        97,
        98,
        99
    ],
    "train_loss": [
        0.02603963203728199,
        0.01206833403557539,
        0.011357367038726807,
        0.011349322274327278,
        0.010821742005646229,
        0.011164790950715542,
        0.011150886304676533,
        0.011173013597726822,
        0.011029046960175037,
        0.011307543143630028,
        0.011506082490086555,
        0.011162646114826202,
        0.01108995359390974,
        0.011050157248973846,
        0.011079623363912106,
        0.01113233994692564,
        0.011028919368982315,
        0.010948145762085915,
        0.010951744392514229,
        0.010971044190227985,
        0.01097021158784628,
        0.010996350087225437,
        0.011035977862775326,
        0.011007471941411495,
        0.01088994462043047,
        0.010979763232171535,
        0.010735953226685524,
        0.01074161846190691,
        0.010591445490717888,
        0.010437152348458767,
        0.010359660722315311,
        0.010339527390897274,
        0.010462437756359577,
        0.010407614521682262,
        0.010401385836303234,
        0.010310158133506775,
        0.010290978476405144,
        0.010329388082027435,
        0.010356628336012363,
        0.010357165709137917,
        0.010354350320994854,
        0.010432735085487366,
        0.01044852938503027,
        0.010447164066135883,
        0.010402788408100605,
        0.010485809296369553,
        0.010562185198068619,
        0.010491122491657734,
        0.010518040508031845,
        0.010539851151406765,
        0.010557131841778755,
        0.010522422380745411,
        0.01041579432785511,
        0.010394765995442867,
        0.0103507861495018,
        0.010328831151127815,
        0.010336673818528652,
        0.01038599107414484,
        0.010496909730136395,
        0.010628360323607922,
        0.01086142472922802,
        0.011168568395078182,
        0.011561139486730099,
        0.011702082119882107,
        0.011647846549749374,
        0.011302033439278603,
        0.011079792864620686,
        0.010998072102665901,
        0.010628744959831238,
        0.010486545972526073,
        0.01042677741497755,
        0.0103949885815382,
        0.01024834904819727,
        0.010122914798557758,
        0.010043642483651638,
        0.010039841756224632,
        0.010131817311048508,
        0.01015501283109188,
        0.010057628154754639,
        0.01006107497960329,
        0.010107099078595638,
        0.010206995531916618,
        0.010273279622197151,
        0.010255740955471992,
        0.010430607944726944,
        0.010385457426309586,
        0.010407701134681702,
        0.010366402566432953,
        0.010401599109172821,
        0.01043096836656332,
        0.01046496070921421,
        0.01036975160241127,
        0.010217909701168537,
        0.010236356407403946,
        0.010252455249428749,
        0.010212619788944721,
        0.01028840895742178,
        0.010340058244764805,
        0.010393725708127022,
        0.010353300720453262
    ]
}