{
    "epoch": [
        0,
        1,
        2,
        3,
        4,
        5,
        6,
        7,
        8,
        9,
        10,
        11,
        12,
        13,
        14,
        15,
        16,
        17,
        18,
        19,
        20,
        21,
        22,
        23,
        24,
        25,
        26,
        27,
        28,
        29,
        30,
        31,
        32,
        33,
        34,
        35,
        36,
        37,
        38,
        39,
        40,
        41,
        42,
        43,
        44,
        45,
        46,
        47,
        48,
        49,
        50,
        51,
        52,
        53,
        54,
        55,
        56,
        57,
        58,
        59,
        60,
        61,
        62,
        63,
        64,
        65,
        66,
        67,
        68,
        69,
        70,
        71,
        72,
        73,
        74,
        75,
        76,
        77,
        78,
        79,
        80,
        81,
        82,
        83,
        84,
        85,
        86,
        87,
        88,
        89,
        90,
        91,
        92,
        93,
        94,
        95,
        96,
        97,
        98,
        99
    ],
    "train_loss": [
        0.024875519797205925,
        0.011405998840928078,
        0.009235871955752373,
        0.009741858579218388,
        0.009963520802557468,
        0.010648470371961594,
        0.01129957940429449,
        0.010683460161089897,
        0.010928047820925713,
        0.01075404416769743,
        0.01061026006937027,
        0.010136135853827,
        0.010486488230526447,
        0.010452027432620525,
        0.010302002541720867,
        0.010253258049488068,
        0.010243427939713001,
        0.010263615287840366,
        0.010199690237641335,
        0.010154874064028263,
        0.010200085118412971,
        0.010173330083489418,
        0.009954985231161118,
        0.010088247247040272,
        0.009883641265332699,
        0.009824437089264393,
        0.009921128861606121,
        0.009900825098156929,
        0.009757615625858307,
        0.009722412563860416,
        0.009854193776845932,
        0.009717535227537155,
        0.009820996783673763,
        0.009802933782339096,
        0.009950101375579834,
        0.009800856932997704,
        0.009753476828336716,
        0.00979660451412201,
        0.009679035283625126,
        0.009591489098966122,
        0.009596588090062141,
        0.009593352675437927,
        0.009603681974112988,
        0.00961892120540142,
        0.009617317467927933,
        0.009601215831935406,
        0.009563630446791649,
        0.0095124626532197,
        0.009513686411082745,
        0.009531200863420963,
        0.009585452266037464,
        0.009606926701962948,
        0.009503806009888649,
        0.009449255652725697,
        0.009462231770157814,
        0.009510179050266743,
        0.00955187901854515,
        0.009575686417520046,
        0.009578848257660866,
        0.00958392582833767,
        0.00964496098458767,
        0.009690395556390285,
        0.009700870141386986,
        0.009675511159002781,
        0.009661191143095493,
        0.009600057266652584,
        0.009515524841845036,
        0.00952561479061842,
        0.009523200802505016,
        0.009525220841169357,
        0.009531992487609386,
        0.00957912765443325,
        0.00967289600521326,
        0.009679452516138554,
        0.009655087254941463,
        0.00963621400296688,
        0.009634017013013363,
        0.009674038738012314,
        0.00971202366054058,
        0.009763599373400211,
        0.009826531633734703,
        0.009919054806232452,
        0.010085869580507278,
        0.010285192169249058,
        0.010495917871594429,
        0.01064420398324728,
        0.01062255259603262,
        0.010650061070919037,
        0.010687370784580708,
        0.010763760656118393,
        0.010843159630894661,
        0.010963577777147293,
        0.011052306741476059,
        0.01114580873399973,
        0.01108778640627861,
        0.01108265295624733,
        0.011083470657467842,
        0.011095227673649788,
        0.01111694984138012,
        0.011121474206447601
    ]
}