{
    "epoch": [
        0,
        1,
        2,
        3,
        4,
        5,
        6,
        7,
        8,
        9,
        10,
        11,
        12,
        13,
        14,
        15,
        16,
        17,
        18,
        19,
        20,
        21,
        22,
        23,
        24,
        25,
        26,
        27,
        28,
        29
    ],
    "train_loss": [
        0.027300462126731873,
        0.021391501650214195,
        0.01858716458082199,
        0.011772086843848228,
        0.012112647294998169,
        0.010824959725141525,
        0.011862163431942463,
        0.010271858423948288,
        0.010597691871225834,
        0.010116513818502426,
        0.011416212655603886,
        0.011077278293669224,
        0.00884388480335474,
        0.008614858612418175,
        0.008639690466225147,
        0.00785909965634346,
        0.007514203432947397,
        0.007464784663170576,
        0.007520145270973444,
        0.007534784264862537,
        0.007463692221790552,
        0.00719794724136591,
        0.007253474090248346,
        0.006834103260189295,
        0.007018920965492725,
        0.006741235498338938,
        0.006648407783359289,
        0.00679297000169754,
        0.007236179895699024,
        0.007841435261070728
    ]
}