{
    "epoch": [
        0,
        1,
        2,
        3,
        4,
        5,
        6,
        7,
        8,
        9,
        10,
        11,
        12,
        13,
        14,
        15,
        16,
        17,
        18,
        19,
        20,
        21,
        22,
        23,
        24,
        25,
        26,
        27,
        28,
        29,
        30,
        31,
        32,
        33,
        34,
        35,
        36,
        37,
        38,
        39,
        40,
        41,
        42,
        43,
        44,
        45,
        46,
        47,
        48,
        49,
        50,
        51,
        52,
        53,
        54,
        55,
        56,
        57,
        58,
        59,
        60,
        61,
        62,
        63,
        64,
        65,
        66,
        67,
        68,
        69,
        70,
        71,
        72,
        73,
        74,
        75,
        76,
        77,
        78,
        79,
        80,
        81,
        82,
        83,
        84,
        85,
        86,
        87,
        88,
        89,
        90,
        91,
        92,
        93,
        94,
        95,
        96,
        97,
        98,
        99
    ],
    "train_loss": [
        0.02161562070250511,
        0.012070665135979652,
        0.00936160422861576,
        0.009706725366413593,
        0.008746366947889328,
        0.011432589031755924,
        0.012393712997436523,
        0.010370290838181973,
        0.009122074581682682,
        0.007950698025524616,
        0.009860074147582054,
        0.008056862279772758,
        0.008957822807133198,
        0.009389190003275871,
        0.009285302832722664,
        0.008866081945598125,
        0.008503813296556473,
        0.008322563953697681,
        0.008107220754027367,
        0.0078249117359519,
        0.007660155650228262,
        0.007666519843041897,
        0.007751891855150461,
        0.007679808419197798,
        0.007751103490591049,
        0.00776560278609395,
        0.007781896274536848,
        0.007790643721818924,
        0.007792499847710133,
        0.007786786649376154,
        0.007796840742230415,
        0.007789609022438526,
        0.007789494004100561,
        0.007792665623128414,
        0.007795012090355158,
        0.0077902693301439285,
        0.007790286093950272,
        0.007792913820594549,
        0.007786229252815247,
        0.007791100535541773,
        0.0077919443137943745,
        0.007804009132087231,
        0.0078031704761087894,
        0.007809646427631378,
        0.007815046235918999,
        0.007839776575565338,
        0.007855447009205818,
        0.007911552675068378,
        0.007942874915897846,
        0.008014405146241188,
        0.00811990350484848,
        0.008308246731758118,
        0.008424732834100723,
        0.00845551211386919,
        0.008500144816935062,
        0.008499675430357456,
        0.008488675579428673,
        0.008461437188088894,
        0.00842830166220665,
        0.008406262844800949,
        0.008324922062456608,
        0.008264824748039246,
        0.008227243088185787,
        0.008210950531065464,
        0.008189482614398003,
        0.008169019594788551,
        0.008137271739542484,
        0.00810193084180355,
        0.008084733970463276,
        0.008040353655815125,
        0.008038148283958435,
        0.00802256166934967,
        0.008017663843929768,
        0.00802196841686964,
        0.008004161529242992,
        0.008008656091988087,
        0.007990782149136066,
        0.007980200462043285,
        0.007982616312801838,
        0.007962405681610107,
        0.007964061573147774,
        0.007969909347593784,
        0.007936902344226837,
        0.007905027829110622,
        0.007898406125605106,
        0.00791021715849638,
        0.007900126278400421,
        0.00787840411067009,
        0.007850791327655315,
        0.007853236980736256,
        0.007808366324752569,
        0.007798645179718733,
        0.007789161521941423,
        0.007781298365443945,
        0.007770366035401821,
        0.007741296663880348,
        0.007741845212876797,
        0.007739517837762833,
        0.007729534059762955,
        0.007714793086051941
    ]
}