{
    "epoch": [
        0,
        1,
        2,
        3,
        4,
        5,
        6,
        7,
        8,
        9,
        10,
        11,
        12,
        13,
        14,
        15,
        16,
        17,
        18,
        19,
        20,
        21,
        22,
        23,
        24,
        25,
        26,
        27,
        28,
        29,
        30,
        31,
        32,
        33,
        34,
        35,
        36,
        37,
        38,
        39,
        40,
        41,
        42,
        43,
        44,
        45,
        46,
        47,
        48,
        49,
        50,
        51,
        52,
        53,
        54,
        55,
        56,
        57,
        58,
        59,
        60,
        61,
        62,
        63,
        64,
        65,
        66,
        67,
        68,
        69,
        70,
        71,
        72,
        73,
        74,
        75,
        76,
        77,
        78,
        79,
        80,
        81,
        82,
        83,
        84,
        85,
        86,
        87,
        88,
        89,
        90,
        91,
        92,
        93,
        94,
        95,
        96,
        97,
        98,
        99
    ],
    "train_loss": [
        0.029460785910487175,
        0.02062881924211979,
        0.012570977210998535,
        0.014383581466972828,
        0.01647663302719593,
        0.01736956462264061,
        0.01606719195842743,
        0.015662720426917076,
        0.015528937801718712,
        0.015479757450520992,
        0.015449224039912224,
        0.015159566886723042,
        0.014796173200011253,
        0.014481140300631523,
        0.014387065544724464,
        0.01391426008194685,
        0.013604934327304363,
        0.013290619477629662,
        0.01308497879654169,
        0.012998043559491634,
        0.01311170682311058,
        0.012919852510094643,
        0.012827218510210514,
        0.012798432260751724,
        0.01270556915551424,
        0.012704501859843731,
        0.012695351615548134,
        0.012707021087408066,
        0.012726539745926857,
        0.012670021504163742,
        0.01261377427726984,
        0.012598058208823204,
        0.012563358061015606,
        0.012539565563201904,
        0.012516236864030361,
        0.012508967891335487,
        0.01251169666647911,
        0.012499104253947735,
        0.012500203214585781,
        0.012504039332270622,
        0.01251651719212532,
        0.012551936320960522,
        0.012497485615313053,
        0.01233467273414135,
        0.012277791276574135,
        0.012304886244237423,
        0.012262010015547276,
        0.012244525365531445,
        0.012241579592227936,
        0.012246252037584782,
        0.012252864427864552,
        0.012231226079165936,
        0.0122193843126297,
        0.012220067903399467,
        0.012228290550410748,
        0.012233429588377476,
        0.012222339399158955,
        0.012224454432725906,
        0.012225857935845852,
        0.012216027826070786,
        0.012155493721365929,
        0.01207806821912527,
        0.012014957144856453,
        0.012007702142000198,
        0.011948229745030403,
        0.011908113025128841,
        0.011941210366785526,
        0.011938926763832569,
        0.011925349943339825,
        0.01191464252769947,
        0.011698327027261257,
        0.01157861016690731,
        0.011113455519080162,
        0.01109989546239376,
        0.010686502791941166,
        0.01044352725148201,
        0.010403701104223728,
        0.010200634598731995,
        0.010128358379006386,
        0.01005683746188879,
        0.010043727234005928,
        0.010034856386482716,
        0.009989759884774685,
        0.009947027079761028,
        0.009947027079761028,
        0.009947026148438454,
        0.009947026148438454,
        0.009947027079761028,
        0.00986623577773571,
        0.009804334491491318,
        0.009799064137041569,
        0.009829782880842686,
        0.009817040525376797,
        0.009773804806172848,
        0.009800144471228123,
        0.00983500573784113,
        0.009835571981966496,
        0.009748011827468872,
        0.009597606025636196,
        0.009525937959551811
    ]
}