{
    "epoch": [
        0,
        1,
        2,
        3,
        4,
        5,
        6,
        7,
        8,
        9,
        10,
        11,
        12,
        13,
        14,
        15,
        16,
        17,
        18,
        19,
        20,
        21,
        22,
        23,
        24,
        25,
        26,
        27,
        28,
        29,
        30,
        31,
        32,
        33,
        34,
        35,
        36,
        37,
        38,
        39,
        40,
        41,
        42,
        43,
        44,
        45,
        46,
        47,
        48,
        49,
        50,
        51,
        52,
        53,
        54,
        55,
        56,
        57,
        58,
        59,
        60,
        61,
        62,
        63,
        64,
        65,
        66,
        67,
        68,
        69,
        70,
        71,
        72,
        73,
        74,
        75,
        76,
        77,
        78,
        79,
        80,
        81,
        82,
        83,
        84,
        85,
        86,
        87,
        88,
        89,
        90,
        91,
        92,
        93,
        94,
        95,
        96,
        97,
        98,
        99
    ],
    "train_loss": [
        0.021068796515464783,
        0.013762585818767548,
        0.00787380337715149,
        0.007218576036393642,
        0.007636531256139278,
        0.007902059704065323,
        0.00806666910648346,
        0.00777348130941391,
        0.00720205856487155,
        0.007776130456477404,
        0.00805799849331379,
        0.0075589618645608425,
        0.007821825332939625,
        0.0077291615307331085,
        0.008126760832965374,
        0.00890358816832304,
        0.009217096492648125,
        0.01003866083920002,
        0.01009918563067913,
        0.009991610422730446,
        0.009681232273578644,
        0.00965533684939146,
        0.009530092589557171,
        0.00889554526656866,
        0.007899199612438679,
        0.007740115746855736,
        0.007676073350012302,
        0.008327960968017578,
        0.00782985333353281,
        0.007384593598544598,
        0.006720808334648609,
        0.006432713009417057,
        0.00657882122322917,
        0.006555384024977684,
        0.006524161901324987,
        0.006571820471435785,
        0.006767584942281246,
        0.007156393025070429,
        0.006965297274291515,
        0.006946761626750231,
        0.007000776939094067,
        0.006920114159584045,
        0.0068340180441737175,
        0.006826350465416908,
        0.006774033419787884,
        0.006616583094000816,
        0.006541042122989893,
        0.006707907188683748,
        0.0067616733722388744,
        0.0067121898755431175,
        0.006675820332020521,
        0.006692336872220039,
        0.006731259636580944,
        0.006778102368116379,
        0.006805581506341696,
        0.006760468706488609,
        0.006725532002747059,
        0.0066923280246555805,
        0.00667453883215785,
        0.006693087052553892,
        0.006697585340589285,
        0.006711712572723627,
        0.00674135098233819,
        0.006751414388418198,
        0.006750552915036678,
        0.006715311203151941,
        0.0067000845447182655,
        0.006738601718097925,
        0.00682018743827939,
        0.006869197823107243,
        0.006905347108840942,
        0.006895096972584724,
        0.006885725539177656,
        0.006906283553689718,
        0.006912171375006437,
        0.006885376293212175,
        0.006882214453071356,
        0.006958089768886566,
        0.007017773576080799,
        0.0071216970682144165,
        0.0071306354366242886,
        0.007048820611089468,
        0.007005791645497084,
        0.006975085008889437,
        0.006950258743017912,
        0.006919750012457371,
        0.006897772196680307,
        0.006894485559314489,
        0.00688814464956522,
        0.0068774474784731865,
        0.006866113748401403,
        0.006848177872598171,
        0.006830783560872078,
        0.006835011765360832,
        0.006845025345683098,
        0.006848102435469627,
        0.0068467832170426846,
        0.006846950855106115,
        0.006862782407552004,
        0.006869995500892401
    ]
}