{
    "epoch": [
        0,
        1,
        2,
        3,
        4,
        5,
        6,
        7,
        8,
        9,
        10,
        11,
        12,
        13,
        14,
        15,
        16,
        17,
        18,
        19,
        20,
        21,
        22,
        23,
        24,
        25,
        26,
        27,
        28,
        29,
        30,
        31,
        32,
        33,
        34,
        35,
        36,
        37,
        38,
        39,
        40,
        41,
        42,
        43,
        44,
        45,
        46,
        47,
        48,
        49,
        50,
        51,
        52,
        53,
        54,
        55,
        56,
        57,
        58,
        59,
        60,
        61,
        62,
        63,
        64,
        65,
        66,
        67,
        68,
        69,
        70,
        71,
        72,
        73,
        74,
        75,
        76,
        77,
        78,
        79,
        80,
        81,
        82,
        83,
        84,
        85,
        86,
        87,
        88,
        89,
        90,
        91,
        92,
        93,
        94,
        95,
        96,
        97,
        98,
        99
    ],
    "train_loss": [
        0.2200259119272232,
        0.09971640259027481,
        0.07363785803318024,
        0.06229230388998985,
        0.05454513803124428,
        0.10244102030992508,
        0.0755973607301712,
        0.04717109352350235,
        0.03132081776857376,
        0.024357009679079056,
        0.03360036760568619,
        0.027421291917562485,
        0.02325700968503952,
        0.021816294640302658,
        0.020783837884664536,
        0.021679844707250595,
        0.018696291372179985,
        0.018486779183149338,
        0.01971554569900036,
        0.019511418417096138,
        0.021218406036496162,
        0.019900906831026077,
        0.01696663722395897,
        0.015044806525111198,
        0.015890737995505333,
        0.019832195714116096,
        0.01619194634258747,
        0.016935205087065697,
        0.016452446579933167,
        0.014672554098069668,
        0.023994214832782745,
        0.01720517873764038,
        0.015492906793951988,
        0.015011917799711227,
        0.01563945598900318,
        0.018780715763568878,
        0.016271909698843956,
        0.01598658412694931,
        0.01559448055922985,
        0.014494188129901886,
        0.02172132395207882,
        0.01846674643456936,
        0.01739272102713585,
        0.017787441611289978,
        0.017498960718512535,
        0.022394627332687378,
        0.019512079656124115,
        0.018250295892357826,
        0.017377138137817383,
        0.016974126920104027,
        0.016376150771975517,
        0.01630268804728985,
        0.016481127589941025,
        0.01685681752860546,
        0.01678418554365635,
        0.015922483056783676,
        0.015521381981670856,
        0.015632787719368935,
        0.015393329784274101,
        0.015454057604074478,
        0.015072294510900974,
        0.015658259391784668,
        0.015821626409888268,
        0.01632832922041416,
        0.01616366021335125,
        0.016569463536143303,
        0.016783369705080986,
        0.01693996973335743,
        0.01681346260011196,
        0.016473589465022087,
        0.01627608761191368,
        0.016422098502516747,
        0.01673337258398533,
        0.01700648106634617,
        0.017513446509838104,
        0.01781878061592579,
        0.01770024001598358,
        0.01683155447244644,
        0.015986746177077293,
        0.015211953781545162,
        0.0149290906265378,
        0.014029263518750668,
        0.014297505840659142,
        0.01465608086436987,
        0.015398566611111164,
        0.015967192128300667,
        0.01575610041618347,
        0.015452555380761623,
        0.015351812355220318,
        0.01578282192349434,
        0.016060179099440575,
        0.015568316914141178,
        0.016154374927282333,
        0.016209132969379425,
        0.016170179471373558,
        0.016069304198026657,
        0.015772905200719833,
        0.015922579914331436,
        0.016392769291996956,
        0.017009500414133072
    ]
}