{
    "epoch": [
        0,
        1,
        2,
        3,
        4,
        5,
        6,
        7,
        8,
        9,
        10,
        11,
        12,
        13,
        14,
        15,
        16,
        17,
        18,
        19,
        20,
        21,
        22,
        23,
        24,
        25,
        26,
        27,
        28,
        29,
        30,
        31,
        32,
        33,
        34,
        35,
        36,
        37,
        38,
        39,
        40,
        41,
        42,
        43,
        44,
        45,
        46,
        47,
        48,
        49,
        50,
        51,
        52,
        53,
        54,
        55,
        56,
        57,
        58,
        59,
        60,
        61,
        62,
        63,
        64,
        65,
        66,
        67,
        68,
        69,
        70,
        71,
        72,
        73,
        74,
        75,
        76,
        77,
        78,
        79,
        80,
        81,
        82,
        83,
        84,
        85,
        86,
        87,
        88,
        89,
        90,
        91,
        92,
        93,
        94,
        95,
        96,
        97,
        98,
        99
    ],
    "train_loss": [
        0.022699903696775436,
        0.016006125137209892,
        0.012393312528729439,
        0.015638593584299088,
        0.013369726948440075,
        0.013427319005131721,
        0.013699975796043873,
        0.013934116810560226,
        0.014027751050889492,
        0.013960473239421844,
        0.013929210603237152,
        0.013889258727431297,
        0.013716585002839565,
        0.01328765694051981,
        0.012736348435282707,
        0.012218949384987354,
        0.011387228034436703,
        0.010880804620683193,
        0.010471481829881668,
        0.01031199935823679,
        0.010259753093123436,
        0.010144855827093124,
        0.009997121058404446,
        0.009870056062936783,
        0.009717636741697788,
        0.00969728920608759,
        0.009675435721874237,
        0.009638193063437939,
        0.009563317522406578,
        0.009477426297962666,
        0.009384212084114552,
        0.009248440153896809,
        0.009198647923767567,
        0.009143615141510963,
        0.009097796864807606,
        0.009074448607861996,
        0.009041033685207367,
        0.008974657393991947,
        0.008861367590725422,
        0.008715072646737099,
        0.008595294319093227,
        0.008571336977183819,
        0.008511771447956562,
        0.008426719345152378,
        0.008277833461761475,
        0.008189068175852299,
        0.00811050646007061,
        0.008033037185668945,
        0.007955247536301613,
        0.007923209108412266,
        0.007866491563618183,
        0.007796886842697859,
        0.007748102769255638,
        0.007720064837485552,
        0.007706621661782265,
        0.007695311680436134,
        0.007677042856812477,
        0.007656795904040337,
        0.007618553936481476,
        0.00759359123185277,
        0.007570836693048477,
        0.007536442019045353,
        0.007512754760682583,
        0.007491820491850376,
        0.007475677877664566,
        0.007465490605682135,
        0.007452106568962336,
        0.007438465487211943,
        0.007427897769957781,
        0.007419693283736706,
        0.007414727937430143,
        0.007409696001559496,
        0.007398876827210188,
        0.007363876327872276,
        0.007261344697326422,
        0.0071030231192708015,
        0.006941216066479683,
        0.006825518328696489,
        0.006734090857207775,
        0.006534998770803213,
        0.006428005639463663,
        0.006164477206766605,
        0.006027246359735727,
        0.005887031089514494,
        0.005780779756605625,
        0.005655980668962002,
        0.00548675237223506,
        0.005282914265990257,
        0.004929160233587027,
        0.004469682462513447,
        0.004270853474736214,
        0.004090441390872002,
        0.0038944182451814413,
        0.0037284493446350098,
        0.003701508045196533,
        0.0036159700248390436,
        0.0034724543802440166,
        0.0032356607262045145,
        0.0030526660848408937,
        0.002887466223910451
    ]
}