{
    "epoch": [
        0,
        1,
        2,
        3,
        4,
        5,
        6,
        7,
        8,
        9,
        10,
        11,
        12,
        13,
        14,
        15,
        16,
        17,
        18,
        19,
        20,
        21,
        22,
        23,
        24,
        25,
        26,
        27,
        28,
        29,
        30,
        31,
        32,
        33,
        34,
        35,
        36,
        37,
        38,
        39,
        40,
        41,
        42,
        43,
        44,
        45,
        46,
        47,
        48,
        49,
        50,
        51,
        52,
        53,
        54,
        55,
        56,
        57,
        58,
        59,
        60,
        61,
        62,
        63,
        64,
        65,
        66,
        67,
        68,
        69,
        70,
        71,
        72,
        73,
        74,
        75,
        76,
        77,
        78,
        79,
        80,
        81,
        82,
        83,
        84,
        85,
        86,
        87,
        88,
        89,
        90,
        91,
        92,
        93,
        94,
        95,
        96,
        97,
        98,
        99
    ],
    "train_loss": [
        0.06330962479114532,
        0.027998177334666252,
        0.018871881067752838,
        0.01375469472259283,
        0.015502631664276123,
        0.02098718099296093,
        0.015034903772175312,
        0.014095922000706196,
        0.012282835319638252,
        0.012369775213301182,
        0.011243795044720173,
        0.011037399061024189,
        0.011341219767928123,
        0.01114457007497549,
        0.011095041409134865,
        0.01112123392522335,
        0.01128422375768423,
        0.011274769902229309,
        0.011196212843060493,
        0.011111091822385788,
        0.01093162503093481,
        0.01078611146658659,
        0.010786786675453186,
        0.01077946089208126,
        0.010749062523245811,
        0.010737678967416286,
        0.010735074989497662,
        0.010734041221439838,
        0.010734041221439838,
        0.010734041221439838,
        0.010733094066381454,
        0.010731041431427002,
        0.010729150846600533,
        0.010728499852120876,
        0.010727130807936192,
        0.01072708610445261,
        0.01072708610445261,
        0.01072708610445261,
        0.01072708610445261,
        0.01072708610445261,
        0.010722380131483078,
        0.010720345191657543,
        0.010719900019466877,
        0.010719127021729946,
        0.010717499069869518,
        0.010715731419622898,
        0.010713798925280571,
        0.010713307186961174,
        0.010711484588682652,
        0.010710694827139378,
        0.010709676891565323,
        0.010709558613598347,
        0.010707991197705269,
        0.010707248002290726,
        0.01071214396506548,
        0.010730012319982052,
        0.010741187259554863,
        0.010749785229563713,
        0.010763557627797127,
        0.010741868987679482,
        0.010741421952843666,
        0.010743496008217335,
        0.010744810104370117,
        0.010745064355432987,
        0.010745120234787464,
        0.010744607076048851,
        0.010744608007371426,
        0.010744607076048851,
        0.010744607076048851,
        0.010744608007371426,
        0.010744607076048851,
        0.010744607076048851,
        0.010744607076048851,
        0.010744607076048851,
        0.010744607076048851,
        0.010744607076048851,
        0.010744607076048851,
        0.010744607076048851,
        0.010744607076048851,
        0.010744607076048851,
        0.010744607076048851,
        0.010744607076048851,
        0.010744607076048851,
        0.010744607076048851,
        0.010744607076048851,
        0.010744607076048851,
        0.010744607076048851,
        0.010744607076048851,
        0.010744607076048851,
        0.010744608007371426,
        0.010744607076048851,
        0.010744607076048851,
        0.010744607076048851,
        0.010744607076048851,
        0.010744607076048851,
        0.010744607076048851,
        0.010744607076048851,
        0.010744607076048851,
        0.010744607076048851,
        0.010744607076048851
    ]
}