{
    "epoch": [
        0,
        1,
        2,
        3,
        4,
        5,
        6,
        7,
        8,
        9,
        10,
        11,
        12,
        13,
        14,
        15,
        16,
        17,
        18,
        19,
        20,
        21,
        22,
        23,
        24,
        25,
        26,
        27,
        28,
        29,
        30,
        31,
        32,
        33,
        34,
        35,
        36,
        37,
        38,
        39,
        40,
        41,
        42,
        43,
        44,
        45,
        46,
        47,
        48,
        49,
        50,
        51,
        52,
        53,
        54,
        55,
        56,
        57,
        58,
        59,
        60,
        61,
        62,
        63,
        64,
        65,
        66,
        67,
        68,
        69,
        70,
        71,
        72,
        73,
        74,
        75,
        76,
        77,
        78,
        79,
        80,
        81,
        82,
        83,
        84,
        85,
        86,
        87,
        88,
        89,
        90,
        91,
        92,
        93,
        94,
        95,
        96,
        97,
        98,
        99
    ],
    "train_loss": [
        0.7770181894302368,
        0.5756568908691406,
        0.422733873128891,
        0.2975800931453705,
        0.24082817137241364,
        0.2678486704826355,
        0.22188183665275574,
        0.1907046139240265,
        0.16915158927440643,
        0.14556807279586792,
        0.13969801366329193,
        0.11698764562606812,
        0.10822570323944092,
        0.0996948778629303,
        0.09258193522691727,
        0.09445037692785263,
        0.08871717751026154,
        0.0846705213189125,
        0.08079994469881058,
        0.0746951773762703,
        0.0737089067697525,
        0.06945022195577621,
        0.0661376416683197,
        0.06261615455150604,
        0.06025600805878639,
        0.06311997771263123,
        0.05816486105322838,
        0.05563819780945778,
        0.05380523204803467,
        0.05209163948893547,
        0.05230540409684181,
        0.050436943769454956,
        0.049310069531202316,
        0.04830308258533478,
        0.04743632674217224,
        0.04882181063294411,
        0.04764794185757637,
        0.046860471367836,
        0.04635582119226456,
        0.046112291514873505,
        0.04665759205818176,
        0.04557400941848755,
        0.04511016607284546,
        0.04460492357611656,
        0.04414370283484459,
        0.04530685395002365,
        0.043928906321525574,
        0.04359849542379379,
        0.0434265062212944,
        0.04330725595355034,
        0.04315433278679848,
        0.04301656037569046,
        0.04253034666180611,
        0.04230358824133873,
        0.04217224195599556,
        0.041958410292863846,
        0.04188003018498421,
        0.04159010574221611,
        0.041224535554647446,
        0.04099221155047417,
        0.04072485864162445,
        0.040420085191726685,
        0.040103182196617126,
        0.03992991894483566,
        0.039745405316352844,
        0.03960811719298363,
        0.03933189809322357,
        0.03897082433104515,
        0.03858654573559761,
        0.03825928270816803,
        0.038182638585567474,
        0.03793560713529587,
        0.037633784115314484,
        0.037401095032691956,
        0.03702939674258232,
        0.03680465742945671,
        0.03632737323641777,
        0.03602835536003113,
        0.03567037358880043,
        0.03526657447218895,
        0.034951962530612946,
        0.03478386253118515,
        0.034815918654203415,
        0.0341525673866272,
        0.033832333981990814,
        0.033464591950178146,
        0.03341380134224892,
        0.03310941904783249,
        0.032732535153627396,
        0.03235970064997673,
        0.03205325827002525,
        0.031810082495212555,
        0.03144392371177673,
        0.031234027817845345,
        0.03084792196750641,
        0.030261991545557976,
        0.03003891184926033,
        0.029873080551624298,
        0.029442086815834045,
        0.029083309695124626
    ]
}