{
    "epoch": [
        0,
        1,
        2,
        3,
        4,
        5,
        6,
        7,
        8,
        9,
        10,
        11,
        12,
        13,
        14,
        15,
        16,
        17,
        18,
        19,
        20,
        21,
        22,
        23,
        24,
        25,
        26,
        27,
        28,
        29,
        30,
        31,
        32,
        33,
        34,
        35,
        36,
        37,
        38,
        39,
        40,
        41,
        42,
        43,
        44,
        45,
        46,
        47,
        48,
        49,
        50,
        51,
        52,
        53,
        54,
        55,
        56,
        57,
        58,
        59,
        60,
        61,
        62,
        63,
        64,
        65,
        66,
        67,
        68,
        69,
        70,
        71,
        72,
        73,
        74,
        75,
        76,
        77,
        78,
        79,
        80,
        81,
        82,
        83,
        84,
        85,
        86,
        87,
        88,
        89,
        90,
        91,
        92,
        93,
        94,
        95,
        96,
        97,
        98,
        99
    ],
    "train_loss": [
        0.05638683959841728,
        0.022887255996465683,
        0.022795509546995163,
        0.012994715943932533,
        0.01635843887925148,
        0.012607981450855732,
        0.010965939611196518,
        0.01165191549807787,
        0.010951783508062363,
        0.011902553960680962,
        0.011637379415333271,
        0.014637419953942299,
        0.012005535885691643,
        0.012616893276572227,
        0.011942820623517036,
        0.013916895724833012,
        0.011772353202104568,
        0.014269689098000526,
        0.013479079119861126,
        0.012745357118546963,
        0.011540848761796951,
        0.011502843350172043,
        0.012324747629463673,
        0.013904890045523643,
        0.012727051973342896,
        0.010015186853706837,
        0.010983712039887905,
        0.009835881181061268,
        0.009140748530626297,
        0.008099008351564407,
        0.009487985633313656,
        0.009223459288477898,
        0.008823133073747158,
        0.009965869598090649,
        0.010968058370053768,
        0.009369133971631527,
        0.008077501319348812,
        0.0073119825683534145,
        0.008557415567338467,
        0.009125196374952793,
        0.009126607328653336,
        0.008586648851633072,
        0.00954663846641779,
        0.00929754413664341,
        0.00930891651660204,
        0.009001802653074265,
        0.008030261844396591,
        0.00945581216365099,
        0.00859179999679327,
        0.008386176079511642,
        0.008506420068442822,
        0.008227973245084286,
        0.0085378997027874,
        0.008419432677328587,
        0.010064734145998955,
        0.009848326444625854,
        0.009500750340521336,
        0.009668980725109577,
        0.010200737975537777,
        0.012475814670324326,
        0.012440599501132965,
        0.014677230268716812,
        0.013163957744836807,
        0.012181807309389114,
        0.011565817520022392,
        0.012959375977516174,
        0.012287510558962822,
        0.012689750641584396,
        0.011712078005075455,
        0.011154258623719215,
        0.011704071424901485,
        0.011468530632555485,
        0.010699879378080368,
        0.010216541588306427,
        0.010974258184432983,
        0.010999889113008976,
        0.010107515379786491,
        0.010352174751460552,
        0.010533369146287441,
        0.009929414838552475,
        0.0095765870064497,
        0.01050559151917696,
        0.009229405783116817,
        0.009162461385130882,
        0.008751253597438335,
        0.008339894004166126,
        0.008379417471587658,
        0.008744479157030582,
        0.008667067624628544,
        0.007971130311489105,
        0.008252245374023914,
        0.008519243448972702,
        0.00808041077107191,
        0.008039700798690319,
        0.007812194991856813,
        0.007685020100325346,
        0.00822178553789854,
        0.007593199145048857,
        0.007339692674577236,
        0.007041628006845713
    ]
}