{
    "epoch": [
        0,
        1,
        2,
        3,
        4,
        5,
        6,
        7,
        8,
        9,
        10,
        11,
        12,
        13,
        14,
        15,
        16,
        17,
        18,
        19,
        20,
        21,
        22,
        23,
        24,
        25,
        26,
        27,
        28,
        29,
        30,
        31,
        32,
        33,
        34,
        35,
        36,
        37,
        38,
        39,
        40,
        41,
        42,
        43,
        44,
        45,
        46,
        47,
        48,
        49,
        50,
        51,
        52,
        53,
        54,
        55,
        56,
        57,
        58,
        59,
        60,
        61,
        62,
        63,
        64,
        65,
        66,
        67,
        68,
        69,
        70,
        71,
        72,
        73,
        74,
        75,
        76,
        77,
        78,
        79,
        80,
        81,
        82,
        83,
        84,
        85,
        86,
        87,
        88,
        89,
        90,
        91,
        92,
        93,
        94,
        95,
        96,
        97,
        98,
        99
    ],
    "train_loss": [
        0.014691260643303394,
        0.022502928972244263,
        0.007926322519779205,
        0.0061480156145989895,
        0.006122427061200142,
        0.005931864492595196,
        0.007062163669615984,
        0.006455352064222097,
        0.006785443518310785,
        0.007068187929689884,
        0.007262109778821468,
        0.008198526687920094,
        0.008024950511753559,
        0.0074767558835446835,
        0.006868257652968168,
        0.006334839854389429,
        0.005830140318721533,
        0.006010094191879034,
        0.005967757664620876,
        0.006119945086538792,
        0.006309254560619593,
        0.0061311679892241955,
        0.006051379255950451,
        0.0063459258526563644,
        0.008328001946210861,
        0.008101235143840313,
        0.007422394584864378,
        0.0073267612606287,
        0.007279310375452042,
        0.007187180686742067,
        0.006104705389589071,
        0.005877615883946419,
        0.005654364824295044,
        0.00530325248837471,
        0.005061824340373278,
        0.004938959144055843,
        0.004843720234930515,
        0.004837376996874809,
        0.004719438496977091,
        0.004661974497139454,
        0.00470961956307292,
        0.00465367129072547,
        0.004645358771085739,
        0.004553815349936485,
        0.004452279768884182,
        0.004547582007944584,
        0.0045510511845350266,
        0.004525861237198114,
        0.004958567675203085,
        0.005755482707172632,
        0.0052854148671031,
        0.00488543463870883,
        0.004800469148904085,
        0.004691501148045063,
        0.004712099675089121,
        0.004680910147726536,
        0.004721689037978649,
        0.0047556450590491295,
        0.0048924656584858894,
        0.004871582146733999,
        0.004518833011388779,
        0.004534097388386726,
        0.004489535000175238,
        0.004510518629103899,
        0.004546474665403366,
        0.004564528353512287,
        0.00457552308216691,
        0.0045713153667747974,
        0.004542079288512468,
        0.004536558408290148,
        0.004520958289504051,
        0.0045104483142495155,
        0.0045072948560118675,
        0.0045013753697276115,
        0.004495060071349144,
        0.004483052063733339,
        0.004487896338105202,
        0.004483252298086882,
        0.0044694626703858376,
        0.0044786930084228516,
        0.00447836285457015,
        0.004486399237066507,
        0.0044762506149709225,
        0.004481874871999025,
        0.004473909270018339,
        0.004489403683692217,
        0.004479564260691404,
        0.004454357083886862,
        0.0044413115829229355,
        0.004416001960635185,
        0.0043846131302416325,
        0.004363155458122492,
        0.004360582679510117,
        0.004332172218710184,
        0.004328490700572729,
        0.004340991843491793,
        0.004342441912740469,
        0.0043265363201498985,
        0.0043275682255625725,
        0.004326711408793926
    ]
}