{
    "epoch": [
        0,
        1,
        2,
        3,
        4,
        5,
        6,
        7,
        8,
        9,
        10,
        11,
        12,
        13,
        14,
        15,
        16,
        17,
        18,
        19,
        20,
        21,
        22,
        23,
        24,
        25,
        26,
        27,
        28,
        29,
        30,
        31,
        32,
        33,
        34,
        35,
        36,
        37,
        38,
        39,
        40,
        41,
        42,
        43,
        44,
        45,
        46,
        47,
        48,
        49,
        50,
        51,
        52,
        53,
        54,
        55,
        56,
        57,
        58,
        59,
        60,
        61,
        62,
        63,
        64,
        65,
        66,
        67,
        68,
        69,
        70,
        71,
        72,
        73,
        74,
        75,
        76,
        77,
        78,
        79,
        80,
        81,
        82,
        83,
        84,
        85,
        86,
        87,
        88,
        89,
        90,
        91,
        92,
        93,
        94,
        95,
        96,
        97,
        98,
        99
    ],
    "train_loss": [
        0.15443992614746094,
        0.06525270640850067,
        0.03514972701668739,
        0.028964320197701454,
        0.019709903746843338,
        0.023083971813321114,
        0.02530578337609768,
        0.015140972100198269,
        0.013269414193928242,
        0.013140138238668442,
        0.01106052566319704,
        0.010377245955169201,
        0.00969810038805008,
        0.010002890601754189,
        0.010121792554855347,
        0.009561250917613506,
        0.009499781765043736,
        0.009600364603102207,
        0.01101543940603733,
        0.011487898416817188,
        0.011801326647400856,
        0.011681216768920422,
        0.010828250087797642,
        0.010281013324856758,
        0.009747122414410114,
        0.009520189836621284,
        0.008937825448811054,
        0.008684459142386913,
        0.00855131633579731,
        0.008281339891254902,
        0.008021727204322815,
        0.0076056174002587795,
        0.007715452462434769,
        0.007742308545857668,
        0.00782538391649723,
        0.007856831885874271,
        0.007917913608253002,
        0.00807640329003334,
        0.008348670788109303,
        0.008686443790793419,
        0.009076275862753391,
        0.00921033788472414,
        0.009089580737054348,
        0.009107252582907677,
        0.00906967930495739,
        0.009430753998458385,
        0.009482395835220814,
        0.009432298131287098,
        0.009339599870145321,
        0.009175624698400497,
        0.009039207361638546,
        0.008917872793972492,
        0.008775854483246803,
        0.008714436553418636,
        0.008671660907566547,
        0.008620421402156353,
        0.00867670401930809,
        0.008527670986950397,
        0.008578188717365265,
        0.008554455824196339,
        0.008518869057297707,
        0.008473456837236881,
        0.008488865569233894,
        0.008477834984660149,
        0.008674188517034054,
        0.008679116144776344,
        0.00870960671454668,
        0.00894119031727314,
        0.008894604630768299,
        0.009017044678330421,
        0.008984006941318512,
        0.008886088617146015,
        0.008963166736066341,
        0.00893018301576376,
        0.00887206383049488,
        0.008841690607368946,
        0.008802092634141445,
        0.00882631167769432,
        0.008837932720780373,
        0.008836491964757442,
        0.00876288115978241,
        0.008719736710190773,
        0.008670811541378498,
        0.008676228113472462,
        0.008645468391478062,
        0.00863016676157713,
        0.008626033551990986,
        0.008655321784317493,
        0.00864267535507679,
        0.008623981848359108,
        0.008684111759066582,
        0.00875767506659031,
        0.008810064755380154,
        0.00884329155087471,
        0.008897831663489342,
        0.008947423659265041,
        0.0088838255032897,
        0.008942117914557457,
        0.008964188396930695,
        0.00895809568464756
    ]
}