{
    "epoch": [
        0,
        1,
        2,
        3,
        4,
        5,
        6,
        7,
        8,
        9,
        10,
        11,
        12,
        13,
        14,
        15,
        16,
        17,
        18,
        19,
        20,
        21,
        22,
        23,
        24,
        25,
        26,
        27,
        28,
        29,
        30,
        31,
        32,
        33,
        34,
        35,
        36,
        37,
        38,
        39,
        40,
        41,
        42,
        43,
        44,
        45,
        46,
        47,
        48,
        49,
        50,
        51,
        52,
        53,
        54,
        55,
        56,
        57,
        58,
        59,
        60,
        61,
        62,
        63,
        64,
        65,
        66,
        67,
        68,
        69,
        70,
        71,
        72,
        73,
        74,
        75,
        76,
        77,
        78,
        79,
        80,
        81,
        82,
        83,
        84,
        85,
        86,
        87,
        88,
        89,
        90,
        91,
        92,
        93,
        94,
        95,
        96,
        97,
        98,
        99
    ],
    "train_loss": [
        0.05710289999842644,
        0.029929781332612038,
        0.029850298538804054,
        0.019210422411561012,
        0.018907833844423294,
        0.011622116900980473,
        0.012226168066263199,
        0.01197830680757761,
        0.012899539433419704,
        0.011384180746972561,
        0.011542147025465965,
        0.011292077600955963,
        0.011077580973505974,
        0.010610167868435383,
        0.008850859478116035,
        0.007968837395310402,
        0.007212946191430092,
        0.007989564910531044,
        0.008752785623073578,
        0.007245370652526617,
        0.006681283935904503,
        0.006899999920278788,
        0.00659245066344738,
        0.0064819878898561,
        0.006816841196268797,
        0.006689699366688728,
        0.007041559088975191,
        0.007155084982514381,
        0.0071469699032604694,
        0.007125995587557554,
        0.007063635159283876,
        0.006974784191697836,
        0.006901494227349758,
        0.006706511601805687,
        0.006701930426061153,
        0.006852759514003992,
        0.006640475708991289,
        0.006616142578423023,
        0.006128260865807533,
        0.006493615452200174,
        0.006327848415821791,
        0.006264071445912123,
        0.006102813873440027,
        0.005924059543758631,
        0.005811380222439766,
        0.005928383208811283,
        0.006403920706361532,
        0.006668957881629467,
        0.006750595290213823,
        0.007031762506812811,
        0.006986439693719149,
        0.006832029204815626,
        0.006667151581496,
        0.0067051551304757595,
        0.006632254458963871,
        0.006687103770673275,
        0.006738763302564621,
        0.006774118635803461,
        0.006796950940042734,
        0.006611942313611507,
        0.006464014761149883,
        0.006427199579775333,
        0.006362668238580227,
        0.006384153384715319,
        0.006352230440825224,
        0.006303190253674984,
        0.006228200625628233,
        0.006236434914171696,
        0.006248254794627428,
        0.0062697092071175575,
        0.006288249511271715,
        0.0062947035767138,
        0.006302476394921541,
        0.006290672812610865,
        0.0063752345740795135,
        0.006507449317723513,
        0.0064805555157363415,
        0.006828553508967161,
        0.006854761391878128,
        0.006968286819756031,
        0.012055430561304092,
        0.010828888043761253,
        0.00945409294217825,
        0.006262472365051508,
        0.005557581782341003,
        0.005463734734803438,
        0.0061685736291110516,
        0.0069708386436104774,
        0.007343269884586334,
        0.00697419373318553,
        0.006190256215631962,
        0.006400460842996836,
        0.006784329656511545,
        0.006414493080228567,
        0.006090187001973391,
        0.005832387134432793,
        0.005722358822822571,
        0.005866402760148048,
        0.005920755676925182,
        0.005849586799740791
    ]
}