{
    "epoch": [
        0,
        1,
        2,
        3,
        4,
        5,
        6,
        7,
        8,
        9,
        10,
        11,
        12,
        13,
        14,
        15,
        16,
        17,
        18,
        19,
        20,
        21,
        22,
        23,
        24,
        25,
        26,
        27,
        28,
        29,
        30,
        31,
        32,
        33,
        34,
        35,
        36,
        37,
        38,
        39,
        40,
        41,
        42,
        43,
        44,
        45,
        46,
        47,
        48,
        49,
        50,
        51,
        52,
        53,
        54,
        55,
        56,
        57,
        58,
        59,
        60,
        61,
        62,
        63,
        64,
        65,
        66,
        67,
        68,
        69,
        70,
        71,
        72,
        73,
        74,
        75,
        76,
        77,
        78,
        79,
        80,
        81,
        82,
        83,
        84,
        85,
        86,
        87,
        88,
        89,
        90,
        91,
        92,
        93,
        94,
        95,
        96,
        97,
        98,
        99
    ],
    "train_loss": [
        0.2857406437397003,
        0.14211168885231018,
        0.11367903649806976,
        0.08945004642009735,
        0.07578346133232117,
        0.08262558281421661,
        0.07249104231595993,
        0.06292668730020523,
        0.05669975280761719,
        0.050785474479198456,
        0.05721154063940048,
        0.05100676044821739,
        0.0463268905878067,
        0.042553819715976715,
        0.039660461246967316,
        0.04497441276907921,
        0.04154017195105553,
        0.03901892155408859,
        0.0379272885620594,
        0.037612177431583405,
        0.04099979251623154,
        0.038997162133455276,
        0.03807118535041809,
        0.038674142211675644,
        0.038299717009067535,
        0.06224675476551056,
        0.04329650104045868,
        0.03927496820688248,
        0.036955635994672775,
        0.036015305668115616,
        0.04167161509394646,
        0.03806618973612785,
        0.03634408116340637,
        0.0356798879802227,
        0.03463977202773094,
        0.039409101009368896,
        0.035571079701185226,
        0.03445258364081383,
        0.033645715564489365,
        0.03303385153412819,
        0.03519385680556297,
        0.03410811722278595,
        0.033465802669525146,
        0.03334745392203331,
        0.033051468431949615,
        0.03404668718576431,
        0.032090578228235245,
        0.03209853917360306,
        0.03191879019141197,
        0.03153667226433754,
        0.031940948218107224,
        0.03172282129526138,
        0.0315902940928936,
        0.03177328035235405,
        0.031822569668293,
        0.03197212889790535,
        0.0318671315908432,
        0.03180145099759102,
        0.0314464196562767,
        0.032352786511182785,
        0.03199781849980354,
        0.03154377266764641,
        0.031088819727301598,
        0.03075413592159748,
        0.030559508129954338,
        0.030262771993875504,
        0.029948147013783455,
        0.029724935069680214,
        0.029140694066882133,
        0.029071340337395668,
        0.02900942787528038,
        0.029263120144605637,
        0.029001403599977493,
        0.02901409938931465,
        0.028838681057095528,
        0.029072681441903114,
        0.028994714841246605,
        0.029019184410572052,
        0.029340490698814392,
        0.029241861775517464,
        0.028930407017469406,
        0.0289009939879179,
        0.028656411916017532,
        0.028500599786639214,
        0.02801942452788353,
        0.027671167626976967,
        0.027766162529587746,
        0.027611233294010162,
        0.02779882401227951,
        0.027933986857533455,
        0.028154021129012108,
        0.028223054483532906,
        0.02810114063322544,
        0.028009630739688873,
        0.028074242174625397,
        0.02805332839488983,
        0.02823336236178875,
        0.02832225151360035,
        0.027989106252789497,
        0.027900880202651024
    ]
}