{
    "epoch": [
        0,
        1,
        2,
        3,
        4,
        5,
        6,
        7,
        8,
        9,
        10,
        11,
        12,
        13,
        14,
        15,
        16,
        17,
        18,
        19,
        20,
        21,
        22,
        23,
        24,
        25,
        26,
        27,
        28,
        29,
        30,
        31,
        32,
        33,
        34,
        35,
        36,
        37,
        38,
        39,
        40,
        41,
        42,
        43,
        44,
        45,
        46,
        47,
        48,
        49,
        50,
        51,
        52,
        53,
        54,
        55,
        56,
        57,
        58,
        59,
        60,
        61,
        62,
        63,
        64,
        65,
        66,
        67,
        68,
        69,
        70,
        71,
        72,
        73,
        74,
        75,
        76,
        77,
        78,
        79,
        80,
        81,
        82,
        83,
        84,
        85,
        86,
        87,
        88,
        89,
        90,
        91,
        92,
        93,
        94,
        95,
        96,
        97,
        98,
        99
    ],
    "train_loss": [
        0.09083164483308792,
        0.03747592121362686,
        0.03375829756259918,
        0.02004990354180336,
        0.01907213404774666,
        0.016975324600934982,
        0.015444624237716198,
        0.01348916720598936,
        0.01568346470594406,
        0.017732253298163414,
        0.018736178055405617,
        0.017745351418852806,
        0.013531946577131748,
        0.011892986483871937,
        0.010426582768559456,
        0.010205922648310661,
        0.009536880068480968,
        0.008951575495302677,
        0.008471548557281494,
        0.008106229826807976,
        0.0077499281615018845,
        0.007669323123991489,
        0.007774259429425001,
        0.00774357607588172,
        0.0074042328633368015,
        0.007553056348115206,
        0.0075498162768781185,
        0.007538267876952887,
        0.00759446294978261,
        0.0077114650048315525,
        0.007499138358980417,
        0.0072725568898022175,
        0.007210031151771545,
        0.007441770285367966,
        0.007492001634091139,
        0.0073631759732961655,
        0.007329901680350304,
        0.007360684685409069,
        0.007537756580859423,
        0.007578406482934952,
        0.0077482471242547035,
        0.007428930141031742,
        0.007238428108394146,
        0.007255767937749624,
        0.007221086882054806,
        0.007413889747112989,
        0.007444544229656458,
        0.007437456399202347,
        0.007417872082442045,
        0.007498365826904774,
        0.007384142838418484,
        0.007284057326614857,
        0.007242443971335888,
        0.007211777381598949,
        0.0072163669392466545,
        0.007145293522626162,
        0.007111332379281521,
        0.0071403817273676395,
        0.007230243179947138,
        0.007307760417461395,
        0.007271152455359697,
        0.007251018192619085,
        0.0072988285683095455,
        0.007422586902976036,
        0.007451663725078106,
        0.0074025969952344894,
        0.007394569925963879,
        0.007455820217728615,
        0.0074900854378938675,
        0.0075027793645858765,
        0.007454431615769863,
        0.007505073677748442,
        0.007630689535290003,
        0.0076766121201217175,
        0.007725381758064032,
        0.007727423217147589,
        0.007816683501005173,
        0.00788161065429449,
        0.007964319549500942,
        0.008060643449425697,
        0.008202103897929192,
        0.008289750665426254,
        0.008260986767709255,
        0.008320232853293419,
        0.008451441302895546,
        0.008493185043334961,
        0.008545666001737118,
        0.008708551526069641,
        0.008827278390526772,
        0.008809451013803482,
        0.00879010558128357,
        0.008744511753320694,
        0.008783352561295033,
        0.008802775293588638,
        0.00879245437681675,
        0.00876938458532095,
        0.008782354183495045,
        0.008795064873993397,
        0.008816156536340714,
        0.00877013523131609
    ]
}