{
    "epoch": [
        0,
        1,
        2,
        3,
        4,
        5,
        6,
        7,
        8,
        9,
        10,
        11,
        12,
        13,
        14,
        15,
        16,
        17,
        18,
        19,
        20,
        21,
        22,
        23,
        24,
        25,
        26,
        27,
        28,
        29,
        30,
        31,
        32,
        33,
        34,
        35,
        36,
        37,
        38,
        39,
        40,
        41,
        42,
        43,
        44,
        45,
        46,
        47,
        48,
        49,
        50,
        51,
        52,
        53,
        54,
        55,
        56,
        57,
        58,
        59,
        60,
        61,
        62,
        63,
        64,
        65,
        66,
        67,
        68,
        69,
        70,
        71,
        72,
        73,
        74,
        75,
        76,
        77,
        78,
        79,
        80,
        81,
        82,
        83,
        84,
        85,
        86,
        87,
        88,
        89,
        90,
        91,
        92,
        93,
        94,
        95,
        96,
        97,
        98,
        99
    ],
    "train_loss": [
        0.32666710019111633,
        0.1044074147939682,
        0.057666368782520294,
        0.03197957202792168,
        0.029316328465938568,
        0.021377049386501312,
        0.016649294644594193,
        0.01783732883632183,
        0.018630240112543106,
        0.014475483447313309,
        0.012138334102928638,
        0.010607252828776836,
        0.011274972930550575,
        0.010230724699795246,
        0.01088585052639246,
        0.010448876768350601,
        0.00952905137091875,
        0.009276201017200947,
        0.008788594044744968,
        0.00834640208631754,
        0.008439823053777218,
        0.008736762218177319,
        0.009108812548220158,
        0.008663354441523552,
        0.008647563867270947,
        0.008717052638530731,
        0.008618557825684547,
        0.008640388958156109,
        0.008470701985061169,
        0.008471175096929073,
        0.008460241369903088,
        0.008386459201574326,
        0.008263851515948772,
        0.008488490246236324,
        0.008551002480089664,
        0.0084846131503582,
        0.008652963675558567,
        0.008440959267318249,
        0.008482026867568493,
        0.008307782001793385,
        0.008360755629837513,
        0.008304189890623093,
        0.008336375467479229,
        0.008192612789571285,
        0.008156606927514076,
        0.008119471371173859,
        0.008201871067285538,
        0.00800647959113121,
        0.008148331195116043,
        0.008006722666323185,
        0.007846750319004059,
        0.0078047821298241615,
        0.007728142198175192,
        0.00767794344574213,
        0.00768718495965004,
        0.007877400144934654,
        0.0075912210159003735,
        0.007605827413499355,
        0.007657208945602179,
        0.007531300652772188,
        0.007409142330288887,
        0.007500866428017616,
        0.007419134955853224,
        0.007326143328100443,
        0.007366028614342213,
        0.007246362045407295,
        0.00737941125407815,
        0.007145035546272993,
        0.006959962192922831,
        0.007073426619172096,
        0.006979319732636213,
        0.006875478196889162,
        0.0068857911974191666,
        0.00689934054389596,
        0.006931632291525602,
        0.006815413013100624,
        0.006686631590127945,
        0.0067577725276350975,
        0.006709254812449217,
        0.0067021893337368965,
        0.006754507310688496,
        0.006689887028187513,
        0.006471894681453705,
        0.006671604700386524,
        0.006969347596168518,
        0.007386984769254923,
        0.007757236249744892,
        0.008028415031731129,
        0.008290478959679604,
        0.008227703161537647,
        0.00829364638775587,
        0.008426286280155182,
        0.008208503015339375,
        0.00798225961625576,
        0.008036664687097073,
        0.0076653375290334225,
        0.0074687679298222065,
        0.007480108179152012,
        0.007418544963002205,
        0.007433800026774406
    ]
}