{
    "epoch": [
        0,
        1,
        2,
        3,
        4,
        5,
        6,
        7,
        8,
        9,
        10,
        11,
        12,
        13,
        14,
        15,
        16,
        17,
        18,
        19,
        20,
        21,
        22,
        23,
        24,
        25,
        26,
        27,
        28,
        29,
        30,
        31,
        32,
        33,
        34,
        35,
        36,
        37,
        38,
        39,
        40,
        41,
        42,
        43,
        44,
        45,
        46,
        47,
        48,
        49,
        50,
        51,
        52,
        53,
        54,
        55,
        56,
        57,
        58,
        59,
        60,
        61,
        62,
        63,
        64,
        65,
        66,
        67,
        68,
        69,
        70,
        71,
        72,
        73,
        74,
        75,
        76,
        77,
        78,
        79,
        80,
        81,
        82,
        83,
        84,
        85,
        86,
        87,
        88,
        89,
        90,
        91,
        92,
        93,
        94,
        95,
        96,
        97,
        98,
        99
    ],
    "train_loss": [
        0.0182429738342762,
        0.01754639483988285,
        0.009114992804825306,
        0.006193954031914473,
        0.005808335263282061,
        0.007850796915590763,
        0.005877222400158644,
        0.005690295249223709,
        0.009986707009375095,
        0.011691453866660595,
        0.016717514023184776,
        0.014960041269659996,
        0.018567349761724472,
        0.014185559935867786,
        0.012353915721178055,
        0.01152237318456173,
        0.010445933789014816,
        0.010043095797300339,
        0.010403233580291271,
        0.009793506935238838,
        0.010559163056313992,
        0.011282970197498798,
        0.012733524665236473,
        0.010094237513840199,
        0.009051430970430374,
        0.010416834615170956,
        0.00969401840120554,
        0.0090538514778018,
        0.00878891907632351,
        0.008796009235084057,
        0.008909116499125957,
        0.008602387271821499,
        0.008263055235147476,
        0.007996154017746449,
        0.007796980440616608,
        0.007822688668966293,
        0.007800615392625332,
        0.007722130045294762,
        0.007605754304677248,
        0.007506796158850193,
        0.007623202633112669,
        0.00763810146600008,
        0.007653028704226017,
        0.007768348325043917,
        0.007796803023666143,
        0.008161807432770729,
        0.008231072686612606,
        0.008283266797661781,
        0.008318291045725346,
        0.008349119685590267,
        0.008456041105091572,
        0.008505353704094887,
        0.008589713834226131,
        0.008619369938969612,
        0.008653808385133743,
        0.008698311634361744,
        0.008729840628802776,
        0.008727172389626503,
        0.00863552000373602,
        0.008582828566432,
        0.00853178184479475,
        0.008488086983561516,
        0.008440755307674408,
        0.008391309529542923,
        0.008348692208528519,
        0.008310473524034023,
        0.008277954533696175,
        0.008221381343901157,
        0.008124456740915775,
        0.008006379008293152,
        0.00786331482231617,
        0.007777548395097256,
        0.00770399859175086,
        0.0076550994999706745,
        0.007591796573251486,
        0.007551552262157202,
        0.007505809422582388,
        0.007481095381081104,
        0.007432086858898401,
        0.007419244851917028,
        0.007412776816636324,
        0.007407413329929113,
        0.007336475886404514,
        0.007269993424415588,
        0.007161853369325399,
        0.007073529530316591,
        0.007016755640506744,
        0.006944481749087572,
        0.006904192268848419,
        0.006900082342326641,
        0.006882118061184883,
        0.006824684329330921,
        0.006833208724856377,
        0.0068521155044436455,
        0.006855454295873642,
        0.006823813077062368,
        0.006749597378075123,
        0.0066620102152228355,
        0.00656166672706604,
        0.006433090195059776
    ]
}