{
    "epoch": [
        0,
        1,
        2,
        3,
        4,
        5,
        6,
        7,
        8,
        9,
        10,
        11,
        12,
        13,
        14,
        15,
        16,
        17,
        18,
        19,
        20,
        21,
        22,
        23,
        24,
        25,
        26,
        27,
        28,
        29,
        30,
        31,
        32,
        33,
        34,
        35,
        36,
        37,
        38,
        39,
        40,
        41,
        42,
        43,
        44,
        45,
        46,
        47,
        48,
        49,
        50,
        51,
        52,
        53,
        54,
        55,
        56,
        57,
        58,
        59,
        60,
        61,
        62,
        63,
        64,
        65,
        66,
        67,
        68,
        69,
        70,
        71,
        72,
        73,
        74,
        75,
        76,
        77,
        78,
        79,
        80,
        81,
        82,
        83,
        84,
        85,
        86,
        87,
        88,
        89,
        90,
        91,
        92,
        93,
        94,
        95,
        96,
        97,
        98,
        99
    ],
    "train_loss": [
        0.02487717568874359,
        0.015421006828546524,
        0.01734023354947567,
        0.010966564528644085,
        0.00967453047633171,
        0.007677796762436628,
        0.006118524819612503,
        0.007260808255523443,
        0.005346869584172964,
        0.006409844383597374,
        0.005684080999344587,
        0.005428669974207878,
        0.00589355593547225,
        0.005698180757462978,
        0.005968548823148012,
        0.005756375379860401,
        0.0054750447161495686,
        0.005379313603043556,
        0.005318304058164358,
        0.005071002058684826,
        0.005194204393774271,
        0.005229908972978592,
        0.005360912065953016,
        0.00542971258983016,
        0.005276359152048826,
        0.00518755242228508,
        0.005175984930247068,
        0.005131157580763102,
        0.005149648059159517,
        0.0052543808706104755,
        0.005256188102066517,
        0.005302043631672859,
        0.005377764347940683,
        0.005331001710146666,
        0.005279800854623318,
        0.005359345115721226,
        0.005518089514225721,
        0.00534683745354414,
        0.005304582417011261,
        0.005445052869617939,
        0.005564521998167038,
        0.005279985722154379,
        0.005153621081262827,
        0.00529447803273797,
        0.00575387105345726,
        0.005455158185213804,
        0.005882261786609888,
        0.006063156295567751,
        0.007239854894578457,
        0.007387819234281778,
        0.008355848491191864,
        0.009573468938469887,
        0.00791725143790245,
        0.009164772927761078,
        0.010060273110866547,
        0.009095135144889355,
        0.009257121942937374,
        0.009796611033380032,
        0.009947633370757103,
        0.01067422330379486,
        0.010894637554883957,
        0.011071915738284588,
        0.010793750174343586,
        0.010618475265800953,
        0.010514792054891586,
        0.010491499677300453,
        0.010206358507275581,
        0.009907016530632973,
        0.009722791612148285,
        0.009578090161085129,
        0.009447061456739902,
        0.00922493077814579,
        0.0090496139600873,
        0.008788148872554302,
        0.008505363948643208,
        0.008242335170507431,
        0.007979466579854488,
        0.007906547747552395,
        0.007819270715117455,
        0.007594752591103315,
        0.007727634161710739,
        0.007620185613632202,
        0.007718957494944334,
        0.007658165413886309,
        0.007658164948225021,
        0.007850421592593193,
        0.007849250920116901,
        0.007914611138403416,
        0.007823361083865166,
        0.007778441999107599,
        0.007734864484518766,
        0.007594364229589701,
        0.007609426975250244,
        0.007571673020720482,
        0.007491136901080608,
        0.007467880845069885,
        0.007430655881762505,
        0.007404371630400419,
        0.007404370699077845,
        0.007404370699077845
    ]
}