{
    "epoch": [
        0,
        1,
        2,
        3,
        4,
        5,
        6,
        7,
        8,
        9,
        10,
        11,
        12,
        13,
        14,
        15,
        16,
        17,
        18,
        19,
        20,
        21,
        22,
        23,
        24,
        25,
        26,
        27,
        28,
        29,
        30,
        31,
        32,
        33,
        34,
        35,
        36,
        37,
        38,
        39,
        40,
        41,
        42,
        43,
        44,
        45,
        46,
        47,
        48,
        49,
        50,
        51,
        52,
        53,
        54,
        55,
        56,
        57,
        58,
        59,
        60,
        61,
        62,
        63,
        64,
        65,
        66,
        67,
        68,
        69,
        70,
        71,
        72,
        73,
        74,
        75,
        76,
        77,
        78,
        79,
        80,
        81,
        82,
        83,
        84,
        85,
        86,
        87,
        88,
        89,
        90,
        91,
        92,
        93,
        94,
        95,
        96,
        97,
        98,
        99
    ],
    "train_loss": [
        0.03201992064714432,
        0.012125767767429352,
        0.009276123717427254,
        0.013203004375100136,
        0.01120401918888092,
        0.008703603409230709,
        0.008742431178689003,
        0.008384711109101772,
        0.0078026484698057175,
        0.009433633647859097,
        0.00976207759231329,
        0.008853851817548275,
        0.008423158898949623,
        0.008560463786125183,
        0.00804515928030014,
        0.007771415635943413,
        0.007427726406604052,
        0.008195973001420498,
        0.008013772778213024,
        0.008721927180886269,
        0.009797938168048859,
        0.010428137145936489,
        0.00993546936661005,
        0.008751937188208103,
        0.008375829085707664,
        0.008580378256738186,
        0.008189912885427475,
        0.008460520766675472,
        0.008622348308563232,
        0.00876492541283369,
        0.009358728304505348,
        0.009563101455569267,
        0.009667754173278809,
        0.010281531140208244,
        0.0108579620718956,
        0.01103490311652422,
        0.011515251360833645,
        0.012010096572339535,
        0.012428631074726582,
        0.012466789223253727,
        0.012827144004404545,
        0.012849036604166031,
        0.012566492892801762,
        0.012145975604653358,
        0.011599878780543804,
        0.011165985837578773,
        0.010884664952754974,
        0.010805211029946804,
        0.010558409616351128,
        0.010154438205063343,
        0.010060731321573257,
        0.010021905414760113,
        0.010007865726947784,
        0.01008707657456398,
        0.010096119716763496,
        0.010011703707277775,
        0.009974541142582893,
        0.01018772553652525,
        0.01019612979143858,
        0.010183426551520824,
        0.010169277898967266,
        0.0102581437677145,
        0.010456125251948833,
        0.010494277812540531,
        0.010462172329425812,
        0.010502099990844727,
        0.010450097732245922,
        0.010497238487005234,
        0.010597316548228264,
        0.010686260648071766,
        0.010761644691228867,
        0.010686149820685387,
        0.010572531260550022,
        0.010611147619783878,
        0.010462362319231033,
        0.010531904175877571,
        0.010579452849924564,
        0.010605580173432827,
        0.010214713402092457,
        0.010166285559535027,
        0.010562999173998833,
        0.011194954626262188,
        0.011454004794359207,
        0.011479507200419903,
        0.010363917797803879,
        0.009954987093806267,
        0.009633873589336872,
        0.009201718494296074,
        0.008714172057807446,
        0.008239734917879105,
        0.007920165546238422,
        0.007694561034440994,
        0.007574743125587702,
        0.007373953703790903,
        0.007193003315478563,
        0.0069668106734752655,
        0.0068138944916427135,
        0.006931171286851168,
        0.007204859051853418,
        0.007234026212245226
    ]
}