{
    "epoch": [
        0,
        1,
        2,
        3,
        4,
        5,
        6,
        7,
        8,
        9,
        10,
        11,
        12,
        13,
        14,
        15,
        16,
        17,
        18,
        19,
        20,
        21,
        22,
        23,
        24,
        25,
        26,
        27,
        28,
        29,
        30,
        31,
        32,
        33,
        34,
        35,
        36,
        37,
        38,
        39,
        40,
        41,
        42,
        43,
        44,
        45,
        46,
        47,
        48,
        49,
        50,
        51,
        52,
        53,
        54,
        55,
        56,
        57,
        58,
        59,
        60,
        61,
        62,
        63,
        64,
        65,
        66,
        67,
        68,
        69,
        70,
        71,
        72,
        73,
        74,
        75,
        76,
        77,
        78,
        79,
        80,
        81,
        82,
        83,
        84,
        85,
        86,
        87,
        88,
        89,
        90,
        91,
        92,
        93,
        94,
        95,
        96,
        97,
        98,
        99
    ],
    "train_loss": [
        0.019422682002186775,
        0.011644737794995308,
        0.00863121822476387,
        0.00928826816380024,
        0.009929568506777287,
        0.011211649514734745,
        0.008548440411686897,
        0.009067606180906296,
        0.016988355666399002,
        0.01369058433920145,
        0.014057218097150326,
        0.013289039954543114,
        0.013658111914992332,
        0.012984109111130238,
        0.012519569136202335,
        0.012208117172122002,
        0.012273820117115974,
        0.01229347288608551,
        0.012263034470379353,
        0.012124132364988327,
        0.012350725941359997,
        0.011975779198110104,
        0.011937356553971767,
        0.01186889223754406,
        0.011877767741680145,
        0.011870588175952435,
        0.011784948408603668,
        0.011771480552852154,
        0.011874645948410034,
        0.011850583367049694,
        0.011813992634415627,
        0.011702112853527069,
        0.011677156202495098,
        0.011683781631290913,
        0.011700525879859924,
        0.011695853434503078,
        0.011670696549117565,
        0.011665667407214642,
        0.011678832583129406,
        0.011687186546623707,
        0.011658654548227787,
        0.011676713824272156,
        0.011660016141831875,
        0.011624102480709553,
        0.011582568287849426,
        0.011503840796649456,
        0.011352919042110443,
        0.011306006461381912,
        0.010930771008133888,
        0.010854292660951614,
        0.010820704512298107,
        0.010837562382221222,
        0.010803643614053726,
        0.010797498747706413,
        0.010797223076224327,
        0.010796668939292431,
        0.010793906636536121,
        0.01078878901898861,
        0.010780826210975647,
        0.01077688205987215,
        0.010772939771413803,
        0.010769234970211983,
        0.010769234970211983,
        0.010754338465631008,
        0.01074613630771637,
        0.010746135376393795,
        0.010744450613856316,
        0.010736100375652313,
        0.010734283365309238,
        0.010726946406066418,
        0.010726165026426315,
        0.010726816020905972,
        0.01072676107287407,
        0.010726001113653183,
        0.010725150816142559,
        0.010724462568759918,
        0.010725024156272411,
        0.010726873762905598,
        0.01072805467993021,
        0.010728981345891953,
        0.010736017487943172,
        0.010739181190729141,
        0.010739143937826157,
        0.01073900144547224,
        0.01073900144547224,
        0.010739002376794815,
        0.01073900144547224,
        0.010739002376794815,
        0.010739308781921864,
        0.010739308781921864,
        0.010739308781921864,
        0.010739307850599289,
        0.010739307850599289,
        0.010739307850599289,
        0.010739307850599289,
        0.010739307850599289,
        0.010739307850599289,
        0.010739307850599289,
        0.010739307850599289,
        0.010739142075181007
    ]
}