{
    "epoch": [
        0,
        1,
        2,
        3,
        4,
        5,
        6,
        7,
        8,
        9,
        10,
        11,
        12,
        13,
        14,
        15,
        16,
        17,
        18,
        19,
        20,
        21,
        22,
        23,
        24,
        25,
        26,
        27,
        28,
        29,
        30,
        31,
        32,
        33,
        34,
        35,
        36,
        37,
        38,
        39,
        40,
        41,
        42,
        43,
        44,
        45,
        46,
        47,
        48,
        49,
        50,
        51,
        52,
        53,
        54,
        55,
        56,
        57,
        58,
        59,
        60,
        61,
        62,
        63,
        64,
        65,
        66,
        67,
        68,
        69,
        70,
        71,
        72,
        73,
        74,
        75,
        76,
        77,
        78,
        79,
        80,
        81,
        82,
        83,
        84,
        85,
        86,
        87,
        88,
        89,
        90,
        91,
        92,
        93,
        94,
        95,
        96,
        97,
        98,
        99
    ],
    "train_loss": [
        0.12589189410209656,
        0.06477189809083939,
        0.04066796600818634,
        0.028502900153398514,
        0.022925738245248795,
        0.020798174664378166,
        0.01760772056877613,
        0.01787649467587471,
        0.023203380405902863,
        0.020140497013926506,
        0.01928364671766758,
        0.015029401518404484,
        0.012655391357839108,
        0.0112433061003685,
        0.01065841130912304,
        0.014676392078399658,
        0.012480000033974648,
        0.011732487939298153,
        0.011262242682278156,
        0.010426097549498081,
        0.014514799229800701,
        0.011920896358788013,
        0.010828893631696701,
        0.010246571153402328,
        0.009579671546816826,
        0.01129511184990406,
        0.010021201334893703,
        0.00935561303049326,
        0.009292435832321644,
        0.009391624480485916,
        0.009765615686774254,
        0.008921833708882332,
        0.008726393803954124,
        0.008353951387107372,
        0.008191955275833607,
        0.011533590964972973,
        0.009456661529839039,
        0.008555667474865913,
        0.008269320242106915,
        0.008043170906603336,
        0.009271055459976196,
        0.008758239448070526,
        0.008281082846224308,
        0.007877095602452755,
        0.007913349196314812,
        0.01043675933033228,
        0.010380161926150322,
        0.01003237534314394,
        0.00948534905910492,
        0.009049282409250736,
        0.008932432159781456,
        0.00843633059412241,
        0.008337348699569702,
        0.008069569244980812,
        0.007959475740790367,
        0.007680891547352076,
        0.007499244529753923,
        0.007241871673613787,
        0.00738059775903821,
        0.007365311495959759,
        0.00749991973862052,
        0.007426563184708357,
        0.007483657915145159,
        0.007410774938762188,
        0.0074658882804214954,
        0.007504411041736603,
        0.00765600660815835,
        0.007483216002583504,
        0.007464139722287655,
        0.007595811504870653,
        0.0075782788917422295,
        0.007658058311790228,
        0.0076053873635828495,
        0.007692527957260609,
        0.007733478676527739,
        0.007752882316708565,
        0.007775831501930952,
        0.00763021782040596,
        0.007631771732121706,
        0.007814834825694561,
        0.007798383012413979,
        0.007917461916804314,
        0.007925132289528847,
        0.007870281115174294,
        0.007806137204170227,
        0.007855182513594627,
        0.007849819026887417,
        0.00783720426261425,
        0.007652542553842068,
        0.0076580229215323925,
        0.007763050030916929,
        0.0076463473960757256,
        0.007570698391646147,
        0.007571769878268242,
        0.0075497496873140335,
        0.007704292424023151,
        0.007843281142413616,
        0.007817491888999939,
        0.007762239780277014,
        0.007817642763257027
    ]
}