{
    "epoch": [
        0,
        1,
        2,
        3,
        4,
        5,
        6,
        7,
        8,
        9,
        10,
        11,
        12,
        13,
        14,
        15,
        16,
        17,
        18,
        19,
        20,
        21,
        22,
        23,
        24,
        25,
        26,
        27,
        28,
        29,
        30,
        31,
        32,
        33,
        34,
        35,
        36,
        37,
        38,
        39,
        40,
        41,
        42,
        43,
        44,
        45,
        46,
        47,
        48,
        49,
        50,
        51,
        52,
        53,
        54,
        55,
        56,
        57,
        58,
        59,
        60,
        61,
        62,
        63,
        64,
        65,
        66,
        67,
        68,
        69,
        70,
        71,
        72,
        73,
        74,
        75,
        76,
        77,
        78,
        79,
        80,
        81,
        82,
        83,
        84,
        85,
        86,
        87,
        88,
        89,
        90,
        91,
        92,
        93,
        94,
        95,
        96,
        97,
        98,
        99
    ],
    "train_loss": [
        0.33753538131713867,
        0.20347294211387634,
        0.14453549683094025,
        0.11690893769264221,
        0.10189314186573029,
        0.16346044838428497,
        0.11221163719892502,
        0.09060665965080261,
        0.07548464834690094,
        0.06613241881132126,
        0.0760113000869751,
        0.0639558956027031,
        0.05762385576963425,
        0.0506189689040184,
        0.04542280361056328,
        0.049235112965106964,
        0.04203766584396362,
        0.03896093741059303,
        0.036479249596595764,
        0.03401141241192818,
        0.04005257785320282,
        0.033693794161081314,
        0.031140537932515144,
        0.030316868796944618,
        0.029477162286639214,
        0.03184159845113754,
        0.028041493147611618,
        0.026857465505599976,
        0.02769412286579609,
        0.027102306485176086,
        0.032125119119882584,
        0.027278253808617592,
        0.02619420737028122,
        0.025927789509296417,
        0.02678825706243515,
        0.028916088864207268,
        0.02696145698428154,
        0.026495158672332764,
        0.02561173401772976,
        0.025200139731168747,
        0.027407340705394745,
        0.024943256750702858,
        0.02421429753303528,
        0.023488830775022507,
        0.022960394620895386,
        0.025433849543333054,
        0.023034686222672462,
        0.02210286632180214,
        0.02155674807727337,
        0.02172606624662876,
        0.021479759365320206,
        0.02159300446510315,
        0.021890640258789062,
        0.022274009883403778,
        0.022282561287283897,
        0.022533338516950607,
        0.02335084043443203,
        0.024008315056562424,
        0.02438095584511757,
        0.024484260007739067,
        0.02431916631758213,
        0.02461571805179119,
        0.02443026751279831,
        0.023852769285440445,
        0.023655856028199196,
        0.023366190493106842,
        0.023311486467719078,
        0.02324742078781128,
        0.02300870604813099,
        0.022822311148047447,
        0.022520817816257477,
        0.022352462634444237,
        0.02260802686214447,
        0.022633612155914307,
        0.02238393947482109,
        0.022284192964434624,
        0.022100171074271202,
        0.02161467634141445,
        0.02152547426521778,
        0.021826250478625298,
        0.021595774218440056,
        0.021748127415776253,
        0.021407300606369972,
        0.021170079708099365,
        0.02131795324385166,
        0.0212866123765707,
        0.021098146215081215,
        0.021081160753965378,
        0.021153923124074936,
        0.020734446123242378,
        0.020469769835472107,
        0.020285852253437042,
        0.01990753598511219,
        0.01980029046535492,
        0.019567707553505898,
        0.019520597532391548,
        0.019563553854823112,
        0.019647084176540375,
        0.019532078877091408,
        0.019623802974820137
    ]
}