{
    "epoch": [
        0,
        1,
        2,
        3,
        4,
        5,
        6,
        7,
        8,
        9,
        10,
        11,
        12,
        13,
        14,
        15,
        16,
        17,
        18,
        19,
        20,
        21,
        22,
        23,
        24,
        25,
        26,
        27,
        28,
        29,
        30,
        31,
        32,
        33,
        34,
        35,
        36,
        37,
        38,
        39,
        40,
        41,
        42,
        43,
        44,
        45,
        46,
        47,
        48,
        49,
        50,
        51,
        52,
        53,
        54,
        55,
        56,
        57,
        58,
        59,
        60,
        61,
        62,
        63,
        64,
        65,
        66,
        67,
        68,
        69,
        70,
        71,
        72,
        73,
        74,
        75,
        76,
        77,
        78,
        79,
        80,
        81,
        82,
        83,
        84,
        85,
        86,
        87,
        88,
        89,
        90,
        91,
        92,
        93,
        94,
        95,
        96,
        97,
        98,
        99
    ],
    "train_loss": [
        0.676177978515625,
        0.3735752999782562,
        0.2665218710899353,
        0.2253669649362564,
        0.18388302624225616,
        0.19054114818572998,
        0.15405060350894928,
        0.1291571706533432,
        0.11394742876291275,
        0.10371840745210648,
        0.09662196040153503,
        0.0724540427327156,
        0.0624781996011734,
        0.058288946747779846,
        0.05482947826385498,
        0.05744760110974312,
        0.051486480981111526,
        0.0481407530605793,
        0.04637889564037323,
        0.0443715862929821,
        0.04866008087992668,
        0.046454329043626785,
        0.04509197920560837,
        0.04398977383971214,
        0.043054595589637756,
        0.04517480358481407,
        0.04301062598824501,
        0.04195975512266159,
        0.04083012044429779,
        0.03876523673534393,
        0.04500449821352959,
        0.03847017511725426,
        0.03634042292833328,
        0.0348237119615078,
        0.03438057750463486,
        0.0363466739654541,
        0.03225838392972946,
        0.03127157315611839,
        0.030313698574900627,
        0.030407382175326347,
        0.031784266233444214,
        0.031054837629199028,
        0.03097802959382534,
        0.030149709433317184,
        0.028953783214092255,
        0.03466123715043068,
        0.03162241354584694,
        0.030606886371970177,
        0.030028551816940308,
        0.029704980552196503,
        0.02920372225344181,
        0.02890152297914028,
        0.029017681255936623,
        0.028544077649712563,
        0.028323039412498474,
        0.027472442016005516,
        0.02718999795615673,
        0.026785723865032196,
        0.026482118293642998,
        0.026399051770567894,
        0.025977257639169693,
        0.025678124278783798,
        0.02498854324221611,
        0.024863597005605698,
        0.024633081629872322,
        0.024186095222830772,
        0.023818550631403923,
        0.023215051740407944,
        0.022781366482377052,
        0.022527096793055534,
        0.02221360243856907,
        0.021915046498179436,
        0.022104863077402115,
        0.021827487275004387,
        0.02229144424200058,
        0.021892638877034187,
        0.021923741325736046,
        0.02171395719051361,
        0.021604426205158234,
        0.021434858441352844,
        0.021258002147078514,
        0.020700030028820038,
        0.02094769850373268,
        0.02071685716509819,
        0.02019464783370495,
        0.0199043620377779,
        0.019697632640600204,
        0.019581692293286324,
        0.01862472854554653,
        0.018107328563928604,
        0.01774168387055397,
        0.017758414149284363,
        0.01722520776093006,
        0.01735759899020195,
        0.017132220789790154,
        0.016349734738469124,
        0.016001006588339806,
        0.015880098566412926,
        0.016084840521216393,
        0.016128059476614
    ]
}