{
    "epoch": [
        0,
        1,
        2,
        3,
        4,
        5,
        6,
        7,
        8,
        9,
        10,
        11,
        12,
        13,
        14,
        15,
        16,
        17,
        18,
        19,
        20,
        21,
        22,
        23,
        24,
        25,
        26,
        27,
        28,
        29,
        30,
        31,
        32,
        33,
        34,
        35,
        36,
        37,
        38,
        39,
        40,
        41,
        42,
        43,
        44,
        45,
        46,
        47,
        48,
        49,
        50,
        51,
        52,
        53,
        54,
        55,
        56,
        57,
        58,
        59,
        60,
        61,
        62,
        63,
        64,
        65,
        66,
        67,
        68,
        69,
        70,
        71,
        72,
        73,
        74,
        75,
        76,
        77,
        78,
        79,
        80,
        81,
        82,
        83,
        84,
        85,
        86,
        87,
        88,
        89,
        90,
        91,
        92,
        93,
        94,
        95,
        96,
        97,
        98,
        99
    ],
    "train_loss": [
        0.5514792203903198,
        0.3793972134590149,
        0.298803448677063,
        0.27173125743865967,
        0.241196408867836,
        0.1712317168712616,
        0.12118159979581833,
        0.08818026632070541,
        0.07448737323284149,
        0.06747522950172424,
        0.07036921381950378,
        0.05898052826523781,
        0.05059744790196419,
        0.04507129266858101,
        0.04293135926127434,
        0.04223534092307091,
        0.037692077457904816,
        0.03599631413817406,
        0.034890055656433105,
        0.033952269703149796,
        0.03501703217625618,
        0.030432656407356262,
        0.02778768539428711,
        0.02430749498307705,
        0.023268258199095726,
        0.02527647279202938,
        0.02298555336892605,
        0.021721627563238144,
        0.021091008558869362,
        0.021109629422426224,
        0.023895561695098877,
        0.02019275724887848,
        0.019884297624230385,
        0.017997469753026962,
        0.018181752413511276,
        0.018908178433775902,
        0.016576964408159256,
        0.016477026045322418,
        0.017044030129909515,
        0.01705213449895382,
        0.019363734871149063,
        0.016721781343221664,
        0.015127643011510372,
        0.014088921248912811,
        0.014178984798491001,
        0.02081836573779583,
        0.016430320218205452,
        0.0145487729460001,
        0.012755176983773708,
        0.011872005648911,
        0.012438721023499966,
        0.012837065383791924,
        0.013322235085070133,
        0.01367431040853262,
        0.013945064507424831,
        0.014611486345529556,
        0.012438208796083927,
        0.013343890197575092,
        0.01329116988927126,
        0.011872770264744759,
        0.01128612831234932,
        0.01140553131699562,
        0.011350301094353199,
        0.01071878056973219,
        0.010700574144721031,
        0.011650996282696724,
        0.01128707267343998,
        0.010913176462054253,
        0.011106986552476883,
        0.0107072489336133,
        0.011009632609784603,
        0.011215634644031525,
        0.012113467790186405,
        0.011110608465969563,
        0.011415543965995312,
        0.010907649993896484,
        0.012308978475630283,
        0.011953389272093773,
        0.012601541355252266,
        0.013288394547998905,
        0.013242488726973534,
        0.013978296890854836,
        0.012436721473932266,
        0.01285790279507637,
        0.01274971291422844,
        0.013006210327148438,
        0.013509398326277733,
        0.012299515306949615,
        0.012023004703223705,
        0.012732741422951221,
        0.012820456176996231,
        0.013802225701510906,
        0.013764837756752968,
        0.014647192321717739,
        0.014515246264636517,
        0.014753767289221287,
        0.015561810694634914,
        0.015710990875959396,
        0.015111777000129223,
        0.014774363487958908
    ]
}