{
    "epoch": [
        0,
        1,
        2,
        3,
        4,
        5,
        6,
        7,
        8,
        9,
        10,
        11,
        12,
        13,
        14,
        15,
        16,
        17,
        18,
        19,
        20,
        21,
        22,
        23,
        24,
        25,
        26,
        27,
        28,
        29,
        30,
        31,
        32,
        33,
        34,
        35,
        36,
        37,
        38,
        39,
        40,
        41,
        42,
        43,
        44,
        45,
        46,
        47,
        48,
        49,
        50,
        51,
        52,
        53,
        54,
        55,
        56,
        57,
        58,
        59,
        60,
        61,
        62,
        63,
        64,
        65,
        66,
        67,
        68,
        69,
        70,
        71,
        72,
        73,
        74,
        75,
        76,
        77,
        78,
        79,
        80,
        81,
        82,
        83,
        84,
        85,
        86,
        87,
        88,
        89,
        90,
        91,
        92,
        93,
        94,
        95,
        96,
        97,
        98,
        99
    ],
    "train_loss": [
        0.058262988924980164,
        0.031946711242198944,
        0.029546070843935013,
        0.02374868094921112,
        0.017163630574941635,
        0.013844270259141922,
        0.010345680639147758,
        0.009003574959933758,
        0.010303445160388947,
        0.008069222792983055,
        0.006891611963510513,
        0.0071569932624697685,
        0.006668295711278915,
        0.006796747446060181,
        0.006653773132711649,
        0.0065338085405528545,
        0.006774205714464188,
        0.006686572451144457,
        0.006452495232224464,
        0.006729566026479006,
        0.006746150553226471,
        0.006747045554220676,
        0.006874317303299904,
        0.006782954558730125,
        0.007022545672953129,
        0.006864719092845917,
        0.006787819322198629,
        0.0069960979744791985,
        0.007388583850115538,
        0.007665765471756458,
        0.00772715313360095,
        0.008111506700515747,
        0.00817328691482544,
        0.008155805058777332,
        0.007941792719066143,
        0.007998236455023289,
        0.008091596886515617,
        0.007935176603496075,
        0.007664533797651529,
        0.0075593371875584126,
        0.00757209537550807,
        0.007512538228183985,
        0.007496057078242302,
        0.007281262893229723,
        0.0072331419214606285,
        0.007868130691349506,
        0.00768375676125288,
        0.007461793255060911,
        0.00731231551617384,
        0.007046159822493792,
        0.0069727604277431965,
        0.006969670299440622,
        0.006965558044612408,
        0.00696265883743763,
        0.007126455660909414,
        0.00719189690425992,
        0.007151096127927303,
        0.0067926743067801,
        0.006675094366073608,
        0.006546948105096817,
        0.006519022397696972,
        0.006591581739485264,
        0.006639404688030481,
        0.00645428616553545,
        0.006368948612362146,
        0.0063265543431043625,
        0.00642414903268218,
        0.006472073961049318,
        0.006529209204018116,
        0.006607146468013525,
        0.0065114740282297134,
        0.006597121246159077,
        0.006572897080332041,
        0.00643125781789422,
        0.006343279965221882,
        0.006430025212466717,
        0.0065895793959498405,
        0.0069625405594706535,
        0.007117212284356356,
        0.007339555770158768,
        0.0075562698766589165,
        0.007594606373459101,
        0.007433553226292133,
        0.007447252050042152,
        0.007576062344014645,
        0.007653163745999336,
        0.007663081865757704,
        0.007492937613278627,
        0.00754523603245616,
        0.0075594037771224976,
        0.007275114767253399,
        0.006780989933758974,
        0.006890791933983564,
        0.00686469953507185,
        0.006588908843696117,
        0.005695371888577938,
        0.005735707003623247,
        0.005568169057369232,
        0.005437375046312809,
        0.005298173055052757
    ]
}