{
    "epoch": [
        0,
        1,
        2,
        3,
        4,
        5,
        6,
        7,
        8,
        9,
        10,
        11,
        12,
        13,
        14,
        15,
        16,
        17,
        18,
        19,
        20,
        21,
        22,
        23,
        24,
        25,
        26,
        27,
        28,
        29,
        30,
        31,
        32,
        33,
        34,
        35,
        36,
        37,
        38,
        39,
        40,
        41,
        42,
        43,
        44,
        45,
        46,
        47,
        48,
        49,
        50,
        51,
        52,
        53,
        54,
        55,
        56,
        57,
        58,
        59,
        60,
        61,
        62,
        63,
        64,
        65,
        66,
        67,
        68,
        69,
        70,
        71,
        72,
        73,
        74,
        75,
        76,
        77,
        78,
        79,
        80,
        81,
        82,
        83,
        84,
        85,
        86,
        87,
        88,
        89,
        90,
        91,
        92,
        93,
        94,
        95,
        96,
        97,
        98,
        99
    ],
    "train_loss": [
        0.4514561593532562,
        0.2889380156993866,
        0.21882867813110352,
        0.1808079481124878,
        0.14854484796524048,
        0.18917962908744812,
        0.13370941579341888,
        0.097968690097332,
        0.07755725830793381,
        0.0669419914484024,
        0.07082100957632065,
        0.05900195613503456,
        0.05014187842607498,
        0.043227389454841614,
        0.04039378836750984,
        0.04548453912138939,
        0.04073931276798248,
        0.03762419894337654,
        0.03576577082276344,
        0.03499561548233032,
        0.034989677369594574,
        0.033166512846946716,
        0.03374093025922775,
        0.033297210931777954,
        0.03215337544679642,
        0.0324736088514328,
        0.030186772346496582,
        0.029381779953837395,
        0.028494123369455338,
        0.02785051427781582,
        0.02777198702096939,
        0.027507135644555092,
        0.026993969455361366,
        0.026985296979546547,
        0.02694793790578842,
        0.026525326073169708,
        0.025105144828557968,
        0.024920156225562096,
        0.02326137386262417,
        0.023043759167194366,
        0.024427548050880432,
        0.0234877597540617,
        0.023366671055555344,
        0.022942233830690384,
        0.023188961669802666,
        0.025484930723905563,
        0.02468440681695938,
        0.025089280679821968,
        0.024929748848080635,
        0.02547810599207878,
        0.025398869067430496,
        0.025956688448786736,
        0.025835346430540085,
        0.026017120108008385,
        0.028871675953269005,
        0.02810153178870678,
        0.027311159297823906,
        0.026707733049988747,
        0.02625785395503044,
        0.025623181834816933,
        0.025706404820084572,
        0.02578567899763584,
        0.02588716149330139,
        0.025780700147151947,
        0.02610853686928749,
        0.025475913658738136,
        0.02674066834151745,
        0.026520662009716034,
        0.026312151923775673,
        0.02546488493680954,
        0.02472836896777153,
        0.0250244103372097,
        0.025357550010085106,
        0.025778576731681824,
        0.025931719690561295,
        0.025913327932357788,
        0.025527825579047203,
        0.02537589520215988,
        0.025387559086084366,
        0.025457073003053665,
        0.02542302943766117,
        0.025687528774142265,
        0.025594808161258698,
        0.02546100690960884,
        0.026226148009300232,
        0.025027060881257057,
        0.02488195151090622,
        0.02535768784582615,
        0.0256764255464077,
        0.025445835664868355,
        0.025547439232468605,
        0.025505712255835533,
        0.02495589666068554,
        0.02447017841041088,
        0.024497538805007935,
        0.024473343044519424,
        0.024059796705842018,
        0.024210473522543907,
        0.024706384167075157,
        0.02473888173699379
    ]
}