{
    "epoch": [
        0,
        1,
        2,
        3,
        4,
        5,
        6,
        7,
        8,
        9,
        10,
        11,
        12,
        13,
        14,
        15,
        16,
        17,
        18,
        19,
        20,
        21,
        22,
        23,
        24,
        25,
        26,
        27,
        28,
        29,
        30,
        31,
        32,
        33,
        34,
        35,
        36,
        37,
        38,
        39,
        40,
        41,
        42,
        43,
        44,
        45,
        46,
        47,
        48,
        49,
        50,
        51,
        52,
        53,
        54,
        55,
        56,
        57,
        58,
        59,
        60,
        61,
        62,
        63,
        64,
        65,
        66,
        67,
        68,
        69,
        70,
        71,
        72,
        73,
        74,
        75,
        76,
        77,
        78,
        79,
        80,
        81,
        82,
        83,
        84,
        85,
        86,
        87,
        88,
        89,
        90,
        91,
        92,
        93,
        94,
        95,
        96,
        97,
        98,
        99
    ],
    "train_loss": [
        0.032476507127285004,
        0.010900337249040604,
        0.007595258764922619,
        0.012253186665475368,
        0.008533652871847153,
        0.006468009203672409,
        0.0057798526249825954,
        0.005380643997341394,
        0.005629710387438536,
        0.005631708540022373,
        0.00553162069991231,
        0.005723669193685055,
        0.006698545068502426,
        0.008816631510853767,
        0.006904187612235546,
        0.007477201987057924,
        0.007729367818683386,
        0.007718167267739773,
        0.009702268987894058,
        0.009829547256231308,
        0.01108615193516016,
        0.011409569531679153,
        0.011704860255122185,
        0.011756409890949726,
        0.011497944593429565,
        0.011268713511526585,
        0.011151870712637901,
        0.011064643040299416,
        0.011058795265853405,
        0.011044089682400227,
        0.0111526595428586,
        0.011361411772668362,
        0.011400978080928326,
        0.01187166478484869,
        0.012379894964396954,
        0.012900587171316147,
        0.013183045201003551,
        0.013135690242052078,
        0.013086647726595402,
        0.013339216820895672,
        0.013447901234030724,
        0.013733871281147003,
        0.014168916270136833,
        0.01463406067341566,
        0.014968205243349075,
        0.0152505524456501,
        0.01512531004846096,
        0.015060704201459885,
        0.01471011247485876,
        0.014991601929068565,
        0.014919525012373924,
        0.014909031800925732,
        0.014270461164414883,
        0.013359433971345425,
        0.013595805503427982,
        0.012614354491233826,
        0.012567556463181973,
        0.012594031170010567,
        0.012663277797400951,
        0.012697990983724594,
        0.012617752887308598,
        0.012525981292128563,
        0.01231488399207592,
        0.011996508575975895,
        0.011497550643980503,
        0.011315017007291317,
        0.011077022179961205,
        0.011084194295108318,
        0.011148912832140923,
        0.010936428792774677,
        0.010757626965641975,
        0.01069851964712143,
        0.010461186990141869,
        0.010196469724178314,
        0.010053357109427452,
        0.009912868030369282,
        0.009738076478242874,
        0.00948584359139204,
        0.00942712277173996,
        0.009449038654565811,
        0.009340244345366955,
        0.009092976339161396,
        0.008875363506376743,
        0.008710588328540325,
        0.008336392231285572,
        0.008047998882830143,
        0.007401713635772467,
        0.0071869902312755585,
        0.006972339004278183,
        0.0069207786582410336,
        0.007073179353028536,
        0.007230760995298624,
        0.007071592379361391,
        0.006410153582692146,
        0.005611947271972895,
        0.004937578458338976,
        0.004983953200280666,
        0.0049479249864816666,
        0.0047038462944328785,
        0.004416244104504585
    ]
}