{
    "epoch": [
        0,
        1,
        2,
        3,
        4,
        5,
        6,
        7,
        8,
        9,
        10,
        11,
        12,
        13,
        14,
        15,
        16,
        17,
        18,
        19,
        20,
        21,
        22,
        23,
        24,
        25,
        26,
        27,
        28,
        29,
        30,
        31,
        32,
        33,
        34,
        35,
        36,
        37,
        38,
        39,
        40,
        41,
        42,
        43,
        44,
        45,
        46,
        47,
        48,
        49,
        50,
        51,
        52,
        53,
        54,
        55,
        56,
        57,
        58,
        59,
        60,
        61,
        62,
        63,
        64,
        65,
        66,
        67,
        68,
        69,
        70,
        71,
        72,
        73,
        74,
        75,
        76,
        77,
        78,
        79,
        80,
        81,
        82,
        83,
        84,
        85,
        86,
        87,
        88,
        89,
        90,
        91,
        92,
        93,
        94,
        95,
        96,
        97,
        98,
        99
    ],
    "train_loss": [
        0.05749954283237457,
        0.02833138033747673,
        0.017073191702365875,
        0.01700657233595848,
        0.015147040598094463,
        0.01707855425775051,
        0.012548337690532207,
        0.01193247176706791,
        0.009461340494453907,
        0.012562834657728672,
        0.007991542108356953,
        0.007493897806853056,
        0.006393217947334051,
        0.005889142397791147,
        0.005608479958027601,
        0.005699233151972294,
        0.005816248245537281,
        0.005824325606226921,
        0.0059373346157372,
        0.005765432026237249,
        0.005839027464389801,
        0.005600349511951208,
        0.005650409497320652,
        0.005427881143987179,
        0.005430539138615131,
        0.005616538226604462,
        0.005735883954912424,
        0.0057408553548157215,
        0.005835799500346184,
        0.0057923560962080956,
        0.0057113380171358585,
        0.005668846890330315,
        0.005647442769259214,
        0.005560144782066345,
        0.005513198208063841,
        0.005499154794961214,
        0.005519920028746128,
        0.005527145694941282,
        0.005518180783838034,
        0.005532830022275448,
        0.005516796838492155,
        0.005555635318160057,
        0.005573999602347612,
        0.005618527997285128,
        0.005640326999127865,
        0.0057024057023227215,
        0.005749324336647987,
        0.005832422059029341,
        0.00587757583707571,
        0.0058762854896485806,
        0.005847129505127668,
        0.0058631799183785915,
        0.0058691129088401794,
        0.005876850336790085,
        0.00590815395116806,
        0.0059416876174509525,
        0.005993498954921961,
        0.005994664970785379,
        0.0059648482128977776,
        0.006025673355907202,
        0.006013491656631231,
        0.005999617278575897,
        0.005994866602122784,
        0.006007887423038483,
        0.006073400378227234,
        0.006094798911362886,
        0.006130563095211983,
        0.006246890872716904,
        0.006275040563195944,
        0.006335847545415163,
        0.0063405423425138,
        0.0063405423425138,
        0.006423446349799633,
        0.006302479654550552,
        0.006190382409840822,
        0.006063423119485378,
        0.00603644922375679,
        0.006045014597475529,
        0.005977089516818523,
        0.005937968846410513,
        0.00594773655757308,
        0.005931027699261904,
        0.005931722465902567,
        0.0059513612650334835,
        0.005877328105270863,
        0.005794966127723455,
        0.005697928369045258,
        0.00563071621581912,
        0.005519727244973183,
        0.0054156724363565445,
        0.005413920618593693,
        0.005354552064090967,
        0.005324571393430233,
        0.005321687553077936,
        0.005327647086232901,
        0.0053171878680586815,
        0.005326217971742153,
        0.005326708313077688,
        0.005319529213011265,
        0.0053085084073245525
    ]
}