{
    "epoch": [
        0,
        1,
        2,
        3,
        4,
        5,
        6,
        7,
        8,
        9,
        10,
        11,
        12,
        13,
        14,
        15,
        16,
        17,
        18,
        19,
        20,
        21,
        22,
        23,
        24,
        25,
        26,
        27,
        28,
        29,
        30,
        31,
        32,
        33,
        34,
        35,
        36,
        37,
        38,
        39,
        40,
        41,
        42,
        43,
        44,
        45,
        46,
        47,
        48,
        49,
        50,
        51,
        52,
        53,
        54,
        55,
        56,
        57,
        58,
        59,
        60,
        61,
        62,
        63,
        64,
        65,
        66,
        67,
        68,
        69,
        70,
        71,
        72,
        73,
        74,
        75,
        76,
        77,
        78,
        79,
        80,
        81,
        82,
        83,
        84,
        85,
        86,
        87,
        88,
        89,
        90,
        91,
        92,
        93,
        94,
        95,
        96,
        97,
        98,
        99
    ],
    "train_loss": [
        0.08018019050359726,
        0.03664739429950714,
        0.025441596284508705,
        0.02206241711974144,
        0.016899587586522102,
        0.01659850776195526,
        0.01376535464078188,
        0.014029168523848057,
        0.012159955687820911,
        0.011153576895594597,
        0.011168048717081547,
        0.010945192538201809,
        0.010773912072181702,
        0.010678429156541824,
        0.010978233069181442,
        0.011211725883185863,
        0.010413529351353645,
        0.009990372695028782,
        0.010033554397523403,
        0.010145398788154125,
        0.010069387964904308,
        0.009981036186218262,
        0.009977716021239758,
        0.009864171966910362,
        0.00978773832321167,
        0.009732737205922604,
        0.009388849139213562,
        0.009589239954948425,
        0.008748003281652927,
        0.00896824337542057,
        0.009392145089805126,
        0.009312939830124378,
        0.011593055911362171,
        0.014420985244214535,
        0.012526139616966248,
        0.010155215859413147,
        0.00962559599429369,
        0.008766671642661095,
        0.00910261832177639,
        0.009507383219897747,
        0.009053114801645279,
        0.008523790165781975,
        0.007966591976583004,
        0.008079569786787033,
        0.008263246156275272,
        0.008315463550388813,
        0.008071777410805225,
        0.00809141993522644,
        0.008018319495022297,
        0.007979675196111202,
        0.00805690884590149,
        0.008034742437303066,
        0.008488747291266918,
        0.008758274838328362,
        0.00875728577375412,
        0.008904761634767056,
        0.008833243511617184,
        0.00886880699545145,
        0.008875653147697449,
        0.008796573616564274,
        0.008837311528623104,
        0.008799511939287186,
        0.008801315911114216,
        0.008776511996984482,
        0.008819812908768654,
        0.008825724013149738,
        0.00879688374698162,
        0.008783356286585331,
        0.008769464679062366,
        0.008759761229157448,
        0.008747593499720097,
        0.008794614113867283,
        0.008818586356937885,
        0.00879308208823204,
        0.008805869147181511,
        0.00878987181931734,
        0.008841355331242085,
        0.008810018189251423,
        0.008756178431212902,
        0.008781755343079567,
        0.00880667194724083,
        0.008985601365566254,
        0.009219546802341938,
        0.009715737774968147,
        0.009312566369771957,
        0.009472266770899296,
        0.008885534480214119,
        0.008903071284294128,
        0.008899461477994919,
        0.008721061050891876,
        0.008797973394393921,
        0.00878774281591177,
        0.008776423521339893,
        0.008739026263356209,
        0.008694451302289963,
        0.008720995858311653,
        0.008810989558696747,
        0.008761635050177574,
        0.00872174184769392,
        0.008685282431542873
    ]
}