{
    "timestamp": "20250113_201649",
    "method": "pinn",
    "configuration": {
        "m": 1.0,
        "c": 0.1,
        "k": 5.0,
        "force_type": "sine",
        "amplitude": 1.0,
        "freq": 1.0,
        "random_seed": 42,
        "x0": 0.0,
        "v0": 0.0,
        "t_max": 10.0,
        "dt": 0.02,
        "noise_std": 0.05
    },
    "true_parameters": [
        1.0,
        0.1,
        5.0
    ],
    "estimated_parameters": [
        1.0082457065582275,
        0.0977458581328392,
        4.998486042022705
    ],
    "parameter_errors": [
        0.8245706558227539,
        2.2541418671608024,
        0.030279159545898438
    ],
    "force_rmse": 0.0006666529912573467
}