{
    "epoch": [
        0,
        1,
        2,
        3,
        4,
        5,
        6,
        7,
        8,
        9,
        10,
        11,
        12,
        13,
        14,
        15,
        16,
        17,
        18,
        19,
        20,
        21,
        22,
        23,
        24,
        25,
        26,
        27,
        28,
        29,
        30,
        31,
        32,
        33,
        34,
        35,
        36,
        37,
        38,
        39,
        40,
        41,
        42,
        43,
        44,
        45,
        46,
        47,
        48,
        49,
        50,
        51,
        52,
        53,
        54,
        55,
        56,
        57,
        58,
        59,
        60,
        61,
        62,
        63,
        64,
        65,
        66,
        67,
        68,
        69,
        70,
        71,
        72,
        73,
        74,
        75,
        76,
        77,
        78,
        79,
        80,
        81,
        82,
        83,
        84,
        85,
        86,
        87,
        88,
        89,
        90,
        91,
        92,
        93,
        94,
        95,
        96,
        97,
        98,
        99
    ],
    "train_loss": [
        0.02255943790078163,
        0.010638434439897537,
        0.010643730871379375,
        0.008350045420229435,
        0.006764180958271027,
        0.007061113137751818,
        0.007661412004381418,
        0.008049234747886658,
        0.008628098294138908,
        0.009202546440064907,
        0.008504202589392662,
        0.01016959547996521,
        0.009064339101314545,
        0.00961719173938036,
        0.010528463870286942,
        0.011422346346080303,
        0.01287656556814909,
        0.014239033684134483,
        0.013885737396776676,
        0.013814357109367847,
        0.013306114822626114,
        0.013016081415116787,
        0.013020994141697884,
        0.01357334665954113,
        0.013091807253658772,
        0.013258973136544228,
        0.013263744302093983,
        0.01363915391266346,
        0.012824353761970997,
        0.012372829020023346,
        0.012713904492557049,
        0.012518925592303276,
        0.012303426861763,
        0.011984655633568764,
        0.01153039000928402,
        0.011479264125227928,
        0.011348534375429153,
        0.011274476535618305,
        0.011316793970763683,
        0.011317981407046318,
        0.01133043970912695,
        0.011329191736876965,
        0.011331752873957157,
        0.011332405731081963,
        0.011328538879752159,
        0.011322545818984509,
        0.01132624689489603,
        0.011365034617483616,
        0.011367974802851677,
        0.011357702314853668,
        0.011309747584164143,
        0.011275849305093288,
        0.011297022923827171,
        0.011389494873583317,
        0.011326497420668602,
        0.011289547197520733,
        0.01124068908393383,
        0.011225098744034767,
        0.01160940807312727,
        0.011783881112933159,
        0.011713244020938873,
        0.011578923091292381,
        0.011490455828607082,
        0.011441166512668133,
        0.011222411878407001,
        0.0110012823715806,
        0.01088877022266388,
        0.010781662538647652,
        0.010597173124551773,
        0.010572480969130993,
        0.010521451011300087,
        0.010415499098598957,
        0.010271642357110977,
        0.010005790740251541,
        0.00986083596944809,
        0.009794761426746845,
        0.009786821901798248,
        0.009791605174541473,
        0.009755348786711693,
        0.00960742961615324,
        0.009481220506131649,
        0.009415173903107643,
        0.009318312630057335,
        0.009063721634447575,
        0.008740851655602455,
        0.0088098319247365,
        0.008674089796841145,
        0.008600113913416862,
        0.008620698004961014,
        0.008601515553891659,
        0.008582085371017456,
        0.008536038920283318,
        0.00848680641502142,
        0.008411540649831295,
        0.008242090232670307,
        0.008089255541563034,
        0.007954409345984459,
        0.0077719856053590775,
        0.007683908101171255,
        0.007823900319635868
    ]
}