{
    "epoch": [
        0,
        1,
        2,
        3,
        4,
        5,
        6,
        7,
        8,
        9,
        10,
        11,
        12,
        13,
        14,
        15,
        16,
        17,
        18,
        19,
        20,
        21,
        22,
        23,
        24,
        25,
        26,
        27,
        28,
        29,
        30,
        31,
        32,
        33,
        34,
        35,
        36,
        37,
        38,
        39,
        40,
        41,
        42,
        43,
        44,
        45,
        46,
        47,
        48,
        49,
        50,
        51,
        52,
        53,
        54,
        55,
        56,
        57,
        58,
        59,
        60,
        61,
        62,
        63,
        64,
        65,
        66,
        67,
        68,
        69,
        70,
        71,
        72,
        73,
        74,
        75,
        76,
        77,
        78,
        79,
        80,
        81,
        82,
        83,
        84,
        85,
        86,
        87,
        88,
        89,
        90,
        91,
        92,
        93,
        94,
        95,
        96,
        97,
        98,
        99
    ],
    "train_loss": [
        0.4145435094833374,
        0.1622156947851181,
        0.10598280280828476,
        0.08276715874671936,
        0.06511259078979492,
        0.07293283939361572,
        0.04882591590285301,
        0.040336862206459045,
        0.0317814014852047,
        0.02710944414138794,
        0.040632180869579315,
        0.03195422887802124,
        0.023878727108240128,
        0.017221659421920776,
        0.013206182979047298,
        0.022259479388594627,
        0.0190290417522192,
        0.015435471199452877,
        0.014421338215470314,
        0.013037638738751411,
        0.011981355957686901,
        0.012585637159645557,
        0.011956140398979187,
        0.011056007817387581,
        0.010743645951151848,
        0.011877189390361309,
        0.010230966843664646,
        0.010472269728779793,
        0.011019013822078705,
        0.01204974390566349,
        0.01211212482303381,
        0.010358140803873539,
        0.008512447588145733,
        0.011055772192776203,
        0.01053392980247736,
        0.01670982874929905,
        0.01268322579562664,
        0.011495293118059635,
        0.01023126021027565,
        0.011914607137441635,
        0.011910020373761654,
        0.0133759630843997,
        0.0117493262514472,
        0.012967579998075962,
        0.013005184940993786,
        0.01682973839342594,
        0.014151292853057384,
        0.012905493378639221,
        0.012902593240141869,
        0.011446417309343815,
        0.01117863692343235,
        0.011260143481194973,
        0.010463802143931389,
        0.010861740447580814,
        0.012676467187702656,
        0.01449057087302208,
        0.011567381210625172,
        0.009751166217029095,
        0.008417285978794098,
        0.010825694538652897,
        0.010341781191527843,
        0.012167195789515972,
        0.012708576396107674,
        0.01066441461443901,
        0.00906266737729311,
        0.009658223949372768,
        0.008585541509091854,
        0.009019729681313038,
        0.009715608321130276,
        0.010185085237026215,
        0.01106642559170723,
        0.012034399434924126,
        0.010537060908973217,
        0.009560038335621357,
        0.008940284140408039,
        0.008747820742428303,
        0.009103033691644669,
        0.009091086685657501,
        0.008747595362365246,
        0.008159848861396313,
        0.007895071990787983,
        0.007948901504278183,
        0.007737584877759218,
        0.007652608677744865,
        0.007793524768203497,
        0.008217563852667809,
        0.008618704043328762,
        0.0075323027558624744,
        0.0074279760010540485,
        0.007576317992061377,
        0.0072867777198553085,
        0.0071002584882080555,
        0.007548436522483826,
        0.006866127718240023,
        0.006863106042146683,
        0.007023240905255079,
        0.007130051963031292,
        0.00746775371953845,
        0.007600851822644472,
        0.007397390902042389
    ]
}