{
    "epoch": [
        0,
        1,
        2,
        3,
        4,
        5,
        6,
        7,
        8,
        9,
        10,
        11,
        12,
        13,
        14,
        15,
        16,
        17,
        18,
        19,
        20,
        21,
        22,
        23,
        24,
        25,
        26,
        27,
        28,
        29,
        30,
        31,
        32,
        33,
        34,
        35,
        36,
        37,
        38,
        39,
        40,
        41,
        42,
        43,
        44,
        45,
        46,
        47,
        48,
        49,
        50,
        51,
        52,
        53,
        54,
        55,
        56,
        57,
        58,
        59,
        60,
        61,
        62,
        63,
        64,
        65,
        66,
        67,
        68,
        69,
        70,
        71,
        72,
        73,
        74,
        75,
        76,
        77,
        78,
        79,
        80,
        81,
        82,
        83,
        84,
        85,
        86,
        87,
        88,
        89,
        90,
        91,
        92,
        93,
        94,
        95,
        96,
        97,
        98,
        99
    ],
    "train_loss": [
        0.5078041553497314,
        0.22677971422672272,
        0.15257269144058228,
        0.12821194529533386,
        0.11675717681646347,
        0.1432054191827774,
        0.08130064606666565,
        0.057539310306310654,
        0.04896802827715874,
        0.0415499284863472,
        0.05192186310887337,
        0.040141742676496506,
        0.03410807251930237,
        0.03127117082476616,
        0.029773881658911705,
        0.028734469786286354,
        0.0274380873888731,
        0.026914775371551514,
        0.026785345748066902,
        0.026960261166095734,
        0.029145993292331696,
        0.02505507692694664,
        0.024702588096261024,
        0.024605639278888702,
        0.023101285099983215,
        0.022694027051329613,
        0.020410170778632164,
        0.019029101356863976,
        0.01867147721350193,
        0.017859183251857758,
        0.019738299772143364,
        0.017385108396410942,
        0.017222652211785316,
        0.016528571024537086,
        0.0166414063423872,
        0.018617546185851097,
        0.016541261225938797,
        0.01580970734357834,
        0.01573575846850872,
        0.016113126650452614,
        0.017874140292406082,
        0.016462141647934914,
        0.01665377803146839,
        0.017040260136127472,
        0.0163920558989048,
        0.018128499388694763,
        0.01583532802760601,
        0.014801908284425735,
        0.014882897958159447,
        0.014460339210927486,
        0.014605540782213211,
        0.014952548779547215,
        0.014528190717101097,
        0.014987687580287457,
        0.015848206356167793,
        0.016739433631300926,
        0.017234794795513153,
        0.01739596016705036,
        0.01670408807694912,
        0.016996705904603004,
        0.01724407635629177,
        0.017193883657455444,
        0.016610274091362953,
        0.01645691692829132,
        0.016341732814908028,
        0.01597539335489273,
        0.016147958114743233,
        0.016479616984725,
        0.01686124876141548,
        0.01786859519779682,
        0.01759617030620575,
        0.01766185462474823,
        0.017107302322983742,
        0.017291879281401634,
        0.016918983310461044,
        0.017028378322720528,
        0.01710798405110836,
        0.01670331507921219,
        0.016744783148169518,
        0.0173837598413229,
        0.017070375382900238,
        0.017353013157844543,
        0.017596811056137085,
        0.017880693078041077,
        0.018105102702975273,
        0.018215959891676903,
        0.018320731818675995,
        0.01808532327413559,
        0.017765553668141365,
        0.017740372568368912,
        0.01731705851852894,
        0.017046434804797173,
        0.01659802533686161,
        0.016256293281912804,
        0.016262900084257126,
        0.016074910759925842,
        0.01600164733827114,
        0.01597312092781067,
        0.016112759709358215,
        0.015735885128378868
    ]
}