{
    "epoch": [
        0,
        1,
        2,
        3,
        4,
        5,
        6,
        7,
        8,
        9,
        10,
        11,
        12,
        13,
        14,
        15,
        16,
        17,
        18,
        19,
        20,
        21,
        22,
        23,
        24,
        25,
        26,
        27,
        28,
        29,
        30,
        31,
        32,
        33,
        34,
        35,
        36,
        37,
        38,
        39,
        40,
        41,
        42,
        43,
        44,
        45,
        46,
        47,
        48,
        49,
        50,
        51,
        52,
        53,
        54,
        55,
        56,
        57,
        58,
        59,
        60,
        61,
        62,
        63,
        64,
        65,
        66,
        67,
        68,
        69,
        70,
        71,
        72,
        73,
        74,
        75,
        76,
        77,
        78,
        79,
        80,
        81,
        82,
        83,
        84,
        85,
        86,
        87,
        88,
        89,
        90,
        91,
        92,
        93,
        94,
        95,
        96,
        97,
        98,
        99
    ],
    "train_loss": [
        0.05790257826447487,
        0.028629133477807045,
        0.021076243370771408,
        0.018001189455389977,
        0.015914499759674072,
        0.0141788050532341,
        0.013047528453171253,
        0.010738535784184933,
        0.011819052509963512,
        0.01537715457379818,
        0.012839186936616898,
        0.011809428222477436,
        0.011814562603831291,
        0.011648762971162796,
        0.011608271859586239,
        0.011296048760414124,
        0.010643630288541317,
        0.010278208181262016,
        0.010716605931520462,
        0.010043807327747345,
        0.009444898925721645,
        0.009310010820627213,
        0.008745910599827766,
        0.008459904231131077,
        0.008396068587899208,
        0.008321916684508324,
        0.007806683424860239,
        0.007697429042309523,
        0.0076158014126122,
        0.007497069891542196,
        0.0074907513335347176,
        0.007503887172788382,
        0.007468811701983213,
        0.00751158781349659,
        0.007509286981076002,
        0.007521302439272404,
        0.007635675370693207,
        0.007729049306362867,
        0.00797225721180439,
        0.007959692738950253,
        0.00793150532990694,
        0.007895560003817081,
        0.007816901430487633,
        0.007598383352160454,
        0.007566872518509626,
        0.007867184467613697,
        0.00792500376701355,
        0.008316046558320522,
        0.008357640355825424,
        0.009237973019480705,
        0.009318825788795948,
        0.011495618149638176,
        0.012833751738071442,
        0.014489615336060524,
        0.015162447467446327,
        0.015247659757733345,
        0.013089229352772236,
        0.012044303119182587,
        0.011770489625632763,
        0.01264518778771162,
        0.012642255052924156,
        0.01100779976695776,
        0.010732924565672874,
        0.011104130186140537,
        0.01145398709923029,
        0.012089597061276436,
        0.011312175542116165,
        0.010225771926343441,
        0.009489260613918304,
        0.008920807391405106,
        0.008843648247420788,
        0.009439386427402496,
        0.009393866173923016,
        0.008280192501842976,
        0.007025953847914934,
        0.0065855300053954124,
        0.006478876806795597,
        0.006941340398043394,
        0.00738852983340621,
        0.008270922116935253,
        0.008346207439899445,
        0.008008179254829884,
        0.007468133233487606,
        0.007144461385905743,
        0.007405252195894718,
        0.006910480093210936,
        0.00657073175534606,
        0.006253987550735474,
        0.005960420705378056,
        0.0059477947652339935,
        0.0059143053367733955,
        0.005885651800781488,
        0.0058891503140330315,
        0.005870520137250423,
        0.005873851012438536,
        0.005852904170751572,
        0.005857798736542463,
        0.005867328029125929,
        0.005867327563464642,
        0.005869454704225063
    ]
}