{
    "epoch": [
        0,
        1,
        2,
        3,
        4,
        5,
        6,
        7,
        8,
        9,
        10,
        11,
        12,
        13,
        14,
        15,
        16,
        17,
        18,
        19,
        20,
        21,
        22,
        23,
        24,
        25,
        26,
        27,
        28,
        29,
        30,
        31,
        32,
        33,
        34,
        35,
        36,
        37,
        38,
        39,
        40,
        41,
        42,
        43,
        44,
        45,
        46,
        47,
        48,
        49,
        50,
        51,
        52,
        53,
        54,
        55,
        56,
        57,
        58,
        59,
        60,
        61,
        62,
        63,
        64,
        65,
        66,
        67,
        68,
        69,
        70,
        71,
        72,
        73,
        74,
        75,
        76,
        77,
        78,
        79,
        80,
        81,
        82,
        83,
        84,
        85,
        86,
        87,
        88,
        89,
        90,
        91,
        92,
        93,
        94,
        95,
        96,
        97,
        98,
        99
    ],
    "train_loss": [
        0.024674279615283012,
        0.010709906928241253,
        0.016506602987647057,
        0.009264679625630379,
        0.008632873184978962,
        0.008807467296719551,
        0.008826077915728092,
        0.008803073316812515,
        0.00876439269632101,
        0.008683952502906322,
        0.008658717386424541,
        0.008596537634730339,
        0.00851055234670639,
        0.00851033441722393,
        0.008519154042005539,
        0.0085314204916358,
        0.00852849893271923,
        0.008535322733223438,
        0.008525736629962921,
        0.008510924875736237,
        0.00855590682476759,
        0.00865358766168356,
        0.008671339601278305,
        0.008775245398283005,
        0.008743454702198505,
        0.008648066781461239,
        0.008623968809843063,
        0.008581959642469883,
        0.00854976661503315,
        0.008543532341718674,
        0.008566311560571194,
        0.008535902947187424,
        0.00850166380405426,
        0.008503217250108719,
        0.00849434919655323,
        0.008468400686979294,
        0.008453482761979103,
        0.008450426161289215,
        0.008364938199520111,
        0.008272960782051086,
        0.008280817419290543,
        0.00832272507250309,
        0.008380798622965813,
        0.00835005659610033,
        0.008349754847586155,
        0.008370636031031609,
        0.008411201648414135,
        0.00840805098414421,
        0.008292007260024548,
        0.008180222474038601,
        0.008141404017806053,
        0.008157809264957905,
        0.00818390678614378,
        0.008251124061644077,
        0.008265681564807892,
        0.008304721675813198,
        0.008340460248291492,
        0.00834222324192524,
        0.008343439549207687,
        0.008344288915395737,
        0.00835778284817934,
        0.008383654057979584,
        0.008398115634918213,
        0.008398115634918213,
        0.008414487354457378,
        0.0084315724670887,
        0.00844336673617363,
        0.00844336673617363,
        0.00844336673617363,
        0.008457704447209835,
        0.008521394804120064,
        0.008525490760803223,
        0.00852421298623085,
        0.00851782038807869,
        0.008515983819961548,
        0.008518404327332973,
        0.008521262556314468,
        0.00852245930582285,
        0.008522200398147106,
        0.008529306389391422,
        0.008539744652807713,
        0.008558466099202633,
        0.008593911305069923,
        0.008614975027740002,
        0.008634308353066444,
        0.008631735108792782,
        0.008632998913526535,
        0.008640616200864315,
        0.008647521957755089,
        0.00865968782454729,
        0.008670683950185776,
        0.008670197799801826,
        0.008678529411554337,
        0.008689161390066147,
        0.008683267049491405,
        0.008678150363266468,
        0.008672313764691353,
        0.008660651743412018,
        0.008660651743412018,
        0.008660651743412018
    ]
}