{
    "epoch": [
        0,
        1,
        2,
        3,
        4,
        5,
        6,
        7,
        8,
        9,
        10,
        11,
        12,
        13,
        14,
        15,
        16,
        17,
        18,
        19,
        20,
        21,
        22,
        23,
        24,
        25,
        26,
        27,
        28,
        29,
        30,
        31,
        32,
        33,
        34,
        35,
        36,
        37,
        38,
        39,
        40,
        41,
        42,
        43,
        44,
        45,
        46,
        47,
        48,
        49,
        50,
        51,
        52,
        53,
        54,
        55,
        56,
        57,
        58,
        59,
        60,
        61,
        62,
        63,
        64,
        65,
        66,
        67,
        68,
        69,
        70,
        71,
        72,
        73,
        74,
        75,
        76,
        77,
        78,
        79,
        80,
        81,
        82,
        83,
        84,
        85,
        86,
        87,
        88,
        89,
        90,
        91,
        92,
        93,
        94,
        95,
        96,
        97,
        98,
        99
    ],
    "train_loss": [
        0.5806570053100586,
        0.3686065971851349,
        0.3022715151309967,
        0.2609061300754547,
        0.22794032096862793,
        0.17884810268878937,
        0.12708546221256256,
        0.1002810001373291,
        0.08278613537549973,
        0.07176163047552109,
        0.07226040214300156,
        0.06464803963899612,
        0.05902807414531708,
        0.05524938553571701,
        0.05113516002893448,
        0.050774358212947845,
        0.046843864023685455,
        0.044693075120449066,
        0.04253166913986206,
        0.04162583127617836,
        0.041993144899606705,
        0.039770837873220444,
        0.039209578186273575,
        0.03817414864897728,
        0.03594905883073807,
        0.0371854268014431,
        0.03557261452078819,
        0.03416169434785843,
        0.03391673415899277,
        0.0342264398932457,
        0.03609799966216087,
        0.03512632101774216,
        0.03542180731892586,
        0.03607296571135521,
        0.03508947044610977,
        0.03546012565493584,
        0.0331634096801281,
        0.03214207664132118,
        0.031623028218746185,
        0.03080608882009983,
        0.032968517392873764,
        0.0312885046005249,
        0.030806701630353928,
        0.030048886314034462,
        0.02952847070991993,
        0.03146066516637802,
        0.029074225574731827,
        0.028980594128370285,
        0.028840823099017143,
        0.028108719736337662,
        0.028382854536175728,
        0.027873003855347633,
        0.027720477432012558,
        0.0277625173330307,
        0.028316978365182877,
        0.02892294153571129,
        0.029009301215410233,
        0.028817977756261826,
        0.02801833488047123,
        0.027740588411688805,
        0.0274204108864069,
        0.027532225474715233,
        0.027825720608234406,
        0.027905743569135666,
        0.028563139960169792,
        0.029527094215154648,
        0.029493192210793495,
        0.028467146679759026,
        0.027980586513876915,
        0.02924635075032711,
        0.02985559031367302,
        0.027658680453896523,
        0.02715475857257843,
        0.02684616483747959,
        0.026886681094765663,
        0.026449128985404968,
        0.025959614664316177,
        0.025928540155291557,
        0.0257469080388546,
        0.025533117353916168,
        0.0252848993986845,
        0.024847280234098434,
        0.024607757106423378,
        0.024623053148388863,
        0.02461113967001438,
        0.024406468495726585,
        0.02435915544629097,
        0.024315545335412025,
        0.024175647646188736,
        0.024539005011320114,
        0.024618154391646385,
        0.024448571726679802,
        0.0240829698741436,
        0.02375824563205242,
        0.0240978691726923,
        0.024020966142416,
        0.023705191910266876,
        0.023839248344302177,
        0.0239988062530756,
        0.024073660373687744
    ]
}