{
    "epoch": [
        0,
        1,
        2,
        3,
        4,
        5,
        6,
        7,
        8,
        9,
        10,
        11,
        12,
        13,
        14,
        15,
        16,
        17,
        18,
        19,
        20,
        21,
        22,
        23,
        24,
        25,
        26,
        27,
        28,
        29,
        30,
        31,
        32,
        33,
        34,
        35,
        36,
        37,
        38,
        39,
        40,
        41,
        42,
        43,
        44,
        45,
        46,
        47,
        48,
        49,
        50,
        51,
        52,
        53,
        54,
        55,
        56,
        57,
        58,
        59,
        60,
        61,
        62,
        63,
        64,
        65,
        66,
        67,
        68,
        69,
        70,
        71,
        72,
        73,
        74,
        75,
        76,
        77,
        78,
        79,
        80,
        81,
        82,
        83,
        84,
        85,
        86,
        87,
        88,
        89,
        90,
        91,
        92,
        93,
        94,
        95,
        96,
        97,
        98,
        99
    ],
    "train_loss": [
        0.032806675881147385,
        0.020051492378115654,
        0.013348088599741459,
        0.011455781757831573,
        0.011399379931390285,
        0.012622143141925335,
        0.011412807740271091,
        0.01077776774764061,
        0.010231324471533298,
        0.01020580530166626,
        0.009859902784228325,
        0.01009154599159956,
        0.009974980726838112,
        0.009578881785273552,
        0.009065701626241207,
        0.008580976165831089,
        0.00878389086574316,
        0.009388628415763378,
        0.008999459445476532,
        0.00879667792469263,
        0.00895800068974495,
        0.00900316797196865,
        0.009108038619160652,
        0.009826542809605598,
        0.0096196960657835,
        0.009508127346634865,
        0.00942484475672245,
        0.009001052007079124,
        0.009146266616880894,
        0.008587732911109924,
        0.008599355816841125,
        0.008967184461653233,
        0.008594478480517864,
        0.008308214135468006,
        0.008274028077721596,
        0.008370533585548401,
        0.008261620067059994,
        0.008081241510808468,
        0.007930387742817402,
        0.0077751558274030685,
        0.0077019487507641315,
        0.00779377855360508,
        0.008120160549879074,
        0.008159569464623928,
        0.007984472438693047,
        0.007865924388170242,
        0.007851931266486645,
        0.007862837985157967,
        0.008195988833904266,
        0.008387571200728416,
        0.008057749830186367,
        0.007982634007930756,
        0.008035393431782722,
        0.008227108046412468,
        0.008343970403075218,
        0.008610565215349197,
        0.008759471587836742,
        0.00840985681861639,
        0.008494079113006592,
        0.008373073302209377,
        0.008420898579061031,
        0.008409284055233002,
        0.008537734858691692,
        0.009071891196072102,
        0.008876819163560867,
        0.00864425953477621,
        0.008571358397603035,
        0.00851975753903389,
        0.008820484392344952,
        0.008886189199984074,
        0.008615709841251373,
        0.008502068929374218,
        0.0084153451025486,
        0.008409162051975727,
        0.008493845351040363,
        0.008655439130961895,
        0.00876697525382042,
        0.008784624747931957,
        0.008597556501626968,
        0.008592261001467705,
        0.00878089852631092,
        0.009187105111777782,
        0.009305874817073345,
        0.009441296570003033,
        0.009521586820483208,
        0.009465494193136692,
        0.00972229614853859,
        0.010093738324940205,
        0.009938737377524376,
        0.010117212310433388,
        0.010358479805290699,
        0.010269646532833576,
        0.010177327319979668,
        0.010237720794975758,
        0.010364296846091747,
        0.010375071316957474,
        0.010503770783543587,
        0.010571983642876148,
        0.010668820701539516,
        0.01067895907908678
    ]
}