{
    "epoch": [
        0,
        1,
        2,
        3,
        4,
        5,
        6,
        7,
        8,
        9,
        10,
        11,
        12,
        13,
        14,
        15,
        16,
        17,
        18,
        19,
        20,
        21,
        22,
        23,
        24,
        25,
        26,
        27,
        28,
        29,
        30,
        31,
        32,
        33,
        34,
        35,
        36,
        37,
        38,
        39,
        40,
        41,
        42,
        43,
        44,
        45,
        46,
        47,
        48,
        49,
        50,
        51,
        52,
        53,
        54,
        55,
        56,
        57,
        58,
        59,
        60,
        61,
        62,
        63,
        64,
        65,
        66,
        67,
        68,
        69,
        70,
        71,
        72,
        73,
        74,
        75,
        76,
        77,
        78,
        79,
        80,
        81,
        82,
        83,
        84,
        85,
        86,
        87,
        88,
        89,
        90,
        91,
        92,
        93,
        94,
        95,
        96,
        97,
        98,
        99
    ],
    "train_loss": [
        0.01867668516933918,
        0.015592973679304123,
        0.012186149135231972,
        0.010069651529192924,
        0.011058623902499676,
        0.011022230610251427,
        0.010671250522136688,
        0.010428840294480324,
        0.010009277611970901,
        0.010190052911639214,
        0.010302199982106686,
        0.010189664550125599,
        0.01013094000518322,
        0.009937754832208157,
        0.010087545961141586,
        0.010110870935022831,
        0.010255591943860054,
        0.010431974194943905,
        0.010292752645909786,
        0.009925926104187965,
        0.009900909848511219,
        0.009794589132070541,
        0.00965933408588171,
        0.009622551500797272,
        0.009698836132884026,
        0.009784276597201824,
        0.009862781502306461,
        0.009917575865983963,
        0.0100946594029665,
        0.010082815773785114,
        0.009529449045658112,
        0.010106337256729603,
        0.009949978440999985,
        0.01017563883215189,
        0.012996694073081017,
        0.012199313379824162,
        0.01113229151815176,
        0.010104593820869923,
        0.011049039661884308,
        0.013635846786201,
        0.013907313346862793,
        0.013479161076247692,
        0.01249706745147705,
        0.010921024717390537,
        0.009602978825569153,
        0.009217077866196632,
        0.009222348220646381,
        0.009230788797140121,
        0.009331433102488518,
        0.009352235123515129,
        0.00947500392794609,
        0.009797070175409317,
        0.00967334397137165,
        0.009525532834231853,
        0.009940091520547867,
        0.00962670985609293,
        0.009505095891654491,
        0.009468252770602703,
        0.009452030062675476,
        0.009570595808327198,
        0.009402096271514893,
        0.009222638793289661,
        0.009185126051306725,
        0.00887486431747675,
        0.008843638002872467,
        0.008797033689916134,
        0.008810398168861866,
        0.008798227645456791,
        0.008845143020153046,
        0.008872549049556255,
        0.008974241092801094,
        0.008913252502679825,
        0.008958395570516586,
        0.008896075189113617,
        0.008981624618172646,
        0.009019716642796993,
        0.008854045532643795,
        0.008912433870136738,
        0.008862050250172615,
        0.008813139982521534,
        0.008931666612625122,
        0.009381398558616638,
        0.0093943877145648,
        0.009214839898049831,
        0.009188790805637836,
        0.009197254665195942,
        0.009190717712044716,
        0.009174629114568233,
        0.009150144644081593,
        0.00912373699247837,
        0.009102978743612766,
        0.009089317172765732,
        0.009084165096282959,
        0.009075012058019638,
        0.009077698923647404,
        0.009096547029912472,
        0.009109250269830227,
        0.009121892042458057,
        0.009145180694758892,
        0.00919475220143795
    ]
}