{
    "epoch": [
        0,
        1,
        2,
        3,
        4,
        5,
        6,
        7,
        8,
        9,
        10,
        11,
        12,
        13,
        14,
        15,
        16,
        17,
        18,
        19,
        20,
        21,
        22,
        23,
        24,
        25,
        26,
        27,
        28,
        29,
        30,
        31,
        32,
        33,
        34,
        35,
        36,
        37,
        38,
        39,
        40,
        41,
        42,
        43,
        44,
        45,
        46,
        47,
        48,
        49,
        50,
        51,
        52,
        53,
        54,
        55,
        56,
        57,
        58,
        59,
        60,
        61,
        62,
        63,
        64,
        65,
        66,
        67,
        68,
        69,
        70,
        71,
        72,
        73,
        74,
        75,
        76,
        77,
        78,
        79,
        80,
        81,
        82,
        83,
        84,
        85,
        86,
        87,
        88,
        89,
        90,
        91,
        92,
        93,
        94,
        95,
        96,
        97,
        98,
        99
    ],
    "train_loss": [
        0.022660475224256516,
        0.020270518958568573,
        0.014528141357004642,
        0.009870413690805435,
        0.009221217595040798,
        0.010036906227469444,
        0.009640414267778397,
        0.009160724468529224,
        0.009401599876582623,
        0.009372562170028687,
        0.009063323959708214,
        0.009162950329482555,
        0.00951947271823883,
        0.009323577396571636,
        0.009209243580698967,
        0.009165051393210888,
        0.009162146598100662,
        0.009476996026933193,
        0.009301932528614998,
        0.009142521768808365,
        0.009010402485728264,
        0.008839922957122326,
        0.009241897612810135,
        0.008992102928459644,
        0.008623899891972542,
        0.008968234062194824,
        0.009112967178225517,
        0.009438930079340935,
        0.009156466461718082,
        0.009089238941669464,
        0.009040817618370056,
        0.008975514210760593,
        0.00898608285933733,
        0.009338739328086376,
        0.008929701521992683,
        0.008892400190234184,
        0.008904517628252506,
        0.008798894472420216,
        0.009478269144892693,
        0.00946900900453329,
        0.00988475140184164,
        0.010062774643301964,
        0.010243374854326248,
        0.010493244975805283,
        0.010694624856114388,
        0.011272204108536243,
        0.011594601906836033,
        0.011994877830147743,
        0.011964310891926289,
        0.011985547840595245,
        0.01217904407531023,
        0.011705153621733189,
        0.011904011480510235,
        0.0116196870803833,
        0.011836732737720013,
        0.011350171640515327,
        0.011382472701370716,
        0.011041834019124508,
        0.010872016660869122,
        0.010782759636640549,
        0.010865805670619011,
        0.010803773999214172,
        0.010770730674266815,
        0.010838733054697514,
        0.010843687690794468,
        0.01103926356881857,
        0.011712255887687206,
        0.011826210655272007,
        0.012066530995070934,
        0.012024634517729282,
        0.011912968941032887,
        0.01169007271528244,
        0.011381830088794231,
        0.01123893354088068,
        0.011076955124735832,
        0.010952253825962543,
        0.010910993441939354,
        0.010930652730166912,
        0.010811605490744114,
        0.010722092352807522,
        0.010684766806662083,
        0.010610898025333881,
        0.010657580569386482,
        0.010580459609627724,
        0.010571911931037903,
        0.010537153109908104,
        0.010430832393467426,
        0.010445695370435715,
        0.010460817255079746,
        0.010457674972712994,
        0.010455736890435219,
        0.010544621385633945,
        0.010507314465939999,
        0.010518721304833889,
        0.010713200084865093,
        0.010857435874640942,
        0.010849623009562492,
        0.010779942385852337,
        0.010538489557802677,
        0.010367492213845253
    ]
}