{
    "epoch": [
        0,
        1,
        2,
        3,
        4,
        5,
        6,
        7,
        8,
        9,
        10,
        11,
        12,
        13,
        14,
        15,
        16,
        17,
        18,
        19,
        20,
        21,
        22,
        23,
        24,
        25,
        26,
        27,
        28,
        29,
        30,
        31,
        32,
        33,
        34,
        35,
        36,
        37,
        38,
        39,
        40,
        41,
        42,
        43,
        44,
        45,
        46,
        47,
        48,
        49,
        50,
        51,
        52,
        53,
        54,
        55,
        56,
        57,
        58,
        59,
        60,
        61,
        62,
        63,
        64,
        65,
        66,
        67,
        68,
        69,
        70,
        71,
        72,
        73,
        74,
        75,
        76,
        77,
        78,
        79,
        80,
        81,
        82,
        83,
        84,
        85,
        86,
        87,
        88,
        89,
        90,
        91,
        92,
        93,
        94,
        95,
        96,
        97,
        98,
        99
    ],
    "train_loss": [
        0.03742226958274841,
        0.01918761618435383,
        0.010081736370921135,
        0.011359267868101597,
        0.00921683944761753,
        0.010838519781827927,
        0.01176505722105503,
        0.009905166923999786,
        0.008852324448525906,
        0.00838488806039095,
        0.008031999692320824,
        0.007785704452544451,
        0.007798975333571434,
        0.008120851591229439,
        0.008028863929212093,
        0.007928237318992615,
        0.007446592207998037,
        0.007850601337850094,
        0.00808231346309185,
        0.008157055824995041,
        0.007936117239296436,
        0.007868980057537556,
        0.007769250310957432,
        0.007437797263264656,
        0.007318560965359211,
        0.007038429379463196,
        0.00742134265601635,
        0.007459084503352642,
        0.00769512914121151,
        0.00773978978395462,
        0.007202045526355505,
        0.006299326661974192,
        0.006367012392729521,
        0.006171177141368389,
        0.0062303184531629086,
        0.006406665779650211,
        0.006523775868117809,
        0.0061297607608139515,
        0.0057556843385100365,
        0.005483041983097792,
        0.005689455661922693,
        0.006169835105538368,
        0.00623344536870718,
        0.006217976566404104,
        0.0059501975774765015,
        0.005796334706246853,
        0.005855917930603027,
        0.0060154446400702,
        0.006226471625268459,
        0.006218360271304846,
        0.00621647946536541,
        0.005931035615503788,
        0.005781480111181736,
        0.005630599334836006,
        0.005844880826771259,
        0.006137591786682606,
        0.006056522950530052,
        0.005857150070369244,
        0.005839954596012831,
        0.005708812735974789,
        0.005656120833009481,
        0.005853913724422455,
        0.005770995747298002,
        0.005676166620105505,
        0.005639029201120138,
        0.005595693364739418,
        0.0055575305595994,
        0.005657427478581667,
        0.00576076889410615,
        0.00570639269426465,
        0.005662618204951286,
        0.005622777622193098,
        0.0057524871081113815,
        0.0057040066458284855,
        0.005587554071098566,
        0.005601163487881422,
        0.005679907277226448,
        0.005890598054975271,
        0.005874363239854574,
        0.005840787198394537,
        0.005717463791370392,
        0.005630237516015768,
        0.00570694962516427,
        0.005762087646871805,
        0.005754521582275629,
        0.005736291874200106,
        0.005743309389799833,
        0.005760361440479755,
        0.005791554227471352,
        0.005811297334730625,
        0.005805668421089649,
        0.005710061639547348,
        0.005636769812554121,
        0.005606001242995262,
        0.005627860780805349,
        0.005627811886370182,
        0.0055919671431183815,
        0.005583892110735178,
        0.005595710128545761,
        0.005627383477985859
    ]
}