{
    "epoch": [
        0,
        1,
        2,
        3,
        4,
        5,
        6,
        7,
        8,
        9,
        10,
        11,
        12,
        13,
        14,
        15,
        16,
        17,
        18,
        19,
        20,
        21,
        22,
        23,
        24,
        25,
        26,
        27,
        28,
        29,
        30,
        31,
        32,
        33,
        34,
        35,
        36,
        37,
        38,
        39,
        40,
        41,
        42,
        43,
        44,
        45,
        46,
        47,
        48,
        49,
        50,
        51,
        52,
        53,
        54,
        55,
        56,
        57,
        58,
        59,
        60,
        61,
        62,
        63,
        64,
        65,
        66,
        67,
        68,
        69,
        70,
        71,
        72,
        73,
        74,
        75,
        76,
        77,
        78,
        79,
        80,
        81,
        82,
        83,
        84,
        85,
        86,
        87,
        88,
        89,
        90,
        91,
        92,
        93,
        94,
        95,
        96,
        97,
        98,
        99
    ],
    "train_loss": [
        0.025198884308338165,
        0.01730906032025814,
        0.015804104506969452,
        0.01616070233285427,
        0.013790838420391083,
        0.013874832540750504,
        0.013627310283482075,
        0.013657473027706146,
        0.013152812607586384,
        0.012682749889791012,
        0.012521267868578434,
        0.01222514733672142,
        0.012110174633562565,
        0.011880333535373211,
        0.011486375704407692,
        0.01144605316221714,
        0.011289977468550205,
        0.011196069419384003,
        0.011188752017915249,
        0.01102692075073719,
        0.011019593104720116,
        0.010965419933199883,
        0.01094749104231596,
        0.010942453518509865,
        0.01093071885406971,
        0.010873045772314072,
        0.010855358093976974,
        0.010843361727893353,
        0.010768451727926731,
        0.010703133419156075,
        0.010676879435777664,
        0.010689105838537216,
        0.010696104727685452,
        0.010682576335966587,
        0.010635669343173504,
        0.010598315857350826,
        0.010567131452262402,
        0.010544566437602043,
        0.010522346943616867,
        0.010498669929802418,
        0.01048147864639759,
        0.010472585447132587,
        0.010441133752465248,
        0.01039802748709917,
        0.010377311147749424,
        0.010359277948737144,
        0.010366416536271572,
        0.010373898781836033,
        0.010376336053013802,
        0.010381174273788929,
        0.010345986112952232,
        0.010314702987670898,
        0.010288584046065807,
        0.010272313840687275,
        0.010263420641422272,
        0.010266774334013462,
        0.010257693007588387,
        0.010137525387108326,
        0.010042802430689335,
        0.009978112764656544,
        0.009790925309062004,
        0.009602566249668598,
        0.00965256430208683,
        0.009693468920886517,
        0.00967883039265871,
        0.009574873372912407,
        0.009522655978798866,
        0.009482457302510738,
        0.009474369697272778,
        0.009478138759732246,
        0.009435349144041538,
        0.009406445547938347,
        0.009286553598940372,
        0.009182251989841461,
        0.009209801442921162,
        0.009315893985331059,
        0.009865573607385159,
        0.009967614896595478,
        0.010094148106873035,
        0.010261112824082375,
        0.010598049499094486,
        0.010785210877656937,
        0.010557932779192924,
        0.010145332664251328,
        0.009888766333460808,
        0.009591847658157349,
        0.009374655783176422,
        0.009351463988423347,
        0.009359761141240597,
        0.00910884514451027,
        0.008943560533225536,
        0.00871574878692627,
        0.008561224676668644,
        0.008688034489750862,
        0.008842813782393932,
        0.00903634075075388,
        0.009482820518314838,
        0.00957654882222414,
        0.010231589898467064,
        0.01115382555872202
    ]
}