{
    "epoch": [
        0,
        1,
        2,
        3,
        4,
        5,
        6,
        7,
        8,
        9,
        10,
        11,
        12,
        13,
        14,
        15,
        16,
        17,
        18,
        19,
        20,
        21,
        22,
        23,
        24,
        25,
        26,
        27,
        28,
        29,
        30,
        31,
        32,
        33,
        34,
        35,
        36,
        37,
        38,
        39,
        40,
        41,
        42,
        43,
        44,
        45,
        46,
        47,
        48,
        49,
        50,
        51,
        52,
        53,
        54,
        55,
        56,
        57,
        58,
        59,
        60,
        61,
        62,
        63,
        64,
        65,
        66,
        67,
        68,
        69,
        70,
        71,
        72,
        73,
        74,
        75,
        76,
        77,
        78,
        79,
        80,
        81,
        82,
        83,
        84,
        85,
        86,
        87,
        88,
        89,
        90,
        91,
        92,
        93,
        94,
        95,
        96,
        97,
        98,
        99
    ],
    "train_loss": [
        0.023349042981863022,
        0.0120317367836833,
        0.008293292485177517,
        0.003839793847873807,
        0.0038959479425102472,
        0.004421737045049667,
        0.003653248306363821,
        0.003999642096459866,
        0.003483834210783243,
        0.0033823587000370026,
        0.003519144607707858,
        0.0028894285205751657,
        0.0031076022423803806,
        0.003255669493228197,
        0.003216230310499668,
        0.003424028167501092,
        0.0031905630603432655,
        0.0033514006063342094,
        0.0031414669938385487,
        0.003020582953467965,
        0.0031379947904497385,
        0.0031265306752175093,
        0.003230314701795578,
        0.002978776814416051,
        0.003070451784878969,
        0.00290242163464427,
        0.0030929790809750557,
        0.0030032219365239143,
        0.002973031485453248,
        0.0028495199512690306,
        0.0029500334057956934,
        0.002945742104202509,
        0.0029943324625492096,
        0.0029353222344070673,
        0.002885261317715049,
        0.0028673065826296806,
        0.0030465477611869574,
        0.0031502433121204376,
        0.0030804856214672327,
        0.0030511904042214155,
        0.0032140547409653664,
        0.00301011698320508,
        0.00313510000705719,
        0.0031890186946839094,
        0.0032371508423238993,
        0.0030221319757401943,
        0.002902398584410548,
        0.002843324327841401,
        0.0028826934285461903,
        0.0028369755018502474,
        0.002908108988776803,
        0.003055097069591284,
        0.0030901196878403425,
        0.0031427862122654915,
        0.0031116376630961895,
        0.0030157780274748802,
        0.0030187766533344984,
        0.002977481810376048,
        0.002968357177451253,
        0.0029699262231588364,
        0.002965696854516864,
        0.002957527060061693,
        0.0029615454841405153,
        0.00300323567353189,
        0.003032154869288206,
        0.0030201137997210026,
        0.00301325973123312,
        0.0030196986626833677,
        0.0030336466152220964,
        0.003035165136680007,
        0.0030289855785667896,
        0.0030232658609747887,
        0.003025016048923135,
        0.002888368209823966,
        0.002884241519495845,
        0.00307873054407537,
        0.0035698784049600363,
        0.0040378994308412075,
        0.0041405376978218555,
        0.004305507987737656,
        0.004149217624217272,
        0.00399641552940011,
        0.0037297080270946026,
        0.0035816719755530357,
        0.003655198495835066,
        0.0036262664943933487,
        0.0036323177628219128,
        0.003699152497574687,
        0.0037873350083827972,
        0.0039346045814454556,
        0.0042974017560482025,
        0.004501485265791416,
        0.004777564667165279,
        0.004902496933937073,
        0.004968632943928242,
        0.005096476525068283,
        0.0051825460977852345,
        0.005292327143251896,
        0.005458196625113487,
        0.005520506761968136
    ]
}