{
    "epoch": [
        0,
        1,
        2,
        3,
        4,
        5,
        6,
        7,
        8,
        9,
        10,
        11,
        12,
        13,
        14,
        15,
        16,
        17,
        18,
        19,
        20,
        21,
        22,
        23,
        24,
        25,
        26,
        27,
        28,
        29,
        30,
        31,
        32,
        33,
        34,
        35,
        36,
        37,
        38,
        39,
        40,
        41,
        42,
        43,
        44,
        45,
        46,
        47,
        48,
        49,
        50,
        51,
        52,
        53,
        54,
        55,
        56,
        57,
        58,
        59,
        60,
        61,
        62,
        63,
        64,
        65,
        66,
        67,
        68,
        69,
        70,
        71,
        72,
        73,
        74,
        75,
        76,
        77,
        78,
        79,
        80,
        81,
        82,
        83,
        84,
        85,
        86,
        87,
        88,
        89,
        90,
        91,
        92,
        93,
        94,
        95,
        96,
        97,
        98,
        99
    ],
    "train_loss": [
        0.027683936059474945,
        0.016029445454478264,
        0.015408982522785664,
        0.014916558749973774,
        0.015251747332513332,
        0.015327139757573605,
        0.014860243536531925,
        0.014523976482450962,
        0.014218119904398918,
        0.013581342063844204,
        0.016184208914637566,
        0.01301597710698843,
        0.012945135124027729,
        0.008523354306817055,
        0.009082486853003502,
        0.00864372681826353,
        0.007578311488032341,
        0.007600843440741301,
        0.007375676184892654,
        0.006971582304686308,
        0.006835245992988348,
        0.006524861324578524,
        0.006663013715296984,
        0.006599660497158766,
        0.006656263954937458,
        0.0064728581346571445,
        0.006483313627541065,
        0.006415588315576315,
        0.006421763449907303,
        0.006356292404234409,
        0.0063182879239320755,
        0.006262199021875858,
        0.006180714350193739,
        0.0060910433530807495,
        0.005963419564068317,
        0.005926493089646101,
        0.005774877034127712,
        0.00573329720646143,
        0.005712108686566353,
        0.00573341641575098,
        0.005746273789554834,
        0.005719459615647793,
        0.005658777430653572,
        0.005675146356225014,
        0.005759158171713352,
        0.005909542087465525,
        0.005833781789988279,
        0.0058519854210317135,
        0.005900403950363398,
        0.005923160817474127,
        0.00590908108279109,
        0.0058773234486579895,
        0.005860541947185993,
        0.005820632912218571,
        0.005743412300944328,
        0.0057363263331353664,
        0.00570458360016346,
        0.005704542621970177,
        0.00571260554715991,
        0.005713385995477438,
        0.005706894211471081,
        0.0057015386410057545,
        0.0056992182508111,
        0.005691169295459986,
        0.005689121782779694,
        0.0056753624230623245,
        0.005653818137943745,
        0.00564241036772728,
        0.005646600853651762,
        0.005650350823998451,
        0.005658112466335297,
        0.00565672479569912,
        0.005653338506817818,
        0.005649571772664785,
        0.00564874242991209,
        0.005640068557113409,
        0.005629904568195343,
        0.0056215315125882626,
        0.005604681093245745,
        0.005598236341029406,
        0.005580265540629625,
        0.005587905645370483,
        0.005592976696789265,
        0.005606791935861111,
        0.005624079145491123,
        0.0056306044571101665,
        0.005639407318085432,
        0.005639874842017889,
        0.005634524393826723,
        0.00562433572486043,
        0.005625594407320023,
        0.005628851242363453,
        0.005616011563688517,
        0.00562064116820693,
        0.0056349062360823154,
        0.005661915987730026,
        0.00567980669438839,
        0.005706274416297674,
        0.005704530514776707,
        0.005684805102646351
    ]
}