{
    "epoch": [
        0,
        1,
        2,
        3,
        4,
        5,
        6,
        7,
        8,
        9,
        10,
        11,
        12,
        13,
        14,
        15,
        16,
        17,
        18,
        19,
        20,
        21,
        22,
        23,
        24,
        25,
        26,
        27,
        28,
        29,
        30,
        31,
        32,
        33,
        34,
        35,
        36,
        37,
        38,
        39,
        40,
        41,
        42,
        43,
        44,
        45,
        46,
        47,
        48,
        49,
        50,
        51,
        52,
        53,
        54,
        55,
        56,
        57,
        58,
        59,
        60,
        61,
        62,
        63,
        64,
        65,
        66,
        67,
        68,
        69,
        70,
        71,
        72,
        73,
        74,
        75,
        76,
        77,
        78,
        79,
        80,
        81,
        82,
        83,
        84,
        85,
        86,
        87,
        88,
        89,
        90,
        91,
        92,
        93,
        94,
        95,
        96,
        97,
        98,
        99
    ],
    "train_loss": [
        0.21121761202812195,
        0.08944892138242722,
        0.05050048604607582,
        0.03802773728966713,
        0.03141467645764351,
        0.03503365442156792,
        0.03050808049738407,
        0.021614646539092064,
        0.019097749143838882,
        0.017420293763279915,
        0.013232365250587463,
        0.01205089408904314,
        0.013859657570719719,
        0.00974881462752819,
        0.013027471490204334,
        0.016568243503570557,
        0.012363569810986519,
        0.011254106648266315,
        0.011552686803042889,
        0.010349481366574764,
        0.009831063449382782,
        0.00942002609372139,
        0.009259897284209728,
        0.00908065028488636,
        0.007687737233936787,
        0.0075556617230176926,
        0.007938550785183907,
        0.0075997235253453255,
        0.007569288369268179,
        0.007088626269251108,
        0.006797368638217449,
        0.0067781684920191765,
        0.006450128275901079,
        0.006244760472327471,
        0.006223195698112249,
        0.006347856484353542,
        0.006375991273671389,
        0.0063362130895257,
        0.0065123047679662704,
        0.006574142724275589,
        0.006670704111456871,
        0.006931421346962452,
        0.007110139820724726,
        0.007667264901101589,
        0.007672000676393509,
        0.00805506482720375,
        0.008053846657276154,
        0.0074622477404773235,
        0.007331871893256903,
        0.007774685509502888,
        0.007719867397099733,
        0.007965750060975552,
        0.008037498220801353,
        0.00807560607790947,
        0.008139963261783123,
        0.008104030974209309,
        0.008030325174331665,
        0.007933011278510094,
        0.007915542460978031,
        0.008069817908108234,
        0.008074503391981125,
        0.008284543640911579,
        0.008182479068636894,
        0.008098477497696877,
        0.007922780700027943,
        0.00777985667809844,
        0.007667036727070808,
        0.007804100401699543,
        0.007809004746377468,
        0.0077857403084635735,
        0.007871937938034534,
        0.007829630747437477,
        0.00783784780651331,
        0.007813332602381706,
        0.007800648920238018,
        0.007616026327013969,
        0.007527826353907585,
        0.007550368085503578,
        0.007569024804979563,
        0.007557818666100502,
        0.007518645841628313,
        0.007434520870447159,
        0.007369933649897575,
        0.007360456045717001,
        0.007404789328575134,
        0.007322513032704592,
        0.007248188368976116,
        0.0071810767985880375,
        0.007139042019844055,
        0.00703930901363492,
        0.006840156856924295,
        0.00679738400503993,
        0.006756276357918978,
        0.006636409554630518,
        0.0065774391405284405,
        0.006479965522885323,
        0.0064574661664664745,
        0.006416636984795332,
        0.006369651295244694,
        0.006373351905494928
    ]
}