{
    "epoch": [
        0,
        1,
        2,
        3,
        4,
        5,
        6,
        7,
        8,
        9,
        10,
        11,
        12,
        13,
        14,
        15,
        16,
        17,
        18,
        19,
        20,
        21,
        22,
        23,
        24,
        25,
        26,
        27,
        28,
        29,
        30,
        31,
        32,
        33,
        34,
        35,
        36,
        37,
        38,
        39,
        40,
        41,
        42,
        43,
        44,
        45,
        46,
        47,
        48,
        49,
        50,
        51,
        52,
        53,
        54,
        55,
        56,
        57,
        58,
        59,
        60,
        61,
        62,
        63,
        64,
        65,
        66,
        67,
        68,
        69,
        70,
        71,
        72,
        73,
        74,
        75,
        76,
        77,
        78,
        79,
        80,
        81,
        82,
        83,
        84,
        85,
        86,
        87,
        88,
        89,
        90,
        91,
        92,
        93,
        94,
        95,
        96,
        97,
        98,
        99
    ],
    "train_loss": [
        0.08119797706604004,
        0.04240049049258232,
        0.02827051468193531,
        0.021377254277467728,
        0.020758111029863358,
        0.016968511044979095,
        0.015408252365887165,
        0.010448232293128967,
        0.011425335891544819,
        0.00986988004297018,
        0.009396524168550968,
        0.008410882204771042,
        0.011132107116281986,
        0.012314105406403542,
        0.012393118813633919,
        0.010314700193703175,
        0.010623255744576454,
        0.009416175074875355,
        0.008834402076900005,
        0.00830021034926176,
        0.008226457051932812,
        0.007977498695254326,
        0.007807259913533926,
        0.007583955768495798,
        0.007199879270046949,
        0.006589893251657486,
        0.006081887986510992,
        0.005388172809034586,
        0.005234194919466972,
        0.005122486501932144,
        0.005047732964158058,
        0.004983646795153618,
        0.00513337692245841,
        0.00509059289470315,
        0.0050085908733308315,
        0.004954365082085133,
        0.0050994702614843845,
        0.004957268014550209,
        0.004898835439234972,
        0.004861473571509123,
        0.004843560047447681,
        0.004822136368602514,
        0.00493081659078598,
        0.0048208157531917095,
        0.004877392202615738,
        0.004828040953725576,
        0.004858269356191158,
        0.004991654306650162,
        0.00501851225271821,
        0.005149670410901308,
        0.005283639766275883,
        0.0053154099732637405,
        0.005264276172965765,
        0.005193675402551889,
        0.005226518027484417,
        0.005237775854766369,
        0.005167584866285324,
        0.005207763984799385,
        0.005185300949960947,
        0.005168368574231863,
        0.005170696880668402,
        0.0051474482752382755,
        0.005170098971575499,
        0.00516608776524663,
        0.005210142116993666,
        0.005255328491330147,
        0.005253238137811422,
        0.005230315495282412,
        0.0052351211197674274,
        0.005232455674558878,
        0.005232754163444042,
        0.005226572044193745,
        0.005271240137517452,
        0.00525809358805418,
        0.0052521307952702045,
        0.0052294074557721615,
        0.005237710662186146,
        0.005290296860039234,
        0.005277533084154129,
        0.005277829710394144,
        0.005266815889626741,
        0.005261191166937351,
        0.005259930621832609,
        0.0052862465381622314,
        0.005345473997294903,
        0.005424213595688343,
        0.005507228896021843,
        0.005627448670566082,
        0.0059210131876170635,
        0.005938895512372255,
        0.006120481062680483,
        0.006211535073816776,
        0.006174663081765175,
        0.006239634472876787,
        0.0063087353482842445,
        0.006255912594497204,
        0.006314782425761223,
        0.006269008386880159,
        0.006290271412581205,
        0.006286656018346548
    ]
}