{
    "timestamp": "20250114_135733",
    "method": "mlp",
    "configuration": {
        "m": 1.0,
        "c": 0.1,
        "k": 5.0,
        "force_type": "sine",
        "amplitude": 1.0,
        "freq": 1.0,
        "random_seed": 42,
        "x0": 0.0,
        "v0": 0.0,
        "t_max": 10.0,
        "dt": 0.02,
        "noise_std": 0.05
    },
    "true_parameters": [
        1.0,
        0.1,
        5.0
    ],
    "estimated_parameters": [
        0.06028877403944326,
        0.0,
        0.0
    ],
    "parameter_errors": [
        93.97112259605568,
        100.0,
        100.0
    ],
    "force_rmse": 0.07298592097479312,
    "optimization_info": {
        "success": true,
        "message": "MLP training and SINDy parameter estimation completed",
        "hyperparameters": {
            "hidden_sizes": [
                512,
                1024,
                512,
                256
            ],
            "batch_size": 64,
            "learning_rate": 0.002,
            "weight_decay": 0.05,
            "dropout": 0.3
        },
        "mlp_training": {
            "best_val_loss": 1.8744211196899414,
            "train_losses": [
                9.209176731109618,
                8.106771659851074,
                5.3466737270355225,
                4.334827327728272,
                5.366338729858398,
                4.050910425186157,
                3.7469402313232423,
                2.7651453018188477,
                2.861338996887207,
                2.846288824081421,
                3.361471176147461,
                2.7677896499633787,
                2.7815244674682615,
                3.56302924156189,
                3.1064648151397707,
                3.158236789703369,
                2.9440568923950194,
                2.7826521396636963,
                3.269391965866089,
                3.037788677215576,
                2.940679740905762,
                2.9075369358062746,
                3.076386880874634,
                3.030499267578125,
                2.7077115058898924,
                2.7884770393371583,
                3.008350944519043,
                3.2704274654388428,
                3.154162120819092,
                2.9618598937988283,
                2.7677407264709473,
                2.332701301574707,
                2.4804314613342284,
                3.6300545215606688,
                2.3530526638031004,
                2.4570658206939697,
                2.7927057266235353,
                2.44490327835083,
                2.879574346542358,
                3.168354892730713,
                2.8938840866088866,
                2.4336383819580076,
                2.5938975334167482,
                2.4747376441955566,
                2.304413175582886,
                2.7759742736816406,
                2.9458158731460573,
                2.441124200820923,
                2.619462990760803,
                2.492287588119507,
                2.4790608644485475,
                3.5324996948242187,
                2.563471031188965,
                2.5980592250823973,
                2.282604217529297,
                2.171880674362183,
                2.3446051120758056,
                2.6317028522491457,
                2.3033199310302734,
                2.4249316692352294,
                2.2300491094589234,
                2.418284845352173,
                2.1274677753448485,
                1.8918671131134033,
                1.8547813177108765,
                2.06014506816864,
                2.354904842376709,
                1.9523922443389892,
                1.9416192531585694,
                1.7936458587646484,
                1.9232181072235108,
                2.0009897232055662,
                1.831019139289856,
                1.9048309326171875,
                2.0188994646072387,
                2.1447909355163572,
                2.1986154079437257,
                2.0357211589813233,
                2.086251735687256,
                1.8897130012512207,
                1.8691457509994507,
                1.8279151916503906,
                1.7786431789398194,
                1.8443342924118042,
                2.142093801498413,
                1.8232300519943236,
                1.9120113134384156,
                1.7642079830169677,
                1.7821282386779784,
                1.9318660020828247,
                1.843510913848877,
                1.8237591505050659,
                1.758690357208252,
                1.7866894006729126,
                1.7514991283416748,
                1.8901865005493164,
                1.815868353843689,
                1.9543012142181397,
                1.6403408527374268,
                1.9739372253417968,
                1.9711077451705932,
                1.8100444316864013,
                1.748245358467102,
                1.7744060277938842,
                1.7289386987686157,
                1.784499430656433,
                1.792175555229187,
                1.826441717147827,
                1.866926097869873,
                1.9036579370498656,
                1.6962753295898438,
                1.8794890880584716,
                1.7902248620986938,
                1.723392415046692,
                1.8249390125274658,
                1.8926023244857788,
                1.9000320196151734,
                2.1166587591171266,
                1.7111218929290772,
                1.6984881162643433,
                1.9697940826416016,
                1.941134786605835,
                1.7188084125518799,
                1.78304603099823,
                1.740549874305725,
                1.64850971698761,
                1.877173089981079,
                2.1647747278213503,
                2.534465456008911,
                1.9059130907058717,
                1.870200514793396,
                1.885954236984253,
                1.734711503982544,
                2.133975791931152,
                1.8144179344177247,
                1.9984731197357177,
                1.7709645986557008,
                2.0460800170898437,
                1.6946324110031128,
                1.9729241847991943,
                1.7421348571777344,
                1.7226053476333618,
                1.8764151334762573,
                1.7142378568649292,
                1.74417085647583,
                1.6371210098266602,
                1.74213707447052,
                2.0171963930130006,
                1.7781493186950683,
                1.685495948791504,
                1.8094583034515381,
                1.840669536590576,
                2.171752691268921,
                1.9310376644134521,
                2.2045079946517943,
                1.903786563873291,
                1.91340913772583,
                2.1320270538330077,
                2.220699691772461,
                1.9996351957321168,
                1.8685565710067749,
                1.8687892436981202,
                1.803303599357605,
                1.7545482635498046,
                1.939463496208191,
                1.9539027452468871,
                1.7277032136917114,
                1.8304828763008119
            ],