{
    "epoch": [
        0,
        1,
        2,
        3,
        4,
        5,
        6,
        7,
        8,
        9,
        10,
        11,
        12,
        13,
        14,
        15,
        16,
        17,
        18,
        19,
        20,
        21,
        22,
        23,
        24,
        25,
        26,
        27,
        28,
        29,
        30,
        31,
        32,
        33,
        34,
        35,
        36,
        37,
        38,
        39,
        40,
        41,
        42,
        43,
        44,
        45,
        46,
        47,
        48,
        49,
        50,
        51,
        52,
        53,
        54,
        55,
        56,
        57,
        58,
        59,
        60,
        61,
        62,
        63,
        64,
        65,
        66,
        67,
        68,
        69,
        70,
        71,
        72,
        73,
        74,
        75,
        76,
        77,
        78,
        79,
        80,
        81,
        82,
        83,
        84,
        85,
        86,
        87,
        88,
        89,
        90,
        91,
        92,
        93,
        94,
        95,
        96,
        97,
        98,
        99
    ],
    "train_loss": [
        0.11370261758565903,
        0.05674609914422035,
        0.037427183240652084,
        0.034354180097579956,
        0.026497745886445045,
        0.019373789429664612,
        0.01488623209297657,
        0.01724243350327015,
        0.014599495567381382,
        0.013714550994336605,
        0.012175685726106167,
        0.012508360669016838,
        0.011773223988711834,
        0.011086980812251568,
        0.01006870623677969,
        0.008693411014974117,
        0.008402490988373756,
        0.008792709559202194,
        0.008796365931630135,
        0.008549916557967663,
        0.008678341284394264,
        0.009121013805270195,
        0.009288414381444454,
        0.009138017892837524,
        0.008854453451931477,
        0.00828761886805296,
        0.008099452592432499,
        0.006993550341576338,
        0.006784724537283182,
        0.006294209510087967,
        0.0061708418652415276,
        0.006332604214549065,
        0.006382869556546211,
        0.00623274827376008,
        0.006259474903345108,
        0.006409095134586096,
        0.006491051521152258,
        0.0064801364205777645,
        0.00648115947842598,
        0.006552528124302626,
        0.0065499176271259785,
        0.006572135724127293,
        0.006527417339384556,
        0.0065209041349589825,
        0.006513725966215134,
        0.006573924794793129,
        0.006705716717988253,
        0.006492271553725004,
        0.0069878618232905865,
        0.006994044873863459,
        0.007646591868251562,
        0.007775591220706701,
        0.008368123322725296,
        0.008950479328632355,
        0.008967490866780281,
        0.009211743250489235,
        0.00916344951838255,
        0.008940390311181545,
        0.008798251859843731,
        0.008858510293066502,
        0.00874287448823452,
        0.00848644133657217,
        0.008520389907062054,
        0.008486815728247166,
        0.008334338665008545,
        0.008336243219673634,
        0.008370380848646164,
        0.008301310241222382,
        0.008151398040354252,
        0.008112480863928795,
        0.008010855875909328,
        0.007948224432766438,
        0.007886708714067936,
        0.007848766632378101,
        0.007753234356641769,
        0.007656083442270756,
        0.007583243306726217,
        0.007543331477791071,
        0.007332936394959688,
        0.007480504456907511,
        0.007389872334897518,
        0.007314922753721476,
        0.007286572363227606,
        0.007170168682932854,
        0.00715444702655077,
        0.007077849470078945,
        0.0070586795918643475,
        0.007043981924653053,
        0.007017465308308601,
        0.0069907549768686295,
        0.0070545868948102,
        0.0069489809684455395,
        0.006922584492713213,
        0.006934281438589096,
        0.006893906742334366,
        0.0068641602993011475,
        0.00688669178634882,
        0.00689023407176137,
        0.006946715526282787,
        0.0070054191164672375
    ]
}