{
    "timestamp": "20250113_205011",
    "method": "pinn",
    "configuration": {
        "m": 1.0,
        "c": 0.1,
        "k": 5.0,
        "force_type": "sine",
        "amplitude": 1.0,
        "freq": 1.0,
        "random_seed": 42,
        "x0": 0.0,
        "v0": 0.0,
        "t_max": 10.0,
        "dt": 0.02,
        "noise_std": 0.05
    },
    "true_parameters": [
        1.0,
        0.1,
        5.0
    ],
    "estimated_parameters": [
        1.0088249444961548,
        0.09691859781742096,
        4.998383045196533
    ],
    "parameter_errors": [
        0.8824944496154785,
        3.081402182579046,
        0.03233909606933594
    ],
    "force_rmse": 0.0007136123855132336
}