{
    "timestamp": "20250509_121510",
    "config": {
        "m": 1.0,
        "c": 0.1,
        "k": 5.0,
        "force_type": "none",
        "amplitude": 1.0,
        "freq": 1.0,
        "random_seed": 42,
        "x0": 1.0,
        "v0": 0.0,
        "t_max": 10.0,
        "dt": 0.02,
        "noise_std": 0.05
    },
    "true_parameters": [
        1.0,
        0.1,
        5.0
    ],
    "estimated_parameters": [
        0.969538490826931,
        0.35747617941394483,
        1.6888631506692433
    ],
    "parameter_errors": [
        3.0461509173069,
        257.47617941394486,
        66.22273698661513
    ],
    "force_rmse": 1.5496067736185068,
    "confidence_score": 0.9,
    "estimation_status": "high_confidence",
    "symbolic_formula": "([0.0313976875203965*x_1 + 0.0319325874387972*x_2 + 0.956022892642232*x_3 - 0.0820063829620334], [x_1, x_2, x_3])"
}