{
    "epoch": [
        0,
        1,
        2,
        3,
        4,
        5,
        6,
        7,
        8,
        9,
        10,
        11,
        12,
        13,
        14,
        15,
        16,
        17,
        18,
        19,
        20,
        21,
        22,
        23,
        24,
        25,
        26,
        27,
        28,
        29,
        30,
        31,
        32,
        33,
        34,
        35,
        36,
        37,
        38,
        39,
        40,
        41,
        42,
        43,
        44,
        45,
        46,
        47,
        48,
        49,
        50,
        51,
        52,
        53,
        54,
        55,
        56,
        57,
        58,
        59,
        60,
        61,
        62,
        63,
        64,
        65,
        66,
        67,
        68,
        69,
        70,
        71,
        72,
        73,
        74,
        75,
        76,
        77,
        78,
        79,
        80,
        81,
        82,
        83,
        84,
        85,
        86,
        87,
        88,
        89,
        90,
        91,
        92,
        93,
        94,
        95,
        96,
        97,
        98,
        99
    ],
    "train_loss": [
        0.03990018740296364,
        0.019456174224615097,
        0.014262824319303036,
        0.014006959274411201,
        0.010156395845115185,
        0.009873727336525917,
        0.009682713076472282,
        0.008531088940799236,
        0.00836237519979477,
        0.008154579438269138,
        0.007850870490074158,
        0.009290464222431183,
        0.008613795042037964,
        0.010178184136748314,
        0.012813248671591282,
        0.01446125190705061,
        0.013164091855287552,
        0.015214845538139343,
        0.01607080176472664,
        0.01732311025261879,
        0.018704989925026894,
        0.018636703491210938,
        0.017467111349105835,
        0.017324203625321388,
        0.017064549028873444,
        0.017008302733302116,
        0.016917631030082703,
        0.01681312918663025,
        0.016653593629598618,
        0.016613705083727837,
        0.016593903303146362,
        0.016585221514105797,
        0.01651330664753914,
        0.016468333080410957,
        0.016500039026141167,
        0.01627272553741932,
        0.015998942777514458,
        0.01585279405117035,
        0.0158007200807333,
        0.015526270493865013,
        0.015366504900157452,
        0.015229721553623676,
        0.014796466566622257,
        0.014652268029749393,
        0.0143630625680089,
        0.014352196827530861,
        0.014325279742479324,
        0.014157519675791264,
        0.013775099068880081,
        0.013318943791091442,
        0.013360963203012943,
        0.013227799907326698,
        0.013061555102467537,
        0.012866691686213017,
        0.012748864479362965,
        0.012674381956458092,
        0.012577712535858154,
        0.012489392422139645,
        0.01238385122269392,
        0.012373290956020355,
        0.012398426420986652,
        0.012407482601702213,
        0.012311439029872417,
        0.01226282212883234,
        0.012255851179361343,
        0.012212161906063557,
        0.012190033681690693,
        0.012155917473137379,
        0.012126759625971317,
        0.012070746161043644,
        0.011927919462323189,
        0.011918562464416027,
        0.011912904679775238,
        0.011820935644209385,
        0.011632252484560013,
        0.01165634486824274,
        0.011631537228822708,
        0.011659148149192333,
        0.01164349727332592,
        0.011554851196706295,
        0.011511238291859627,
        0.011512244120240211,
        0.011498410254716873,
        0.011439496651291847,
        0.011412839405238628,
        0.011409536004066467,
        0.011416997760534286,
        0.011427459307014942,
        0.011428453959524632,
        0.011436238884925842,
        0.011435274966061115,
        0.011414083652198315,
        0.011382403783500195,
        0.011357326991856098,
        0.011336727999150753,
        0.011318515986204147,
        0.011299451813101768,
        0.011275110766291618,
        0.011256460100412369,
        0.011208346113562584
    ]
}