{
    "epoch": [
        0,
        1,
        2,
        3,
        4,
        5,
        6,
        7,
        8,
        9,
        10,
        11,
        12,
        13,
        14,
        15,
        16,
        17,
        18,
        19,
        20,
        21,
        22,
        23,
        24,
        25,
        26,
        27,
        28,
        29,
        30,
        31,
        32,
        33,
        34,
        35,
        36,
        37,
        38,
        39,
        40,
        41,
        42,
        43,
        44,
        45,
        46,
        47,
        48,
        49,
        50,
        51,
        52,
        53,
        54,
        55,
        56,
        57,
        58,
        59,
        60,
        61,
        62,
        63,
        64,
        65,
        66,
        67,
        68,
        69,
        70,
        71,
        72,
        73,
        74,
        75,
        76,
        77,
        78,
        79,
        80,
        81,
        82,
        83,
        84,
        85,
        86,
        87,
        88,
        89,
        90,
        91,
        92,
        93,
        94,
        95,
        96,
        97,
        98,
        99
    ],
    "train_loss": [
        0.348201185464859,
        0.15091420710086823,
        0.10244204103946686,
        0.08110089600086212,
        0.06571543216705322,
        0.10770846158266068,
        0.07310658693313599,
        0.06204889342188835,
        0.052493657916784286,
        0.04567540064454079,
        0.04843387380242348,
        0.0430036298930645,
        0.03641056641936302,
        0.03282373026013374,
        0.03113434463739395,
        0.03369922563433647,
        0.02748342603445053,
        0.02585572376847267,
        0.025929497554898262,
        0.025842946022748947,
        0.026245905086398125,
        0.021459003910422325,
        0.02155158855021,
        0.020334981381893158,
        0.020811624825000763,
        0.021028922870755196,
        0.018168363720178604,
        0.016827953979372978,
        0.017038069665431976,
        0.016984520480036736,
        0.017332952469587326,
        0.01666254922747612,
        0.017192374914884567,
        0.01645311899483204,
        0.016441063955426216,
        0.017089638859033585,
        0.01615009270608425,
        0.016837842762470245,
        0.015728486701846123,
        0.014176926575601101,
        0.013981522992253304,
        0.013409077189862728,
        0.014338933862745762,
        0.014266007579863071,
        0.014463100582361221,
        0.01406533271074295,
        0.012854307889938354,
        0.012698940001428127,
        0.012181874364614487,
        0.012583952397108078,
        0.012780499644577503,
        0.013464371673762798,
        0.013284464366734028,
        0.012993334792554379,
        0.013453801162540913,
        0.013083788566291332,
        0.013293474912643433,
        0.013466013595461845,
        0.013401791453361511,
        0.01271834783256054,
        0.012689000926911831,
        0.011743755079805851,
        0.011555733159184456,
        0.01128317415714264,
        0.01127853337675333,
        0.011392352171242237,
        0.011435329914093018,
        0.01172176469117403,
        0.011632302775979042,
        0.011697759851813316,
        0.011320500634610653,
        0.011585699394345284,
        0.011754246428608894,
        0.011767873540520668,
        0.011835106648504734,
        0.011839304119348526,
        0.011776543222367764,
        0.011422080919146538,
        0.010981352999806404,
        0.010909141041338444,
        0.010904930531978607,
        0.010788791812956333,
        0.01101954560726881,
        0.01109274011105299,
        0.011312587186694145,
        0.010985424742102623,
        0.011236440390348434,
        0.011179754510521889,
        0.01112157478928566,
        0.011058494448661804,
        0.010961867868900299,
        0.010752754285931587,
        0.011231627315282822,
        0.011470823548734188,
        0.011884825304150581,
        0.011468370445072651,
        0.011428036727011204,
        0.011480643413960934,
        0.01176457665860653,
        0.011717445217072964
    ]
}