{
    "epoch": [
        0,
        1,
        2,
        3,
        4,
        5,
        6,
        7,
        8,
        9,
        10,
        11,
        12,
        13,
        14,
        15,
        16,
        17,
        18,
        19,
        20,
        21,
        22,
        23,
        24,
        25,
        26,
        27,
        28,
        29,
        30,
        31,
        32,
        33,
        34,
        35,
        36,
        37,
        38,
        39,
        40,
        41,
        42,
        43,
        44,
        45,
        46,
        47,
        48,
        49,
        50,
        51,
        52,
        53,
        54,
        55,
        56,
        57,
        58,
        59,
        60,
        61,
        62,
        63,
        64,
        65,
        66,
        67,
        68,
        69,
        70,
        71,
        72,
        73,
        74,
        75,
        76,
        77,
        78,
        79,
        80,
        81,
        82,
        83,
        84,
        85,
        86,
        87,
        88,
        89,
        90,
        91,
        92,
        93,
        94,
        95,
        96,
        97,
        98,
        99
    ],
    "train_loss": [
        0.11321572214365005,
        0.048911772668361664,
        0.03158766031265259,
        0.023840874433517456,
        0.022759417071938515,
        0.03997194766998291,
        0.032159820199012756,
        0.03162461519241333,
        0.027295388281345367,
        0.02854776941239834,
        0.029480647295713425,
        0.025024250149726868,
        0.022365650162100792,
        0.020218010991811752,
        0.019283991307020187,
        0.02252979762852192,
        0.021732674911618233,
        0.019649138674139977,
        0.016992896795272827,
        0.01714421808719635,
        0.01911412551999092,
        0.017113402485847473,
        0.017126604914665222,
        0.017381947487592697,
        0.016402682289481163,
        0.01742149330675602,
        0.01792806200683117,
        0.017786690965294838,
        0.01817413419485092,
        0.018925735726952553,
        0.018826687708497047,
        0.018032705411314964,
        0.018480882048606873,
        0.01844627968966961,
        0.016972079873085022,
        0.019342558458447456,
        0.01795119419693947,
        0.016722915694117546,
        0.01590109057724476,
        0.015076206997036934,
        0.015622375532984734,
        0.013820270076394081,
        0.01260513998568058,
        0.011783251538872719,
        0.010943209752440453,
        0.01421788427978754,
        0.013316653668880463,
        0.012457301840186119,
        0.012509742751717567,
        0.012106750160455704,
        0.012238781899213791,
        0.01187698170542717,
        0.011470543220639229,
        0.011613864451646805,
        0.01147913746535778,
        0.011814666911959648,
        0.011649263091385365,
        0.011019940488040447,
        0.011105464771389961,
        0.010925842449069023,
        0.011103017255663872,
        0.011083945631980896,
        0.011083408258855343,
        0.011266879737377167,
        0.011298451572656631,
        0.011303137056529522,
        0.011477851308882236,
        0.011445068754255772,
        0.011450002901256084,
        0.011141235940158367,
        0.01107994094491005,
        0.010837911628186703,
        0.010872622020542622,
        0.010687003843486309,
        0.01087475847452879,
        0.010623564943671227,
        0.010648180730640888,
        0.01088432502001524,
        0.010867944918572903,
        0.011176828294992447,
        0.011761653237044811,
        0.013274363242089748,
        0.013262246735394001,
        0.012511925771832466,
        0.013027572073042393,
        0.012431913986802101,
        0.012736530974507332,
        0.011911681853234768,
        0.012389329262077808,
        0.012657846324145794,
        0.012987317517399788,
        0.013178125023841858,
        0.013421705923974514,
        0.011088590137660503,
        0.010950176045298576,
        0.011499330401420593,
        0.011784826405346394,
        0.011922311037778854,
        0.011722663417458534,
        0.011586270295083523
    ]
}