{
    "epoch": [
        0,
        1,
        2,
        3,
        4,
        5,
        6,
        7,
        8,
        9,
        10,
        11,
        12,
        13,
        14,
        15,
        16,
        17,
        18,
        19,
        20,
        21,
        22,
        23,
        24,
        25,
        26,
        27,
        28,
        29,
        30,
        31,
        32,
        33,
        34,
        35,
        36,
        37,
        38,
        39,
        40,
        41,
        42,
        43,
        44,
        45,
        46,
        47,
        48,
        49,
        50,
        51,
        52,
        53,
        54,
        55,
        56,
        57,
        58,
        59,
        60,
        61,
        62,
        63,
        64,
        65,
        66,
        67,
        68,
        69,
        70,
        71,
        72,
        73,
        74,
        75,
        76,
        77,
        78,
        79,
        80,
        81,
        82,
        83,
        84,
        85,
        86,
        87,
        88,
        89,
        90,
        91,
        92,
        93,
        94,
        95,
        96,
        97,
        98,
        99
    ],
    "train_loss": [
        0.5315125584602356,
        0.3526606559753418,
        0.2654339671134949,
        0.20166924595832825,
        0.16345873475074768,
        0.1665496528148651,
        0.11894790083169937,
        0.09077025949954987,
        0.07763081043958664,
        0.06870561093091965,
        0.07251976430416107,
        0.06095975637435913,
        0.053286999464035034,
        0.049275852739810944,
        0.04644986242055893,
        0.04810729995369911,
        0.043166544288396835,
        0.040126267820596695,
        0.0377318300306797,
        0.03785565495491028,
        0.04096214845776558,
        0.03863178566098213,
        0.038078125566244125,
        0.03562934324145317,
        0.03453226387500763,
        0.036915864795446396,
        0.03500472009181976,
        0.033459052443504333,
        0.03212043642997742,
        0.031075837090611458,
        0.0351431630551815,
        0.03270426392555237,
        0.03186708688735962,
        0.03202597051858902,
        0.03162464499473572,
        0.03724336624145508,
        0.0343758687376976,
        0.0325314886868,
        0.031465962529182434,
        0.03195897117257118,
        0.034708522260189056,
        0.03259719908237457,
        0.031785689294338226,
        0.03046526573598385,
        0.029306961223483086,
        0.02914993092417717,
        0.02793894335627556,
        0.026998937129974365,
        0.026533957570791245,
        0.026168787851929665,
        0.024991530925035477,
        0.02470584586262703,
        0.024746567010879517,
        0.024714656174182892,
        0.025074588134884834,
        0.02479732781648636,
        0.024368565529584885,
        0.02410218119621277,
        0.024240978062152863,
        0.024074483662843704,
        0.0241274181753397,
        0.024105899035930634,
        0.02404118701815605,
        0.02448790892958641,
        0.024209244176745415,
        0.0250750370323658,
        0.02527311071753502,
        0.025209277868270874,
        0.02494121715426445,
        0.02467961609363556,
        0.0244827251881361,
        0.024198153987526894,
        0.0240229070186615,
        0.02404083125293255,
        0.024047505110502243,
        0.024308277294039726,
        0.02370205521583557,
        0.023445578292012215,
        0.023151135072112083,
        0.022915784269571304,
        0.02278086729347706,
        0.022525686770677567,
        0.022199273109436035,
        0.022076813504099846,
        0.02187335304915905,
        0.021610697731375694,
        0.021409278735518456,
        0.021427977830171585,
        0.021357905119657516,
        0.02157532423734665,
        0.02153911255300045,
        0.02150597609579563,
        0.02142658829689026,
        0.02159317210316658,
        0.021843595430254936,
        0.021861182525753975,
        0.022103991359472275,
        0.02200770564377308,
        0.021931521594524384,
        0.022018229588866234
    ]
}