{
    "epoch": [
        0,
        1,
        2,
        3,
        4,
        5,
        6,
        7,
        8,
        9,
        10,
        11,
        12,
        13,
        14,
        15,
        16,
        17,
        18,
        19,
        20,
        21,
        22,
        23,
        24,
        25,
        26,
        27,
        28,
        29,
        30,
        31,
        32,
        33,
        34,
        35,
        36,
        37,
        38,
        39,
        40,
        41,
        42,
        43,
        44,
        45,
        46,
        47,
        48,
        49,
        50,
        51,
        52,
        53,
        54,
        55,
        56,
        57,
        58,
        59,
        60,
        61,
        62,
        63,
        64,
        65,
        66,
        67,
        68,
        69,
        70,
        71,
        72,
        73,
        74,
        75,
        76,
        77,
        78,
        79,
        80,
        81,
        82,
        83,
        84,
        85,
        86,
        87,
        88,
        89,
        90,
        91,
        92,
        93,
        94,
        95,
        96,
        97,
        98,
        99
    ],
    "train_loss": [
        0.632545530796051,
        0.4653792977333069,
        0.4018194377422333,
        0.3130456209182739,
        0.27670687437057495,
        0.23995982110500336,
        0.10577301681041718,
        0.06209983304142952,
        0.04446592926979065,
        0.03588391840457916,
        0.052559275180101395,
        0.039040327072143555,
        0.032724056392908096,
        0.028575874865055084,
        0.026946738362312317,
        0.03890422731637955,
        0.029718687757849693,
        0.024942679330706596,
        0.023468149825930595,
        0.02102198265492916,
        0.025891395285725594,
        0.022049162536859512,
        0.020279208198189735,
        0.01948832906782627,
        0.020505020394921303,
        0.02324840798974037,
        0.019189337268471718,
        0.018298406153917313,
        0.017844168469309807,
        0.01861201412975788,
        0.019353529438376427,
        0.01746322400867939,
        0.01791796088218689,
        0.019965408369898796,
        0.020846212282776833,
        0.02247791364789009,
        0.01964602805674076,
        0.019783759489655495,
        0.02046620287001133,
        0.020724093541502953,
        0.025312069803476334,
        0.019597476348280907,
        0.0182059183716774,
        0.018415147438645363,
        0.01828661933541298,
        0.018932713195681572,
        0.017784981057047844,
        0.01740308292210102,
        0.01633060909807682,
        0.01579531840980053,
        0.01686849817633629,
        0.01757458597421646,
        0.018985697999596596,
        0.019076338037848473,
        0.018553314730525017,
        0.018130898475646973,
        0.016611486673355103,
        0.016676364466547966,
        0.018364742398262024,
        0.017639726400375366,
        0.018765833228826523,
        0.018655244261026382,
        0.01871398836374283,
        0.018498077988624573,
        0.018399884924292564,
        0.016332421451807022,
        0.015443109907209873,
        0.015217671170830727,
        0.01665366068482399,
        0.0149721410125494,
        0.01446396391838789,
        0.014967918395996094,
        0.014710145071148872,
        0.01653181202709675,
        0.016550296917557716,
        0.01645584963262081,
        0.017256952822208405,
        0.0179190281778574,
        0.017868949100375175,
        0.01744585484266281,
        0.016778500750660896,
        0.016901738941669464,
        0.01591208018362522,
        0.015783237293362617,
        0.01578395627439022,
        0.016157332807779312,
        0.016592005267739296,
        0.01566091552376747,
        0.015205268748104572,
        0.015374815091490746,
        0.014944985508918762,
        0.014496161602437496,
        0.014638700522482395,
        0.015468678437173367,
        0.015571482479572296,
        0.015171908773481846,
        0.015165631659328938,
        0.014952922239899635,
        0.01509583555161953,
        0.01514121238142252
    ]
}