{
    "epoch": [
        0,
        1,
        2,
        3,
        4,
        5,
        6,
        7,
        8,
        9,
        10,
        11,
        12,
        13,
        14,
        15,
        16,
        17,
        18,
        19,
        20,
        21,
        22,
        23,
        24,
        25,
        26,
        27,
        28,
        29,
        30,
        31,
        32,
        33,
        34,
        35,
        36,
        37,
        38,
        39,
        40,
        41,
        42,
        43,
        44,
        45,
        46,
        47,
        48,
        49,
        50,
        51,
        52,
        53,
        54,
        55,
        56,
        57,
        58,
        59,
        60,
        61,
        62,
        63,
        64,
        65,
        66,
        67,
        68,
        69,
        70,
        71,
        72,
        73,
        74,
        75,
        76,
        77,
        78,
        79,
        80,
        81,
        82,
        83,
        84,
        85,
        86,
        87,
        88,
        89,
        90,
        91,
        92,
        93,
        94,
        95,
        96,
        97,
        98,
        99
    ],
    "train_loss": [
        0.6530854105949402,
        0.48195281624794006,
        0.3600751757621765,
        0.2949482798576355,
        0.25270646810531616,
        0.21857896447181702,
        0.14314985275268555,
        0.12092018127441406,
        0.10635218769311905,
        0.0998101457953453,
        0.10040947794914246,
        0.09238924086093903,
        0.08667603135108948,
        0.08116769045591354,
        0.07764846086502075,
        0.07690463215112686,
        0.0731814056634903,
        0.06954288482666016,
        0.06617826223373413,
        0.0633961409330368,
        0.06466449797153473,
        0.06285471469163895,
        0.06146832928061485,
        0.05985960736870766,
        0.05860147252678871,
        0.058789148926734924,
        0.05722583830356598,
        0.0556366927921772,
        0.054156962782144547,
        0.05307577922940254,
        0.05543594807386398,
        0.05288314446806908,
        0.051226671785116196,
        0.05011049658060074,
        0.04905319958925247,
        0.051319241523742676,
        0.04924607649445534,
        0.04780081659555435,
        0.04648347571492195,
        0.045588418841362,
        0.047925662249326706,
        0.04511702060699463,
        0.04387309029698372,
        0.04298204928636551,
        0.042163025587797165,
        0.04531603306531906,
        0.043368861079216,
        0.042040836066007614,
        0.04137285798788071,
        0.041011713445186615,
        0.040288954973220825,
        0.04018373414874077,
        0.03952416032552719,
        0.038822002708911896,
        0.038040436804294586,
        0.03759437054395676,
        0.037567056715488434,
        0.03737723454833031,
        0.03686227649450302,
        0.036438580602407455,
        0.03635738044977188,
        0.03607925772666931,
        0.035936858505010605,
        0.03591826558113098,
        0.03604061156511307,
        0.03588468208909035,
        0.0350707545876503,
        0.03530542179942131,
        0.035283610224723816,
        0.03475438430905342,
        0.03493834659457207,
        0.03521563112735748,
        0.03434009850025177,
        0.03363725543022156,
        0.03309262916445732,
        0.03321153670549393,
        0.033030323684215546,
        0.03321455791592598,
        0.033016886562108994,
        0.03321346268057823,
        0.03334707021713257,
        0.03308666869997978,
        0.03293745964765549,
        0.03305968642234802,
        0.03302094712853432,
        0.03262496367096901,
        0.032333746552467346,
        0.032229598611593246,
        0.03194693103432655,
        0.031224781647324562,
        0.03119117207825184,
        0.03057260811328888,
        0.03028831258416176,
        0.02965165115892887,
        0.02917782962322235,
        0.028712349012494087,
        0.02845834568142891,
        0.02815796621143818,
        0.027413543313741684,
        0.02749856747686863
    ]
}