{
    "epoch": [
        0,
        1,
        2,
        3,
        4,
        5,
        6,
        7,
        8,
        9,
        10,
        11,
        12,
        13,
        14,
        15,
        16,
        17,
        18,
        19,
        20,
        21,
        22,
        23,
        24,
        25,
        26,
        27,
        28,
        29,
        30,
        31,
        32,
        33,
        34,
        35,
        36,
        37,
        38,
        39,
        40,
        41,
        42,
        43,
        44,
        45,
        46,
        47,
        48,
        49,
        50,
        51,
        52,
        53,
        54,
        55,
        56,
        57,
        58,
        59,
        60,
        61,
        62,
        63,
        64,
        65,
        66,
        67,
        68,
        69,
        70,
        71,
        72,
        73,
        74,
        75,
        76,
        77,
        78,
        79,
        80,
        81,
        82,
        83,
        84,
        85,
        86,
        87,
        88,
        89,
        90,
        91,
        92,
        93,
        94,
        95,
        96,
        97,
        98,
        99
    ],
    "train_loss": [
        0.13777299225330353,
        0.0684840977191925,
        0.03536933287978172,
        0.025648297742009163,
        0.021548252552747726,
        0.019301611930131912,
        0.01470741257071495,
        0.016807589679956436,
        0.012880892492830753,
        0.014012514613568783,
        0.012513823807239532,
        0.010743401013314724,
        0.009549152106046677,
        0.008610992692410946,
        0.01154213584959507,
        0.010394401848316193,
        0.00914723239839077,
        0.00785348005592823,
        0.007868720218539238,
        0.008068820461630821,
        0.007711843587458134,
        0.0073734913021326065,
        0.007575117517262697,
        0.008306530304253101,
        0.00851913820952177,
        0.009046611376106739,
        0.010351168923079967,
        0.011115754023194313,
        0.01050194539129734,
        0.010349233634769917,
        0.010118580423295498,
        0.009610317647457123,
        0.009205254726111889,
        0.008919628337025642,
        0.008742249570786953,
        0.008599639870226383,
        0.00860182847827673,
        0.008619333617389202,
        0.008973443880677223,
        0.008683588355779648,
        0.008787215687334538,
        0.008707142435014248,
        0.008806970901787281,
        0.007919651456177235,
        0.007751212455332279,
        0.008148507215082645,
        0.007980474270880222,
        0.007920135743916035,
        0.007800789084285498,
        0.007731783203780651,
        0.007752135396003723,
        0.008230326697230339,
        0.007880614139139652,
        0.007687080185860395,
        0.007557078264653683,
        0.007502247113734484,
        0.007498584687709808,
        0.007502262946218252,
        0.007487884722650051,
        0.007558636832982302,
        0.007478158921003342,
        0.007470820564776659,
        0.007503087632358074,
        0.007450702600181103,
        0.007438783533871174,
        0.007445630617439747,
        0.007451885845512152,
        0.00741859944537282,
        0.007410678546875715,
        0.0074201528914272785,
        0.007432705722749233,
        0.007444239687174559,
        0.007447175215929747,
        0.00743982195854187,
        0.007417942397296429,
        0.007404202129691839,
        0.007391494698822498,
        0.007398684974759817,
        0.007614731788635254,
        0.007458678912371397,
        0.00761423259973526,
        0.007461821660399437,
        0.007355043198913336,
        0.006989899091422558,
        0.0070646703243255615,
        0.00726999482139945,
        0.007269059307873249,
        0.007140414789319038,
        0.007065120618790388,
        0.007082117255777121,
        0.00705885561183095,
        0.0070737856440246105,
        0.0071328324265778065,
        0.007087410427629948,
        0.007112499792128801,
        0.007141423411667347,
        0.007046360056847334,
        0.007074424531310797,
        0.007081655785441399,
        0.007000589277595282
    ]
}