{
    "epoch": [
        0,
        1,
        2,
        3,
        4,
        5,
        6,
        7,
        8,
        9,
        10,
        11,
        12,
        13,
        14,
        15,
        16,
        17,
        18,
        19,
        20,
        21,
        22,
        23,
        24,
        25,
        26,
        27,
        28,
        29,
        30,
        31,
        32,
        33,
        34,
        35,
        36,
        37,
        38,
        39,
        40,
        41,
        42,
        43,
        44,
        45,
        46,
        47,
        48,
        49,
        50,
        51,
        52,
        53,
        54,
        55,
        56,
        57,
        58,
        59,
        60,
        61,
        62,
        63,
        64,
        65,
        66,
        67,
        68,
        69,
        70,
        71,
        72,
        73,
        74,
        75,
        76,
        77,
        78,
        79,
        80,
        81,
        82,
        83,
        84,
        85,
        86,
        87,
        88,
        89,
        90,
        91,
        92,
        93,
        94,
        95,
        96,
        97,
        98,
        99
    ],
    "train_loss": [
        0.023228900507092476,
        0.011374333873391151,
        0.010055243037641048,
        0.012221558019518852,
        0.010044077411293983,
        0.009834658354520798,
        0.009649733081459999,
        0.009350243955850601,
        0.009333797730505466,
        0.009469577111303806,
        0.009555116295814514,
        0.009538449347019196,
        0.009416901506483555,
        0.009420407935976982,
        0.00946084875613451,
        0.009459524415433407,
        0.00942365825176239,
        0.009335900656878948,
        0.009282194077968597,
        0.009259307757019997,
        0.009226297028362751,
        0.009189124219119549,
        0.009172695688903332,
        0.009174318984150887,
        0.009200675413012505,
        0.00924573466181755,
        0.009272502735257149,
        0.009240047074854374,
        0.00917402096092701,
        0.009103503078222275,
        0.00906805694103241,
        0.009033069014549255,
        0.009027443826198578,
        0.009025240316987038,
        0.009010168723762035,
        0.009014296345412731,
        0.009064625017344952,
        0.00908655859529972,
        0.009030995890498161,
        0.009013393893837929,
        0.008925405330955982,
        0.008848917670547962,
        0.008821675553917885,
        0.008812845684587955,
        0.00884028896689415,
        0.008859872817993164,
        0.008907792158424854,
        0.008966617286205292,
        0.008912513963878155,
        0.008756075985729694,
        0.008648374117910862,
        0.008629036135971546,
        0.008593633770942688,
        0.00852221343666315,
        0.008487454615533352,
        0.008519576862454414,
        0.008496962487697601,
        0.008480548858642578,
        0.008486554026603699,
        0.008403225801885128,
        0.008346778340637684,
        0.008299542590975761,
        0.008263175375759602,
        0.008259298279881477,
        0.008242330513894558,
        0.00821682158857584,
        0.008217073045670986,
        0.00826528575271368,
        0.008340734988451004,
        0.008274463936686516,
        0.008098133839666843,
        0.008068720810115337,
        0.008027294650673866,
        0.00798548199236393,
        0.007898331619799137,
        0.007844182662665844,
        0.007782410830259323,
        0.007766410242766142,
        0.0077746850438416,
        0.007799126673489809,
        0.007810902316123247,
        0.007797160651534796,
        0.0077303871512413025,
        0.0076743243262171745,
        0.007647031918168068,
        0.007618019822984934,
        0.007593217771500349,
        0.007571392692625523,
        0.0075553772039711475,
        0.007539340294897556,
        0.00752599909901619,
        0.007516928017139435,
        0.007501308806240559,
        0.007448629010468721,
        0.0073974523693323135,
        0.007368262391537428,
        0.007221299689263105,
        0.0070921569131314754,
        0.007101271767169237,
        0.00707514863461256
    ]
}