{
    "epoch": [
        0,
        1,
        2,
        3,
        4,
        5,
        6,
        7,
        8,
        9,
        10,
        11,
        12,
        13,
        14,
        15,
        16,
        17,
        18,
        19,
        20,
        21,
        22,
        23,
        24,
        25,
        26,
        27,
        28,
        29,
        30,
        31,
        32,
        33,
        34,
        35,
        36,
        37,
        38,
        39,
        40,
        41,
        42,
        43,
        44,
        45,
        46,
        47,
        48,
        49,
        50,
        51,
        52,
        53,
        54,
        55,
        56,
        57,
        58,
        59,
        60,
        61,
        62,
        63,
        64,
        65,
        66,
        67,
        68,
        69,
        70,
        71,
        72,
        73,
        74,
        75,
        76,
        77,
        78,
        79,
        80,
        81,
        82,
        83,
        84,
        85,
        86,
        87,
        88,
        89,
        90,
        91,
        92,
        93,
        94,
        95,
        96,
        97,
        98,
        99
    ],
    "train_loss": [
        0.10063125938177109,
        0.054296303540468216,
        0.03767919912934303,
        0.029589591547846794,
        0.027982303872704506,
        0.020030153915286064,
        0.01807938888669014,
        0.017408913001418114,
        0.0182803962379694,
        0.017567289993166924,
        0.015263272449374199,
        0.01300752442330122,
        0.013002919033169746,
        0.011629532091319561,
        0.010561808943748474,
        0.010006907396018505,
        0.014894085004925728,
        0.011478924192488194,
        0.010927937924861908,
        0.009467687457799911,
        0.008480485528707504,
        0.007921610958874226,
        0.007802939973771572,
        0.00766724394634366,
        0.007859045639634132,
        0.007697798777371645,
        0.0075296699069440365,
        0.0073330900631845,
        0.007272989954799414,
        0.007083276752382517,
        0.006858238950371742,
        0.006623038090765476,
        0.006518355570733547,
        0.006431523710489273,
        0.006466362625360489,
        0.006656011566519737,
        0.00672400975599885,
        0.006749960593879223,
        0.006798607297241688,
        0.006780008785426617,
        0.0067651541903615,
        0.0068440986797213554,
        0.006916796322911978,
        0.006831051781773567,
        0.006848668679594994,
        0.0068808128125965595,
        0.006920740008354187,
        0.006965937092900276,
        0.006915996316820383,
        0.0069126528687775135,
        0.006793467327952385,
        0.006825609132647514,
        0.006741163786500692,
        0.006682048086076975,
        0.006664695683866739,
        0.006653846241533756,
        0.006495373323559761,
        0.006390507332980633,
        0.006271925754845142,
        0.006127715576440096,
        0.006200132891535759,
        0.006149521097540855,
        0.006114693358540535,
        0.006071835290640593,
        0.006033139303326607,
        0.006080173887312412,
        0.006100441794842482,
        0.006131402216851711,
        0.006202056538313627,
        0.00615131389349699,
        0.006186335347592831,
        0.0061464132741093636,
        0.00615040073171258,
        0.006164831575006247,
        0.006167517509311438,
        0.006218406837433577,
        0.006206186953932047,
        0.006190059706568718,
        0.00620164955034852,
        0.006240161135792732,
        0.006262269336730242,
        0.006292938254773617,
        0.0062545002438127995,
        0.006410001777112484,
        0.006446529645472765,
        0.00656156986951828,
        0.0065644956193864346,
        0.00668685557320714,
        0.006994441617280245,
        0.007354511879384518,
        0.00740400142967701,
        0.007607816718518734,
        0.007850424386560917,
        0.007920832373201847,
        0.007961857132613659,
        0.008196498267352581,
        0.008177574723958969,
        0.008219609968364239,
        0.008228743448853493,
        0.008203402161598206
    ]
}