{
    "epoch": [
        0,
        1,
        2,
        3,
        4,
        5,
        6,
        7,
        8,
        9,
        10,
        11,
        12,
        13,
        14,
        15,
        16,
        17,
        18,
        19,
        20,
        21,
        22,
        23,
        24,
        25,
        26,
        27,
        28,
        29,
        30,
        31,
        32,
        33,
        34,
        35,
        36,
        37,
        38,
        39,
        40,
        41,
        42,
        43,
        44,
        45,
        46,
        47,
        48,
        49,
        50,
        51,
        52,
        53,
        54,
        55,
        56,
        57,
        58,
        59,
        60,
        61,
        62,
        63,
        64,
        65,
        66,
        67,
        68,
        69,
        70,
        71,
        72,
        73,
        74,
        75,
        76,
        77,
        78,
        79,
        80,
        81,
        82,
        83,
        84,
        85,
        86,
        87,
        88,
        89,
        90,
        91,
        92,
        93,
        94,
        95,
        96,
        97,
        98,
        99
    ],
    "train_loss": [
        0.03225105628371239,
        0.012637289240956306,
        0.016531502828001976,
        0.013637357391417027,
        0.014304445125162601,
        0.014156135730445385,
        0.013975480571389198,
        0.013928603380918503,
        0.013859686441719532,
        0.013676093891263008,
        0.013679370284080505,
        0.01358196884393692,
        0.013612511567771435,
        0.014058014377951622,
        0.013014205731451511,
        0.013069254346191883,
        0.012760504148900509,
        0.012583709321916103,
        0.012537756003439426,
        0.012408502399921417,
        0.012310024350881577,
        0.012297478504478931,
        0.012319177389144897,
        0.012166567146778107,
        0.012003114446997643,
        0.011889058165252209,
        0.01173772756010294,
        0.011564756743609905,
        0.011657210066914558,
        0.01172257773578167,
        0.011719503439962864,
        0.011503725312650204,
        0.011411471292376518,
        0.011435641907155514,
        0.01149687822908163,
        0.011670894920825958,
        0.011354567483067513,
        0.011210527271032333,
        0.011042457073926926,
        0.010946305468678474,
        0.011023971252143383,
        0.011016005650162697,
        0.011094990186393261,
        0.01113447267562151,
        0.011032582260668278,
        0.011055076494812965,
        0.010935832746326923,
        0.010904619470238686,
        0.010915149003267288,
        0.010942704044282436,
        0.010953525081276894,
        0.010977990925312042,
        0.010925378650426865,
        0.01085779070854187,
        0.010835607536137104,
        0.010827390477061272,
        0.010727839544415474,
        0.010677742771804333,
        0.010666003450751305,
        0.010651125572621822,
        0.01065195631235838,
        0.010620055720210075,
        0.010464162565767765,
        0.010425555519759655,
        0.010376165620982647,
        0.01034004706889391,
        0.010332848876714706,
        0.010307020507752895,
        0.01026023831218481,
        0.010244138538837433,
        0.010238084010779858,
        0.010239575058221817,
        0.010238511487841606,
        0.01019082497805357,
        0.01011214591562748,
        0.01005762442946434,
        0.010060800239443779,
        0.010093691758811474,
        0.010142098180949688,
        0.010135455057024956,
        0.010133602656424046,
        0.01009442750364542,
        0.010093343444168568,
        0.010076711885631084,
        0.010069474577903748,
        0.01004755962640047,
        0.010010250844061375,
        0.009986377321183681,
        0.009976337663829327,
        0.009921001270413399,
        0.009906494058668613,
        0.009901214390993118,
        0.009893788024783134,
        0.009888064116239548,
        0.00984819047152996,
        0.00982909556478262,
        0.009807329624891281,
        0.009790233336389065,
        0.009750441648066044,
        0.009719861671328545
    ]
}