{
    "epoch": [
        0,
        1,
        2,
        3,
        4,
        5,
        6,
        7,
        8,
        9,
        10,
        11,
        12,
        13,
        14,
        15,
        16,
        17,
        18,
        19,
        20,
        21,
        22,
        23,
        24,
        25,
        26,
        27,
        28,
        29,
        30,
        31,
        32,
        33,
        34,
        35,
        36,
        37,
        38,
        39,
        40,
        41,
        42,
        43,
        44,
        45,
        46,
        47,
        48,
        49,
        50,
        51,
        52,
        53,
        54,
        55,
        56,
        57,
        58,
        59,
        60,
        61,
        62,
        63,
        64,
        65,
        66,
        67,
        68,
        69,
        70,
        71,
        72,
        73,
        74,
        75,
        76,
        77,
        78,
        79,
        80,
        81,
        82,
        83,
        84,
        85,
        86,
        87,
        88,
        89,
        90,
        91,
        92,
        93,
        94,
        95,
        96,
        97,
        98,
        99
    ],
    "train_loss": [
        0.5909625887870789,
        0.44212767481803894,
        0.3450227379798889,
        0.2765340805053711,
        0.24438849091529846,
        0.26988789439201355,
        0.20782305300235748,
        0.18102650344371796,
        0.16725203394889832,
        0.15743815898895264,
        0.17882013320922852,
        0.15059499442577362,
        0.13332122564315796,
        0.11901985853910446,
        0.10450439155101776,
        0.11052022874355316,
        0.09325684607028961,
        0.08497925102710724,
        0.07738874107599258,
        0.07150323688983917,
        0.07282513380050659,
        0.06875070184469223,
        0.06588634103536606,
        0.0636177733540535,
        0.06127598136663437,
        0.061808373779058456,
        0.05919637158513069,
        0.05771733075380325,
        0.05645379796624184,
        0.054765403270721436,
        0.057661522179841995,
        0.05509297549724579,
        0.05343812331557274,
        0.051623210310935974,
        0.05056234449148178,
        0.05317496135830879,
        0.05150497332215309,
        0.0500950962305069,
        0.04916449636220932,
        0.0484207421541214,
        0.04930407181382179,
        0.047332409769296646,
        0.04650350660085678,
        0.04562542587518692,
        0.04497528076171875,
        0.046633392572402954,
        0.04463023319840431,
        0.04351425543427467,
        0.0424334891140461,
        0.04170751944184303,
        0.04106711223721504,
        0.04067681357264519,
        0.04012654721736908,
        0.03933846578001976,
        0.038174621760845184,
        0.037314675748348236,
        0.03636735677719116,
        0.032186608761548996,
        0.031122349202632904,
        0.029361950233578682,
        0.028305891901254654,
        0.026937054470181465,
        0.02633272297680378,
        0.02565319463610649,
        0.025285888463258743,
        0.024788672104477882,
        0.02387813851237297,
        0.023059165105223656,
        0.02243361622095108,
        0.02219388820230961,
        0.0223840344697237,
        0.02297288551926613,
        0.022471677511930466,
        0.02286442182958126,
        0.02275289222598076,
        0.022736424580216408,
        0.02380702644586563,
        0.023498691618442535,
        0.02387106791138649,
        0.024199897423386574,
        0.02345782332122326,
        0.023565925657749176,
        0.023267531767487526,
        0.022631706669926643,
        0.023442870005965233,
        0.023990513756871223,
        0.02347005344927311,
        0.02277255989611149,
        0.022711915895342827,
        0.02239263243973255,
        0.02183688059449196,
        0.020710695534944534,
        0.020493172109127045,
        0.020497145131230354,
        0.020539188757538795,
        0.0201210156083107,
        0.02008230984210968,
        0.019449399784207344,
        0.019443361088633537,
        0.019731555134058
    ]
}