{
    "epoch": [
        0,
        1,
        2,
        3,
        4,
        5,
        6,
        7,
        8,
        9,
        10,
        11,
        12,
        13,
        14,
        15,
        16,
        17,
        18,
        19,
        20,
        21,
        22,
        23,
        24,
        25,
        26,
        27,
        28,
        29,
        30,
        31,
        32,
        33,
        34,
        35,
        36,
        37,
        38,
        39,
        40,
        41,
        42,
        43,
        44,
        45,
        46,
        47,
        48,
        49,
        50,
        51,
        52,
        53,
        54,
        55,
        56,
        57,
        58,
        59,
        60,
        61,
        62,
        63,
        64,
        65,
        66,
        67,
        68,
        69,
        70,
        71,
        72,
        73,
        74,
        75,
        76,
        77,
        78,
        79,
        80,
        81,
        82,
        83,
        84,
        85,
        86,
        87,
        88,
        89,
        90,
        91,
        92,
        93,
        94,
        95,
        96,
        97,
        98,
        99
    ],
    "train_loss": [
        0.05185816064476967,
        0.0294694472104311,
        0.02471427619457245,
        0.020296946167945862,
        0.017683120444417,
        0.014620773494243622,
        0.014316859655082226,
        0.013175361789762974,
        0.01126745343208313,
        0.010887105949223042,
        0.010650509037077427,
        0.011266833171248436,
        0.011300723999738693,
        0.011876883916556835,
        0.010505102574825287,
        0.010846701450645924,
        0.00759718706831336,
        0.008061939850449562,
        0.013216107152402401,
        0.012266400270164013,
        0.009954438544809818,
        0.00890039186924696,
        0.009835813194513321,
        0.009097982197999954,
        0.008297177962958813,
        0.007715427316725254,
        0.008906714618206024,
        0.009454037062823772,
        0.008985408581793308,
        0.013567205518484116,
        0.008331219665706158,
        0.007900532335042953,
        0.007405061740428209,
        0.0076714567840099335,
        0.007654809858649969,
        0.007421808782964945,
        0.007123443763703108,
        0.007100522052496672,
        0.00751535827293992,
        0.007265805266797543,
        0.0067205410450696945,
        0.006214648485183716,
        0.006063654087483883,
        0.006007285322993994,
        0.006070465315133333,
        0.006074738688766956,
        0.006137669086456299,
        0.006196889560669661,
        0.006239115726202726,
        0.0062536438927054405,
        0.006249302998185158,
        0.006233381573110819,
        0.006294163875281811,
        0.006351360119879246,
        0.006290921475738287,
        0.006455082446336746,
        0.006491412408649921,
        0.006664103362709284,
        0.00680219242349267,
        0.006881352514028549,
        0.007058505434542894,
        0.007084550801664591,
        0.007137426640838385,
        0.007076364941895008,
        0.00715738395228982,
        0.0071248989552259445,
        0.007114628329873085,
        0.007101650815457106,
        0.007020340301096439,
        0.006942260544747114,
        0.006872327532619238,
        0.006745610851794481,
        0.006544702220708132,
        0.006537182722240686,
        0.006536847446113825,
        0.006583604030311108,
        0.006495779380202293,
        0.006393971387296915,
        0.006316496059298515,
        0.006324999034404755,
        0.006262357346713543,
        0.006210804916918278,
        0.006190642714500427,
        0.00611941097304225,
        0.006056298967450857,
        0.006035409867763519,
        0.005985455121845007,
        0.005922624841332436,
        0.005848653614521027,
        0.0057459427043795586,
        0.005597980227321386,
        0.005462664179503918,
        0.005360855720937252,
        0.005286943167448044,
        0.005194616969674826,
        0.005174308083951473,
        0.005148092284798622,
        0.0050850664265453815,
        0.005032263696193695,
        0.004995007533580065
    ]
}