{
    "timestamp": "20250114_140115",
    "method": "mlp",
    "configuration": {
        "m": 1.0,
        "c": 0.1,
        "k": 200.0,
        "force_type": "sine",
        "amplitude": 1.0,
        "freq": 1.0,
        "random_seed": 42,
        "x0": 0.0,
        "v0": 0.0,
        "t_max": 10.0,
        "dt": 0.02,
        "noise_std": 0.05
    },
    "true_parameters": [
        1.0,
        0.1,
        200.0
    ],
    "estimated_parameters": [
        0.3998358154111575,
        0.05917213414645834,
        0.0
    ],
    "parameter_errors": [
        60.01641845888426,
        40.82786585354166,
        100.0
    ],
    "force_rmse": 1.5055352824145696,
    "optimization_info": {
        "success": true,
        "message": "MLP training and SINDy parameter estimation completed",
        "hyperparameters": {
            "hidden_sizes": [
                512,
                1024,
                512,
                256
            ],
            "batch_size": 64,
            "learning_rate": 0.002,
            "weight_decay": 0.05,
            "dropout": 0.3
        },
        "mlp_training": {
            "best_val_loss": 3.3694539070129395,
            "train_losses": [
                7.434140205383301,
                7.758638191223144,
                6.5406496047973635,
                6.509553909301758,
                5.939834499359131,
                6.581761455535888,
                6.290465927124023,
                6.381659936904907,
                5.479745483398437,
                4.996914672851562,
                5.690283679962159,
                5.384327125549317,
                5.037560939788818,
                4.689285516738892,
                4.973987197875976,
                5.075480651855469,
                4.560967254638672,
                4.0822326183319095,
                4.171385622024536,
                4.204657888412475,
                3.361984443664551,
                3.458163595199585,
                3.673337697982788,
                3.0976937294006346,
                3.248101282119751,
                2.907908725738525,
                2.724731135368347,
                2.216945171356201,
                2.3876130104064943,
                2.314377212524414,
                2.001292276382446,
                1.9440755128860474,
                1.2824594736099244,
                1.3675557851791382,
                1.458832311630249,
                1.3385295033454896,
                1.1950551748275757,
                0.9844893336296081,
                1.0292619824409486,
                1.001298439502716,
                0.6937659382820129,
                0.7202608942985534,
                0.655593353509903,
                0.6624485552310944,
                0.627611267566681,
                0.5528177201747895,
                0.6035270273685456,
                0.502588403224945,
                0.6284735381603241,
                0.5489517450332642,
                0.5398689985275269,
                0.5323986887931824,
                0.4997319221496582,
                0.48042945861816405,
                0.4831225752830505,
                0.49721803069114684,
                0.4126381278038025,
                0.3679796278476715,
                0.35372384786605837,
                0.40300471186637876
            ],
            "val_losses": [
                14.407708644866943,
                13.172047138214111,
                8.746318340301514,
                6.609580755233765,
                7.7089715003967285,
                10.326416015625,
                9.123341083526611,
                5.120243310928345,
                3.5956276655197144,
                3.3694539070129395,
                3.942678689956665,
                6.12042236328125,
                8.523212909698486,
                8.202529907226562,
                8.990033626556396,
                7.468527555465698,
                5.617551803588867,
                5.1193249225616455,
                6.3422532081604,
                8.435026168823242,
                8.895598888397217,
                6.3439271450042725,
                4.705790162086487,
                4.55242133140564,
                6.428590297698975,
                9.463032960891724,
                9.60021686553955,
                9.963134765625,
                8.15527606010437,
                7.316872835159302,
                8.802543640136719,
                7.773956775665283,
                7.095934867858887,
                8.358345031738281,
                8.42134165763855,
                7.964611053466797,
                8.018710613250732,
                7.161787033081055,
                6.575480937957764,
                6.513199329376221,
                8.112051010131836,
                9.006070137023926,
                8.459006786346436,
                8.981838941574097,
                9.500135898590088,
                7.458008766174316,
                7.7233452796936035,
                8.773629426956177,
                7.055167198181152,
                6.846649408340454,
                7.3057286739349365,
                7.709327936172485,
                7.487558841705322,
                8.293720006942749,
                8.619141101837158,
                7.240817070007324,
                5.302350640296936,
                6.556530952453613,
                7.1354286670684814,
                5.871779918670654
            ],
            "final_epoch": 59
        },
        "test_loss": 3.7075579166412354,
        "sindy_estimation": {
            "success": true,
            "message": "SINDy identification completed",
            "discovered_equation": "0.0592*v + 0.3998*a",
            "significant_features": [
                "v",
                "a"
            ],
            "significant_coefficients": [
                0.05917213414645834,
                0.3998358154111575
            ],
            "threshold": 0.05
        },
        "device": "cuda"
    }
}