{
    "epoch": [
        0,
        1,
        2,
        3,
        4,
        5,
        6,
        7,
        8,
        9,
        10,
        11,
        12,
        13,
        14,
        15,
        16,
        17,
        18,
        19,
        20,
        21,
        22,
        23,
        24,
        25,
        26,
        27,
        28,
        29,
        30,
        31,
        32,
        33,
        34,
        35,
        36,
        37,
        38,
        39,
        40,
        41,
        42,
        43,
        44,
        45,
        46,
        47,
        48,
        49,
        50,
        51,
        52,
        53,
        54,
        55,
        56,
        57,
        58,
        59,
        60,
        61,
        62,
        63,
        64,
        65,
        66,
        67,
        68,
        69,
        70,
        71,
        72,
        73,
        74,
        75,
        76,
        77,
        78,
        79,
        80,
        81,
        82,
        83,
        84,
        85,
        86,
        87,
        88,
        89,
        90,
        91,
        92,
        93,
        94,
        95,
        96,
        97,
        98,
        99
    ],
    "train_loss": [
        0.02329877018928528,
        0.015366435050964355,
        0.012748504988849163,
        0.009209105744957924,
        0.009100716561079025,
        0.00981280766427517,
        0.010574384592473507,
        0.011666635982692242,
        0.011189700104296207,
        0.008362416177988052,
        0.00898679532110691,
        0.009287561289966106,
        0.008353076875209808,
        0.008002110756933689,
        0.00804304052144289,
        0.007847493514418602,
        0.007842356339097023,
        0.007719872053712606,
        0.007703202776610851,
        0.0076654269360005856,
        0.007656014524400234,
        0.0077096931636333466,
        0.007803905289620161,
        0.007837636396288872,
        0.007615271490067244,
        0.00763274310156703,
        0.007688680198043585,
        0.007523186504840851,
        0.007343137636780739,
        0.00737035134807229,
        0.007280841935425997,
        0.007139094173908234,
        0.0072284904308617115,
        0.006796814501285553,
        0.0069366623647511005,
        0.007184888236224651,
        0.007108916062861681,
        0.007544988766312599,
        0.007585698738694191,
        0.008555388078093529,
        0.00968646164983511,
        0.010070322081446648,
        0.010234557092189789,
        0.010389367118477821,
        0.010551100596785545,
        0.011114779859781265,
        0.01120520569384098,
        0.011382119730114937,
        0.011505556292831898,
        0.011665782891213894,
        0.011842257343232632,
        0.01195297110825777,
        0.012061914429068565,
        0.012292861938476562,
        0.012195242568850517,
        0.012203807011246681,
        0.01229688711464405,
        0.01246869657188654,
        0.012550471350550652,
        0.012783919461071491,
        0.012845437042415142,
        0.012813063338398933,
        0.01281657349318266,
        0.012812124565243721,
        0.01280886773020029,
        0.012817236594855785,
        0.012744199484586716,
        0.01230157632380724,
        0.01206049695611,
        0.011842522770166397,
        0.011641907505691051,
        0.01141270250082016,
        0.011212172918021679,
        0.010888298973441124,
        0.010522210039198399,
        0.010366042144596577,
        0.010218172334134579,
        0.010172137059271336,
        0.010145454667508602,
        0.010079377330839634,
        0.009981481358408928,
        0.009961290284991264,
        0.009952639229595661,
        0.010025025345385075,
        0.00994351040571928,
        0.00977240689098835,
        0.009733942337334156,
        0.00971910823136568,
        0.00978849083185196,
        0.009865853004157543,
        0.009756007231771946,
        0.009676427580416203,
        0.00973767600953579,
        0.009820143692195415,
        0.00977360550314188,
        0.009778773412108421,
        0.009808256290853024,
        0.010010229423642159,
        0.01014516968280077,
        0.010347448289394379
    ]
}