{
    "epoch": [
        0,
        1,
        2,
        3,
        4,
        5,
        6,
        7,
        8,
        9,
        10,
        11,
        12,
        13,
        14,
        15,
        16,
        17,
        18,
        19,
        20,
        21,
        22,
        23,
        24,
        25,
        26,
        27,
        28,
        29,
        30,
        31,
        32,
        33,
        34,
        35,
        36,
        37,
        38,
        39,
        40,
        41,
        42,
        43,
        44,
        45,
        46,
        47,
        48,
        49,
        50,
        51,
        52,
        53,
        54,
        55,
        56,
        57,
        58,
        59,
        60,
        61,
        62,
        63,
        64,
        65,
        66,
        67,
        68,
        69,
        70,
        71,
        72,
        73,
        74,
        75,
        76,
        77,
        78,
        79,
        80,
        81,
        82,
        83,
        84,
        85,
        86,
        87,
        88,
        89,
        90,
        91,
        92,
        93,
        94,
        95,
        96,
        97,
        98,
        99
    ],
    "train_loss": [
        0.11614304780960083,
        0.045869022607803345,
        0.026473859325051308,
        0.024360522627830505,
        0.023606009781360626,
        0.02148362807929516,
        0.01922745816409588,
        0.017565274611115456,
        0.017868248745799065,
        0.015520329587161541,
        0.015970658510923386,
        0.014738142490386963,
        0.015238374471664429,
        0.014323161914944649,
        0.013691332191228867,
        0.013171914033591747,
        0.01205714512616396,
        0.011559974402189255,
        0.011488523334264755,
        0.011700073257088661,
        0.013334691524505615,
        0.012897808104753494,
        0.01276420708745718,
        0.013177314773201942,
        0.013216888532042503,
        0.015132253058254719,
        0.013473470695316792,
        0.012826799415051937,
        0.012407205067574978,
        0.012024316936731339,
        0.012143488973379135,
        0.011704090051352978,
        0.011425722390413284,
        0.011298318393528461,
        0.011322488076984882,
        0.011195648461580276,
        0.011128252372145653,
        0.01110707875341177,
        0.011185194365680218,
        0.011029171757400036,
        0.011324452236294746,
        0.011009442619979382,
        0.010885622352361679,
        0.010920701548457146,
        0.010732650756835938,
        0.011019779369235039,
        0.010876287706196308,
        0.010652612894773483,
        0.01036545354872942,
        0.010167896747589111,
        0.010085731744766235,
        0.010318332351744175,
        0.010386090725660324,
        0.010264622047543526,
        0.010157492011785507,
        0.010072472505271435,
        0.010051514022052288,
        0.010112769901752472,
        0.010265614837408066,
        0.010257886722683907,
        0.010240447707474232,
        0.010259692557156086,
        0.010248232632875443,
        0.010558989830315113,
        0.01071534026414156,
        0.010801667347550392,
        0.01100022904574871,
        0.0109429145231843,
        0.010956074111163616,
        0.011063843034207821,
        0.011199378408491611,
        0.011214402504265308,
        0.010971256531774998,
        0.010983221232891083,
        0.011169850826263428,
        0.011366759426891804,
        0.011559504084289074,
        0.011974046938121319,
        0.012167463079094887,
        0.012564652599394321,
        0.012680863961577415,
        0.013096979819238186,
        0.013464821502566338,
        0.013724014163017273,
        0.013820630498230457,
        0.014241998083889484,
        0.014780351892113686,
        0.014455395750701427,
        0.014033625833690166,
        0.013984881341457367,
        0.013604735024273396,
        0.013532272540032864,
        0.01345149427652359,
        0.013092470355331898,
        0.013062984682619572,
        0.013239296153187752,
        0.013324514031410217,
        0.013239973224699497,
        0.013182615861296654,
        0.013403273187577724
    ]
}