{
    "epoch": [
        0,
        1,
        2,
        3,
        4,
        5,
        6,
        7,
        8,
        9,
        10,
        11,
        12,
        13,
        14,
        15,
        16,
        17,
        18,
        19,
        20,
        21,
        22,
        23,
        24,
        25,
        26,
        27,
        28,
        29,
        30,
        31,
        32,
        33,
        34,
        35,
        36,
        37,
        38,
        39,
        40,
        41,
        42,
        43,
        44,
        45,
        46,
        47,
        48,
        49,
        50,
        51,
        52,
        53,
        54,
        55,
        56,
        57,
        58,
        59,
        60,
        61,
        62,
        63,
        64,
        65,
        66,
        67,
        68,
        69,
        70,
        71,
        72,
        73,
        74,
        75,
        76,
        77,
        78,
        79,
        80,
        81,
        82,
        83,
        84,
        85,
        86,
        87,
        88,
        89,
        90,
        91,
        92,
        93,
        94,
        95,
        96,
        97,
        98,
        99
    ],
    "train_loss": [
        0.1434270590543747,
        0.04426117241382599,
        0.03100716881453991,
        0.022973431274294853,
        0.020511984825134277,
        0.02175275608897209,
        0.016965629532933235,
        0.016420796513557434,
        0.012995531782507896,
        0.014454093761742115,
        0.013105600140988827,
        0.014312434010207653,
        0.01576756313443184,
        0.014541856944561005,
        0.015926742926239967,
        0.012518932111561298,
        0.012792103923857212,
        0.013225885108113289,
        0.014554878696799278,
        0.013118833303451538,
        0.013418697752058506,
        0.011756527237594128,
        0.011329444125294685,
        0.011250062845647335,
        0.010548101738095284,
        0.012410114519298077,
        0.010214078240096569,
        0.010522324591875076,
        0.011487102136015892,
        0.01132565550506115,
        0.012593709863722324,
        0.011854183860123158,
        0.011152629740536213,
        0.01076449267566204,
        0.010415476746857166,
        0.01020900346338749,
        0.009646493941545486,
        0.0094752823933959,
        0.009206781163811684,
        0.008911088109016418,
        0.008310195058584213,
        0.007833816111087799,
        0.0075515760108828545,
        0.007730468641966581,
        0.007266925647854805,
        0.007098966743797064,
        0.007462251465767622,
        0.0075768399983644485,
        0.007870948873460293,
        0.00797983631491661,
        0.007773174438625574,
        0.007743916008621454,
        0.007711278274655342,
        0.007718793582171202,
        0.007539127953350544,
        0.007602478843182325,
        0.0070989397354424,
        0.006864279042929411,
        0.006579137407243252,
        0.006609252654016018,
        0.006550576072186232,
        0.006495846435427666,
        0.006449532229453325,
        0.006459306459873915,
        0.006781802047044039,
        0.006627536378800869,
        0.006798755843192339,
        0.006765942554920912,
        0.006876606028527021,
        0.006848381832242012,
        0.007580640260130167,
        0.007819412276148796,
        0.008831795305013657,
        0.008047692477703094,
        0.007527852896600962,
        0.007267075590789318,
        0.00723262270912528,
        0.007162341382354498,
        0.007136440835893154,
        0.006863235495984554,
        0.006833439227193594,
        0.006800570525228977,
        0.006772140506654978,
        0.006681581027805805,
        0.006590299773961306,
        0.006469052284955978,
        0.006459041032940149,
        0.006381663493812084,
        0.006280518602579832,
        0.006253296975046396,
        0.006228819489479065,
        0.006222486961632967,
        0.006178176961839199,
        0.006177844014018774,
        0.006197357550263405,
        0.006165746133774519,
        0.006177459843456745,
        0.006136880721896887,
        0.006117925047874451,
        0.006135414820164442
    ]
}