{
    "epoch": [
        0,
        1,
        2,
        3,
        4,
        5,
        6,
        7,
        8,
        9,
        10,
        11,
        12,
        13,
        14,
        15,
        16,
        17,
        18,
        19,
        20,
        21,
        22,
        23,
        24,
        25,
        26,
        27,
        28,
        29,
        30,
        31,
        32,
        33,
        34,
        35,
        36,
        37,
        38,
        39,
        40,
        41,
        42,
        43,
        44,
        45,
        46,
        47,
        48,
        49,
        50,
        51,
        52,
        53,
        54,
        55,
        56,
        57,
        58,
        59,
        60,
        61,
        62,
        63,
        64,
        65,
        66,
        67,
        68,
        69,
        70,
        71,
        72,
        73,
        74,
        75,
        76,
        77,
        78,
        79,
        80,
        81,
        82,
        83,
        84,
        85,
        86,
        87,
        88,
        89,
        90,
        91,
        92,
        93,
        94,
        95,
        96,
        97,
        98,
        99
    ],
    "train_loss": [
        0.019400738179683685,
        0.00945371389389038,
        0.010265160351991653,
        0.013069134205579758,
        0.014717157930135727,
        0.013300987891852856,
        0.012618591077625751,
        0.012170229107141495,
        0.012256050482392311,
        0.012041081674396992,
        0.01206969190388918,
        0.012243444100022316,
        0.012051858939230442,
        0.011917813681066036,
        0.012318824417889118,
        0.012229308485984802,
        0.011918949894607067,
        0.011914875358343124,
        0.012406700290739536,
        0.011686976067721844,
        0.011654479429125786,
        0.011334512382745743,
        0.011159786954522133,
        0.011194135062396526,
        0.011212021112442017,
        0.010954165831208229,
        0.010634050704538822,
        0.010629377327859402,
        0.010710908100008965,
        0.010898450389504433,
        0.01075652800500393,
        0.010639537125825882,
        0.010567924939095974,
        0.010458458214998245,
        0.010410377755761147,
        0.010381544940173626,
        0.01040253508836031,
        0.010383561253547668,
        0.010307619348168373,
        0.010237318463623524,
        0.010172837413847446,
        0.010139896534383297,
        0.010116434656083584,
        0.010090118274092674,
        0.010084116831421852,
        0.010066933929920197,
        0.010131827555596828,
        0.009953008033335209,
        0.00955222174525261,
        0.009589086286723614,
        0.009671737439930439,
        0.009515100158751011,
        0.009547817520797253,
        0.00957050547003746,
        0.009601603262126446,
        0.009467486292123795,
        0.009325513616204262,
        0.00936475582420826,
        0.00939291063696146,
        0.009401570074260235,
        0.009377569891512394,
        0.009214071556925774,
        0.00924078468233347,
        0.00953639391809702,
        0.009430481120944023,
        0.009362497366964817,
        0.009122726507484913,
        0.008816936053335667,
        0.008653108030557632,
        0.008607457391917706,
        0.008592537604272366,
        0.008392982184886932,
        0.008508739061653614,
        0.008616231381893158,
        0.008337247185409069,
        0.00852150283753872,
        0.008370079100131989,
        0.008113915100693703,
        0.008672892116010189,
        0.008636020123958588,
        0.007787002716213465,
        0.007852618582546711,
        0.007682704832404852,
        0.007604299578815699,
        0.007557481061667204,
        0.0074747782200574875,
        0.0074616530910134315,
        0.007942112162709236,
        0.007468998432159424,
        0.007389891892671585,
        0.007371712010353804,
        0.007409915793687105,
        0.007431362755596638,
        0.007476344704627991,
        0.007476344704627991,
        0.007476344238966703,
        0.007476344704627991,
        0.0074689933098852634,
        0.007426671218127012,
        0.007369271479547024
    ]
}