{
    "timestamp": "20250113_194215",
    "method": "mlp",
    "configuration": {
        "m": 1.0,
        "c": 0.1,
        "k": 50.0,
        "force_type": "sine",
        "amplitude": 1.0,
        "freq": 1.0,
        "random_seed": 42,
        "x0": 0.0,
        "v0": 0.0,
        "t_max": 10.0,
        "dt": 0.02,
        "noise_std": 0.05
    },
    "true_parameters": [
        1.0,
        0.1,
        50.0
    ],
    "estimated_parameters": [
        0.11333694426945186,
        0.0,
        0.0
    ],
    "parameter_errors": [
        88.66630557305481,
        100.0,
        100.0
    ],
    "force_rmse": 0.11999664751349881
}