{
    "epoch": [
        0,
        1,
        2,
        3,
        4,
        5,
        6,
        7,
        8,
        9,
        10,
        11,
        12,
        13,
        14,
        15,
        16,
        17,
        18,
        19,
        20,
        21,
        22,
        23,
        24,
        25,
        26,
        27,
        28,
        29,
        30,
        31,
        32,
        33,
        34,
        35,
        36,
        37,
        38,
        39,
        40,
        41,
        42,
        43,
        44,
        45,
        46,
        47,
        48,
        49,
        50,
        51,
        52,
        53,
        54,
        55,
        56,
        57,
        58,
        59,
        60,
        61,
        62,
        63,
        64,
        65,
        66,
        67,
        68,
        69,
        70,
        71,
        72,
        73,
        74,
        75,
        76,
        77,
        78,
        79,
        80,
        81,
        82,
        83,
        84,
        85,
        86,
        87,
        88,
        89,
        90,
        91,
        92,
        93,
        94,
        95,
        96,
        97,
        98,
        99
    ],
    "train_loss": [
        0.1885771006345749,
        0.11468128114938736,
        0.06977393478155136,
        0.05399474501609802,
        0.04606431722640991,
        0.09585453569889069,
        0.0687708780169487,
        0.05749541521072388,
        0.05263228714466095,
        0.04936036467552185,
        0.05484046787023544,
        0.04951198026537895,
        0.04596536606550217,
        0.04160274937748909,
        0.040207844227552414,
        0.04435008391737938,
        0.043296679854393005,
        0.041536007076501846,
        0.039886537939310074,
        0.038293227553367615,
        0.04797826707363129,
        0.0446576364338398,
        0.043627504259347916,
        0.04091598466038704,
        0.038250889629125595,
        0.039528585970401764,
        0.03516266867518425,
        0.03364282473921776,
        0.031245995312929153,
        0.02861756645143032,
        0.028088178485631943,
        0.02518770471215248,
        0.022869959473609924,
        0.021770436316728592,
        0.020971965044736862,
        0.022170457988977432,
        0.01953245885670185,
        0.016660114750266075,
        0.016411881893873215,
        0.016021065413951874,
        0.016681808978319168,
        0.014688285999000072,
        0.013642670586705208,
        0.014026971533894539,
        0.014524157159030437,
        0.016091173514723778,
        0.0159467700868845,
        0.015191868878901005,
        0.014838960021734238,
        0.014465042389929295,
        0.014095931313931942,
        0.013914578594267368,
        0.013599567115306854,
        0.014925205148756504,
        0.014303409494459629,
        0.01496049016714096,
        0.014201926998794079,
        0.01360807940363884,
        0.01317625492811203,
        0.01343146525323391,
        0.013584197498857975,
        0.013787481002509594,
        0.013278201222419739,
        0.0140298530459404,
        0.01416953094303608,
        0.013560154475271702,
        0.012999000027775764,
        0.01260792464017868,
        0.0117239560931921,
        0.011405483819544315,
        0.011371457017958164,
        0.012206833809614182,
        0.012213884852826595,
        0.01198152918368578,
        0.011875775642693043,
        0.01252035889774561,
        0.013711832463741302,
        0.015457208268344402,
        0.01611299067735672,
        0.015166581608355045,
        0.014310636557638645,
        0.013228803873062134,
        0.012396164238452911,
        0.01229121070355177,
        0.012553094886243343,
        0.01190484594553709,
        0.012296324595808983,
        0.012944106012582779,
        0.012805803678929806,
        0.012986932881176472,
        0.012755065225064754,
        0.01314091682434082,
        0.014963045716285706,
        0.013435590080916882,
        0.013625960797071457,
        0.012639431282877922,
        0.01213898416608572,
        0.01182150561362505,
        0.011930480599403381,
        0.011611184105277061
    ]
}