{
    "epoch": [
        0,
        1,
        2,
        3,
        4,
        5,
        6,
        7,
        8,
        9,
        10,
        11,
        12,
        13,
        14,
        15,
        16,
        17,
        18,
        19,
        20,
        21,
        22,
        23,
        24,
        25,
        26,
        27,
        28,
        29,
        30,
        31,
        32,
        33,
        34,
        35,
        36,
        37,
        38,
        39,
        40,
        41,
        42,
        43,
        44,
        45,
        46,
        47,
        48,
        49,
        50,
        51,
        52,
        53,
        54,
        55,
        56,
        57,
        58,
        59,
        60,
        61,
        62,
        63,
        64,
        65,
        66,
        67,
        68,
        69,
        70,
        71,
        72,
        73,
        74,
        75,
        76,
        77,
        78,
        79,
        80,
        81,
        82,
        83,
        84,
        85,
        86,
        87,
        88,
        89,
        90,
        91,
        92,
        93,
        94,
        95,
        96,
        97,
        98,
        99
    ],
    "train_loss": [
        0.10245613753795624,
        0.058585114777088165,
        0.030641011893749237,
        0.02074778452515602,
        0.02063833922147751,
        0.03829589858651161,
        0.02560606598854065,
        0.017802195623517036,
        0.015647638589143753,
        0.014862867072224617,
        0.017161641269922256,
        0.013204742223024368,
        0.012832884676754475,
        0.010432560928165913,
        0.010630464181303978,
        0.00894578080624342,
        0.010975442826747894,
        0.012129224836826324,
        0.00947666261345148,
        0.009606213308870792,
        0.0109800323843956,
        0.010001515969634056,
        0.009229272603988647,
        0.0077422489412128925,
        0.008013691753149033,
        0.008812880143523216,
        0.009718558751046658,
        0.008319548331201077,
        0.008503807708621025,
        0.008255494758486748,
        0.009500240907073021,
        0.009536068886518478,
        0.00945785827934742,
        0.009643875993788242,
        0.009658901952207088,
        0.01148520689457655,
        0.011026006191968918,
        0.011343691498041153,
        0.011567434296011925,
        0.011391498148441315,
        0.01173399668186903,
        0.011514483019709587,
        0.012213064357638359,
        0.01153989601880312,
        0.011894342489540577,
        0.011449542827904224,
        0.011382446624338627,
        0.010946380905807018,
        0.010704941116273403,
        0.010198613628745079,
        0.009856709279119968,
        0.00976009014993906,
        0.00961290206760168,
        0.009820489212870598,
        0.01001014281064272,
        0.009589900262653828,
        0.009544936008751392,
        0.009010699577629566,
        0.008772714994847775,
        0.008528871461749077,
        0.007995315827429295,
        0.008059274405241013,
        0.00817034486681223,
        0.00775535823777318,
        0.007573828101158142,
        0.007764698006212711,
        0.007863893173635006,
        0.007494237273931503,
        0.007453503552824259,
        0.007402830757200718,
        0.007518942933529615,
        0.007637367118149996,
        0.00785961002111435,
        0.008455425500869751,
        0.008849035948514938,
        0.008701493963599205,
        0.00854572281241417,
        0.00848496425896883,
        0.008998951874673367,
        0.00864482019096613,
        0.008593745529651642,
        0.008893136866390705,
        0.008321292698383331,
        0.008390059694647789,
        0.008356993086636066,
        0.008187594823539257,
        0.008171229623258114,
        0.008235777728259563,
        0.00828221533447504,
        0.008263256400823593,
        0.008499926887452602,
        0.008396437391638756,
        0.008493883535265923,
        0.00816051010042429,
        0.008030593395233154,
        0.008129003457725048,
        0.00823602732270956,
        0.007909541949629784,
        0.00791303999722004,
        0.008082225918769836
    ]
}