{
    "epoch": [
        0,
        1,
        2,
        3,
        4,
        5,
        6,
        7,
        8,
        9,
        10,
        11,
        12,
        13,
        14,
        15,
        16,
        17,
        18,
        19,
        20,
        21,
        22,
        23,
        24,
        25,
        26,
        27,
        28,
        29,
        30,
        31,
        32,
        33,
        34,
        35,
        36,
        37,
        38,
        39,
        40,
        41,
        42,
        43,
        44,
        45,
        46,
        47,
        48,
        49,
        50,
        51,
        52,
        53,
        54,
        55,
        56,
        57,
        58,
        59,
        60,
        61,
        62,
        63,
        64,
        65,
        66,
        67,
        68,
        69,
        70,
        71,
        72,
        73,
        74,
        75,
        76,
        77,
        78,
        79,
        80,
        81,
        82,
        83,
        84,
        85,
        86,
        87,
        88,
        89,
        90,
        91,
        92,
        93,
        94,
        95,
        96,
        97,
        98,
        99
    ],
    "train_loss": [
        0.02768469974398613,
        0.01594250090420246,
        0.01526575069874525,
        0.014931843616068363,
        0.014995422214269638,
        0.015576220117509365,
        0.014898854307830334,
        0.01448263693600893,
        0.014069927856326103,
        0.013835331425070763,
        0.015175409615039825,
        0.019559567794203758,
        0.014042030088603497,
        0.008216911926865578,
        0.008116061799228191,
        0.009435382671654224,
        0.009364509955048561,
        0.008396158926188946,
        0.008016122505068779,
        0.007718666922301054,
        0.007132926490157843,
        0.007033498492091894,
        0.006822715513408184,
        0.006594282109290361,
        0.006692851427942514,
        0.006510243285447359,
        0.006395386997610331,
        0.006447893101722002,
        0.006517969537526369,
        0.006299178581684828,
        0.006234148051589727,
        0.006230394821614027,
        0.006187403574585915,
        0.006209596525877714,
        0.006279984023422003,
        0.006132729351520538,
        0.0060569243505597115,
        0.006144056096673012,
        0.0061218286864459515,
        0.006010789889842272,
        0.005947590805590153,
        0.00590256042778492,
        0.0058502135798335075,
        0.0059291464276611805,
        0.006018277257680893,
        0.006109978538006544,
        0.0060971397906541824,
        0.005988020915538073,
        0.0059373024851083755,
        0.005888576619327068,
        0.005874167196452618,
        0.005920445080846548,
        0.005946125835180283,
        0.005988919176161289,
        0.00607281643897295,
        0.0060843247920274734,
        0.006063835229724646,
        0.006015339866280556,
        0.00596154248341918,
        0.00592590169981122,
        0.005926377605646849,
        0.005803040228784084,
        0.005760095547884703,
        0.0057374839670956135,
        0.005748081021010876,
        0.005788431037217379,
        0.0058343238197267056,
        0.005936227738857269,
        0.00592879019677639,
        0.005870552733540535,
        0.005721017252653837,
        0.005673336796462536,
        0.005645292345434427,
        0.00564230140298605,
        0.005648208316415548,
        0.0056524151004850864,
        0.00566302752122283,
        0.00567314587533474,
        0.005685253068804741,
        0.005689345765858889,
        0.005705006420612335,
        0.005704697221517563,
        0.005704697221517563,
        0.005704697221517563,
        0.005698307882994413,
        0.005675445310771465,
        0.005644259043037891,
        0.005585568491369486,
        0.0055768778547644615,
        0.0055277650244534016,
        0.005506268236786127,
        0.00550626777112484,
        0.005506268236786127,
        0.005537773948162794,
        0.005538007244467735,
        0.005541488062590361,
        0.00554535910487175,
        0.005545372609049082,
        0.00554483151063323,
        0.005544678308069706
    ]
}