{
    "epoch": [
        0,
        1,
        2,
        3,
        4,
        5,
        6,
        7,
        8,
        9,
        10,
        11,
        12,
        13,
        14,
        15,
        16,
        17,
        18,
        19,
        20,
        21,
        22,
        23,
        24,
        25,
        26,
        27,
        28,
        29,
        30,
        31,
        32,
        33,
        34,
        35,
        36,
        37,
        38,
        39,
        40,
        41,
        42,
        43,
        44,
        45,
        46,
        47,
        48,
        49,
        50,
        51,
        52,
        53,
        54,
        55,
        56,
        57,
        58,
        59,
        60,
        61,
        62,
        63,
        64,
        65,
        66,
        67,
        68,
        69,
        70,
        71,
        72,
        73,
        74,
        75,
        76,
        77,
        78,
        79,
        80,
        81,
        82,
        83,
        84,
        85,
        86,
        87,
        88,
        89,
        90,
        91,
        92,
        93,
        94,
        95,
        96,
        97,
        98,
        99
    ],
    "train_loss": [
        0.11133167892694473,
        0.034482650458812714,
        0.02329682745039463,
        0.016389191150665283,
        0.013620816171169281,
        0.02317584492266178,
        0.015993649140000343,
        0.01413061935454607,
        0.01566833257675171,
        0.014536460861563683,
        0.014279652386903763,
        0.016379907727241516,
        0.015862010419368744,
        0.01931159384548664,
        0.015678854659199715,
        0.016400905326008797,
        0.017428338527679443,
        0.015277263708412647,
        0.015186754055321217,
        0.01457298081368208,
        0.014769029803574085,
        0.014449617825448513,
        0.015824494883418083,
        0.015051042661070824,
        0.01315488014370203,
        0.012819396331906319,
        0.013424579054117203,
        0.014087856747210026,
        0.013297438621520996,
        0.013380113989114761,
        0.013518809340894222,
        0.013787340372800827,
        0.012774084694683552,
        0.01251785084605217,
        0.01315371599048376,
        0.013617508113384247,
        0.014024565927684307,
        0.01343513559550047,
        0.013375122100114822,
        0.01359801460057497,
        0.01405425276607275,
        0.013401308096945286,
        0.012390977703034878,
        0.01267519872635603,
        0.012985705398023129,
        0.012652933597564697,
        0.01294553279876709,
        0.012269816361367702,
        0.011888436041772366,
        0.011541719548404217,
        0.011432668194174767,
        0.011193130165338516,
        0.011154957115650177,
        0.011291657574474812,
        0.010910915210843086,
        0.01112289633601904,
        0.01089831069111824,
        0.011118336580693722,
        0.01174547802656889,
        0.011935451067984104,
        0.012059594504535198,
        0.011694679968059063,
        0.011222987435758114,
        0.01088507380336523,
        0.010822175070643425,
        0.010639984160661697,
        0.010817105881869793,
        0.010607242584228516,
        0.0103220259770751,
        0.010171287693083286,
        0.010409186594188213,
        0.01074038166552782,
        0.010897508822381496,
        0.010956700891256332,
        0.010941100306808949,
        0.010658763349056244,
        0.01061895303428173,
        0.010658470913767815,
        0.01071203127503395,
        0.010704348795115948,
        0.010521653108298779,
        0.010488061234354973,
        0.010325074195861816,
        0.010168547742068768,
        0.010190488770604134,
        0.010117514990270138,
        0.010124794207513332,
        0.010342312045395374,
        0.01047798153012991,
        0.01050205621868372,
        0.010502055287361145,
        0.01050205621868372,
        0.01050205621868372,
        0.01050205621868372,
        0.01050205621868372,
        0.01050205621868372,
        0.01050205621868372,
        0.01050205621868372,
        0.010382864624261856,
        0.010553287342190742
    ]
}