{
    "epoch": [
        0,
        1,
        2,
        3,
        4,
        5,
        6,
        7,
        8,
        9,
        10,
        11,
        12,
        13,
        14,
        15,
        16,
        17,
        18,
        19,
        20,
        21,
        22,
        23,
        24,
        25,
        26,
        27,
        28,
        29,
        30,
        31,
        32,
        33,
        34,
        35,
        36,
        37,
        38,
        39,
        40,
        41,
        42,
        43,
        44,
        45,
        46,
        47,
        48,
        49,
        50,
        51,
        52,
        53,
        54,
        55,
        56,
        57,
        58,
        59,
        60,
        61,
        62,
        63,
        64,
        65,
        66,
        67,
        68,
        69,
        70,
        71,
        72,
        73,
        74,
        75,
        76,
        77,
        78,
        79,
        80,
        81,
        82,
        83,
        84,
        85,
        86,
        87,
        88,
        89,
        90,
        91,
        92,
        93,
        94,
        95,
        96,
        97,
        98,
        99
    ],
    "train_loss": [
        0.036911215633153915,
        0.020012767985463142,
        0.015751991420984268,
        0.012269669212400913,
        0.011024474166333675,
        0.00795187521725893,
        0.013976200483739376,
        0.009384076111018658,
        0.007125716656446457,
        0.006473300512880087,
        0.008594589307904243,
        0.007315366994589567,
        0.007605370599776506,
        0.008046570234000683,
        0.007728029973804951,
        0.008571176789700985,
        0.007520192302763462,
        0.007081819698214531,
        0.006985456217080355,
        0.007558685261756182,
        0.007646873593330383,
        0.007364267949014902,
        0.00717010535299778,
        0.007199800573289394,
        0.007538555655628443,
        0.00759557681158185,
        0.0078811040148139,
        0.0077147469855844975,
        0.007451754994690418,
        0.007437204010784626,
        0.007355859503149986,
        0.006875779014080763,
        0.00790444016456604,
        0.01043744757771492,
        0.008210528641939163,
        0.008679904043674469,
        0.008507021702826023,
        0.008047977462410927,
        0.007500652223825455,
        0.007175658363848925,
        0.007072152104228735,
        0.006960340775549412,
        0.006769109051674604,
        0.006420316640287638,
        0.006383173167705536,
        0.006426601205021143,
        0.006497879978269339,
        0.006468717008829117,
        0.006425953935831785,
        0.006426724139600992,
        0.006388695910573006,
        0.006390472408384085,
        0.006361109204590321,
        0.006333847530186176,
        0.006412095855921507,
        0.006517111323773861,
        0.006521977949887514,
        0.0065010664984583855,
        0.006497179623693228,
        0.006519426126033068,
        0.006530011538416147,
        0.0065235174261033535,
        0.006463344674557447,
        0.00645216042175889,
        0.006461369805037975,
        0.006461369805037975,
        0.006461369805037975,
        0.0064619360491633415,
        0.0064797429367899895,
        0.006479860283434391,
        0.006480125710368156,
        0.0065043275244534016,
        0.00651997234672308,
        0.006533563602715731,
        0.006552125792950392,
        0.006521999835968018,
        0.006540338508784771,
        0.006588613148778677,
        0.006534155923873186,
        0.006491544656455517,
        0.006502766627818346,
        0.006513080094009638,
        0.00652912724763155,
        0.0065126921981573105,
        0.006510427221655846,
        0.006521602161228657,
        0.006529525388032198,
        0.0065222689881920815,
        0.006500909570604563,
        0.006448271684348583,
        0.006444903556257486,
        0.006481287535279989,
        0.006451755296438932,
        0.006368190050125122,
        0.006381480488926172,
        0.006436660885810852,
        0.006478673778474331,
        0.0064291274175047874,
        0.006428955122828484,
        0.006428955122828484
    ]
}