{
    "epoch": [
        0,
        1,
        2,
        3,
        4,
        5,
        6,
        7,
        8,
        9,
        10,
        11,
        12,
        13,
        14,
        15,
        16,
        17,
        18,
        19,
        20,
        21,
        22,
        23,
        24,
        25,
        26,
        27,
        28,
        29,
        30,
        31,
        32,
        33,
        34,
        35,
        36,
        37,
        38,
        39,
        40,
        41,
        42,
        43,
        44,
        45,
        46,
        47,
        48,
        49,
        50,
        51,
        52,
        53,
        54,
        55,
        56,
        57,
        58,
        59,
        60,
        61,
        62,
        63,
        64,
        65,
        66,
        67,
        68,
        69,
        70,
        71,
        72,
        73,
        74,
        75,
        76,
        77,
        78,
        79,
        80,
        81,
        82,
        83,
        84,
        85,
        86,
        87,
        88,
        89,
        90,
        91,
        92,
        93,
        94,
        95,
        96,
        97,
        98,
        99
    ],
    "train_loss": [
        0.020520538091659546,
        0.008613231591880322,
        0.007058124057948589,
        0.01100553572177887,
        0.007882735691964626,
        0.01024382933974266,
        0.008655077777802944,
        0.007619381882250309,
        0.00707892095670104,
        0.007334653288125992,
        0.006921431981027126,
        0.008063617162406445,
        0.007268673740327358,
        0.006344348192214966,
        0.006283534690737724,
        0.006253641564399004,
        0.00614919513463974,
        0.006054865662008524,
        0.005908622872084379,
        0.005759419407695532,
        0.0056898510083556175,
        0.00566676864400506,
        0.005704911425709724,
        0.005725267343223095,
        0.0057175420224666595,
        0.005668495781719685,
        0.005782565101981163,
        0.005769289564341307,
        0.005799663718789816,
        0.005863461177796125,
        0.005905452650040388,
        0.005909471306949854,
        0.005886978469789028,
        0.005893446039408445,
        0.0058911023661494255,
        0.005898104049265385,
        0.005919295828789473,
        0.005922241602092981,
        0.005961057264357805,
        0.005946345627307892,
        0.005914528388530016,
        0.005891862325370312,
        0.005771603435277939,
        0.005723883863538504,
        0.005700159817934036,
        0.005678666289895773,
        0.005678579676896334,
        0.005700959824025631,
        0.005708463955670595,
        0.005611075088381767,
        0.005521842278540134,
        0.005491618532687426,
        0.005462671164423227,
        0.0054456209763884544,
        0.005483039189130068,
        0.00553116062656045,
        0.0058825076557695866,
        0.005803129635751247,
        0.00598764605820179,
        0.006115589290857315,
        0.006422251462936401,
        0.006272192113101482,
        0.0059769609943032265,
        0.005977113265544176,
        0.005756620783358812,
        0.005537203047424555,
        0.005347882863134146,
        0.005218700040131807,
        0.005097375717014074,
        0.005001385230571032,
        0.00500457501038909,
        0.004972654860466719,
        0.004975997842848301,
        0.004883586894720793,
        0.004902190063148737,
        0.00490720896050334,
        0.004992472007870674,
        0.0049364701844751835,
        0.004921489395201206,
        0.0047299824655056,
        0.004484945442527533,
        0.004424837417900562,
        0.0043690926395356655,
        0.004307740367949009,
        0.00425359420478344,
        0.00425359420478344,
        0.004253594670444727,
        0.004253594670444727,
        0.004253594670444727,
        0.00425359420478344,
        0.00425359420478344,
        0.00425359420478344,
        0.00425359420478344,
        0.00425359420478344,
        0.00425359420478344,
        0.00425359420478344,
        0.004210076294839382,
        0.004190830048173666,
        0.004182571545243263,
        0.004228097852319479
    ]
}