{
    "epoch": [
        0,
        1,
        2,
        3,
        4,
        5,
        6,
        7,
        8,
        9,
        10,
        11,
        12,
        13,
        14,
        15,
        16,
        17,
        18,
        19,
        20,
        21,
        22,
        23,
        24,
        25,
        26,
        27,
        28,
        29,
        30,
        31,
        32,
        33,
        34,
        35,
        36,
        37,
        38,
        39,
        40,
        41,
        42,
        43,
        44,
        45,
        46,
        47,
        48,
        49,
        50,
        51,
        52,
        53,
        54,
        55,
        56,
        57,
        58,
        59,
        60,
        61,
        62,
        63,
        64,
        65,
        66,
        67,
        68,
        69,
        70,
        71,
        72,
        73,
        74,
        75,
        76,
        77,
        78,
        79,
        80,
        81,
        82,
        83,
        84,
        85,
        86,
        87,
        88,
        89,
        90,
        91,
        92,
        93,
        94,
        95,
        96,
        97,
        98,
        99
    ],
    "train_loss": [
        0.5844660997390747,
        0.44294777512550354,
        0.3506943881511688,
        0.30609384179115295,
        0.27743062376976013,
        0.262523353099823,
        0.2075328379869461,
        0.18407534062862396,
        0.16651807725429535,
        0.1511664092540741,
        0.1589258313179016,
        0.12607522308826447,
        0.10514034330844879,
        0.09654892981052399,
        0.09214566648006439,
        0.11010709404945374,
        0.09871827811002731,
        0.0927138403058052,
        0.08711444586515427,
        0.0821453109383583,
        0.0870269164443016,
        0.07957956939935684,
        0.07608811557292938,
        0.07291637361049652,
        0.0701749324798584,
        0.0714581310749054,
        0.06720886379480362,
        0.06498757749795914,
        0.06284815073013306,
        0.06090926751494408,
        0.061863552778959274,
        0.059584517031908035,
        0.05755840241909027,
        0.05599315091967583,
        0.05435578525066376,
        0.05527539551258087,
        0.053058646619319916,
        0.05047033354640007,
        0.048314254730939865,
        0.04663562774658203,
        0.05027436092495918,
        0.04710952565073967,
        0.04472159594297409,
        0.04291747510433197,
        0.04171893000602722,
        0.0432882122695446,
        0.041358496993780136,
        0.03977864608168602,
        0.03858720511198044,
        0.03726838529109955,
        0.03615455701947212,
        0.03527029603719711,
        0.03467395529150963,
        0.0339699387550354,
        0.03315182402729988,
        0.032361745834350586,
        0.031605031341314316,
        0.030699338763952255,
        0.02949904464185238,
        0.029091373085975647,
        0.028681878000497818,
        0.028185145929455757,
        0.02800915203988552,
        0.027736099436879158,
        0.02801409177482128,
        0.027701249346137047,
        0.027986356988549232,
        0.02756131999194622,
        0.027674438431859016,
        0.027488719671964645,
        0.027077259495854378,
        0.026398014277219772,
        0.02614978328347206,
        0.025142505764961243,
        0.025114813819527626,
        0.024649769067764282,
        0.02447650581598282,
        0.023957250639796257,
        0.023326516151428223,
        0.02312105894088745,
        0.02270289696753025,
        0.02334582805633545,
        0.02379477396607399,
        0.024066325277090073,
        0.024504637345671654,
        0.024241583421826363,
        0.02374991960823536,
        0.023624634370207787,
        0.023356875404715538,
        0.023719366639852524,
        0.025126392021775246,
        0.025152182206511497,
        0.024939758703112602,
        0.025549545884132385,
        0.026008877903223038,
        0.026111919432878494,
        0.024990912526845932,
        0.024096930399537086,
        0.023309210315346718,
        0.022680964320898056
    ]
}