{
    "epoch": [
        0,
        1,
        2,
        3,
        4,
        5,
        6,
        7,
        8,
        9,
        10,
        11,
        12,
        13,
        14,
        15,
        16,
        17,
        18,
        19,
        20,
        21,
        22,
        23,
        24,
        25,
        26,
        27,
        28,
        29,
        30,
        31,
        32,
        33,
        34,
        35,
        36,
        37,
        38,
        39,
        40,
        41,
        42,
        43,
        44,
        45,
        46,
        47,
        48,
        49,
        50,
        51,
        52,
        53,
        54,
        55,
        56,
        57,
        58,
        59,
        60,
        61,
        62,
        63,
        64,
        65,
        66,
        67,
        68,
        69,
        70,
        71,
        72,
        73,
        74,
        75,
        76,
        77,
        78,
        79,
        80,
        81,
        82,
        83,
        84,
        85,
        86,
        87,
        88,
        89,
        90,
        91,
        92,
        93,
        94,
        95,
        96,
        97,
        98,
        99
    ],
    "train_loss": [
        0.0879291370511055,
        0.049934327602386475,
        0.03700408339500427,
        0.03284260630607605,
        0.02621014416217804,
        0.02529083378612995,
        0.02224922366440296,
        0.02155785635113716,
        0.019939692690968513,
        0.018669554963707924,
        0.01729794591665268,
        0.018125498667359352,
        0.01728392392396927,
        0.017112378031015396,
        0.0161389522254467,
        0.015302424319088459,
        0.015761232003569603,
        0.016917726024985313,
        0.01700577884912491,
        0.015779439359903336,
        0.015579641796648502,
        0.016565483063459396,
        0.014665195718407631,
        0.014351321384310722,
        0.014176459051668644,
        0.014345268718898296,
        0.013892256654798985,
        0.013519632630050182,
        0.013459068723022938,
        0.013453135266900063,
        0.01364227943122387,
        0.013683706521987915,
        0.013491859659552574,
        0.013260665349662304,
        0.013147788122296333,
        0.013108564540743828,
        0.013007359579205513,
        0.013004904612898827,
        0.01282663643360138,
        0.012769774533808231,
        0.012766798958182335,
        0.012605419382452965,
        0.01247527077794075,
        0.012291056104004383,
        0.012320905923843384,
        0.012428374961018562,
        0.012368639931082726,
        0.012313771061599255,
        0.012313710525631905,
        0.012259582988917828,
        0.012261616066098213,
        0.012320528738200665,
        0.012308805249631405,
        0.012267645448446274,
        0.012176801450550556,
        0.012147118337452412,
        0.012142257764935493,
        0.012164067476987839,
        0.012172721326351166,
        0.01219440158456564,
        0.012202084995806217,
        0.012209541164338589,
        0.012227700091898441,
        0.012203192338347435,
        0.01221540104597807,
        0.012208538129925728,
        0.012249249964952469,
        0.0122393649071455,
        0.012226465158164501,
        0.012195831164717674,
        0.012210684828460217,
        0.012286112643778324,
        0.012352115474641323,
        0.01231559831649065,
        0.012246144004166126,
        0.012299945577979088,
        0.012324287556111813,
        0.012392408214509487,
        0.012382857501506805,
        0.012354815378785133,
        0.01232419814914465,
        0.01233982015401125,
        0.012398313730955124,
        0.012446895241737366,
        0.012411513365805149,
        0.012402216903865337,
        0.012427334673702717,
        0.012438858859241009,
        0.01245846413075924,
        0.01248070877045393,
        0.012523910030722618,
        0.01255123782902956,
        0.012561853975057602,
        0.012587052769958973,
        0.01261109672486782,
        0.012575514614582062,
        0.01253649964928627,
        0.012522649951279163,
        0.012501202523708344,
        0.012484585866332054
    ]
}