{
    "epoch": [
        0,
        1,
        2,
        3,
        4,
        5,
        6,
        7,
        8,
        9,
        10,
        11,
        12,
        13,
        14,
        15,
        16,
        17,
        18,
        19,
        20,
        21,
        22,
        23,
        24,
        25,
        26,
        27,
        28,
        29,
        30,
        31,
        32,
        33,
        34,
        35,
        36,
        37,
        38,
        39,
        40,
        41,
        42,
        43,
        44,
        45,
        46,
        47,
        48,
        49,
        50,
        51,
        52,
        53,
        54,
        55,
        56,
        57,
        58,
        59,
        60,
        61,
        62,
        63,
        64,
        65,
        66,
        67,
        68,
        69,
        70,
        71,
        72,
        73,
        74,
        75,
        76,
        77,
        78,
        79,
        80,
        81,
        82,
        83,
        84,
        85,
        86,
        87,
        88,
        89,
        90,
        91,
        92,
        93,
        94,
        95,
        96,
        97,
        98,
        99
    ],
    "train_loss": [
        0.11156896501779556,
        0.04868459329009056,
        0.02328619919717312,
        0.02099001035094261,
        0.018898874521255493,
        0.014180202037096024,
        0.013655654154717922,
        0.013780052773654461,
        0.010815686546266079,
        0.009461037814617157,
        0.009749596938490868,
        0.009861098602414131,
        0.009353232569992542,
        0.008483432233333588,
        0.008321692235767841,
        0.008112720213830471,
        0.008160945028066635,
        0.009486045688390732,
        0.011750929988920689,
        0.009882763028144836,
        0.010305703617632389,
        0.009148366749286652,
        0.010137601755559444,
        0.008003161288797855,
        0.006600539665669203,
        0.006813032552599907,
        0.0066515058279037476,
        0.0066015347838401794,
        0.006607622839510441,
        0.006625245790928602,
        0.00663732411339879,
        0.006603259593248367,
        0.006562336347997189,
        0.0065336646512150764,
        0.006502420175820589,
        0.006557120010256767,
        0.0066382866352796555,
        0.0066063557751476765,
        0.006635192781686783,
        0.006592723540961742,
        0.006645506247878075,
        0.007228938862681389,
        0.006901843007653952,
        0.006449634209275246,
        0.006467283237725496,
        0.006501177791506052,
        0.006422643084079027,
        0.006392881739884615,
        0.006377114448696375,
        0.006320374086499214,
        0.006246867123991251,
        0.006192108616232872,
        0.006148724816739559,
        0.00605961587280035,
        0.006003543268889189,
        0.005997308064252138,
        0.005994191858917475,
        0.005985393654555082,
        0.005962403956800699,
        0.005944848991930485,
        0.005931498948484659,
        0.005924649070948362,
        0.005926612298935652,
        0.0059259687550365925,
        0.005925878882408142,
        0.005923306569457054,
        0.005920898634940386,
        0.0059134564362466335,
        0.005896548740565777,
        0.005865883082151413,
        0.005851148162037134,
        0.005852746311575174,
        0.005845456849783659,
        0.00584917888045311,
        0.0058740731328725815,
        0.005894891917705536,
        0.005911697633564472,
        0.005902126431465149,
        0.00590079789981246,
        0.005899125710129738,
        0.005896090064197779,
        0.005878865253180265,
        0.00586040411144495,
        0.005837603006511927,
        0.005820226855576038,
        0.005808141082525253,
        0.005796371027827263,
        0.0057857525534927845,
        0.005780286155641079,
        0.0058011990040540695,
        0.005858790595084429,
        0.005859851371496916,
        0.005860503762960434,
        0.005843796767294407,
        0.00581576069816947,
        0.005790678318589926,
        0.005752394441515207,
        0.005722627509385347,
        0.005646473728120327,
        0.005602207500487566
    ]
}