{
    "epoch": [
        0,
        1,
        2,
        3,
        4,
        5,
        6,
        7,
        8,
        9,
        10,
        11,
        12,
        13,
        14,
        15,
        16,
        17,
        18,
        19,
        20,
        21,
        22,
        23,
        24,
        25,
        26,
        27,
        28,
        29,
        30,
        31,
        32,
        33,
        34,
        35,
        36,
        37,
        38,
        39,
        40,
        41,
        42,
        43,
        44,
        45,
        46,
        47,
        48,
        49,
        50,
        51,
        52,
        53,
        54,
        55,
        56,
        57,
        58,
        59,
        60,
        61,
        62,
        63,
        64,
        65,
        66,
        67,
        68,
        69,
        70,
        71,
        72,
        73,
        74,
        75,
        76,
        77,
        78,
        79,
        80,
        81,
        82,
        83,
        84,
        85,
        86,
        87,
        88,
        89,
        90,
        91,
        92,
        93,
        94,
        95,
        96,
        97,
        98,
        99
    ],
    "train_loss": [
        0.03812986612319946,
        0.01940581202507019,
        0.011614147573709488,
        0.011051466688513756,
        0.00955487135797739,
        0.009263968095183372,
        0.009127910248935223,
        0.013145833276212215,
        0.018163524568080902,
        0.0164511576294899,
        0.013466832228004932,
        0.01343594491481781,
        0.01248575933277607,
        0.010408281348645687,
        0.009771828539669514,
        0.00975382886826992,
        0.009228300303220749,
        0.008134247735142708,
        0.007646786514669657,
        0.007389097940176725,
        0.007083927746862173,
        0.006967067252844572,
        0.006900310982018709,
        0.006716329604387283,
        0.006696510128676891,
        0.006737280637025833,
        0.006703794002532959,
        0.006636401172727346,
        0.0066789924167096615,
        0.00664561428129673,
        0.006657149642705917,
        0.0066104456782341,
        0.006542470306158066,
        0.006525256671011448,
        0.006485868711024523,
        0.0064605167135596275,
        0.006461304612457752,
        0.006461937911808491,
        0.006449017208069563,
        0.0064516025595366955,
        0.006448149215430021,
        0.006451163440942764,
        0.006376722827553749,
        0.00632815295830369,
        0.0062727187760174274,
        0.006272423081099987,
        0.006251264829188585,
        0.006239696405827999,
        0.0062363045290112495,
        0.0062400163151323795,
        0.006227054633200169,
        0.006237925495952368,
        0.006280809175223112,
        0.006255768705159426,
        0.00626975717023015,
        0.0062697576358914375,
        0.0062697576358914375,
        0.00627066008746624,
        0.00624469481408596,
        0.0061959195882081985,
        0.006176699884235859,
        0.006195832509547472,
        0.006200350821018219,
        0.006220343057066202,
        0.006226778496056795,
        0.006249327678233385,
        0.006270475219935179,
        0.006234174594283104,
        0.006220127921551466,
        0.0062082502990961075,
        0.0061793518252670765,
        0.00615485105663538,
        0.006131810136139393,
        0.006111443974077702,
        0.006092952098697424,
        0.006085620727390051,
        0.0060765924863517284,
        0.006059821229428053,
        0.006029714830219746,
        0.0059976764023303986,
        0.005956857930868864,
        0.005925601813942194,
        0.005919250193983316,
        0.005933729000389576,
        0.005886585917323828,
        0.005849677603691816,
        0.005812198389321566,
        0.00578348571434617,
        0.005802112631499767,
        0.005819013342261314,
        0.005814548581838608,
        0.005799128673970699,
        0.005786539521068335,
        0.0057841413654387,
        0.005781331565231085,
        0.005780692212283611,
        0.005781340878456831,
        0.00577895762398839,
        0.005765462294220924,
        0.005737850908190012
    ]
}