{
    "epoch": [
        0,
        1,
        2,
        3,
        4,
        5,
        6,
        7,
        8,
        9,
        10,
        11,
        12,
        13,
        14,
        15,
        16,
        17,
        18,
        19,
        20,
        21,
        22,
        23,
        24,
        25,
        26,
        27,
        28,
        29,
        30,
        31,
        32,
        33,
        34,
        35,
        36,
        37,
        38,
        39,
        40,
        41,
        42,
        43,
        44,
        45,
        46,
        47,
        48,
        49,
        50,
        51,
        52,
        53,
        54,
        55,
        56,
        57,
        58,
        59,
        60,
        61,
        62,
        63,
        64,
        65,
        66,
        67,
        68,
        69,
        70,
        71,
        72,
        73,
        74,
        75,
        76,
        77,
        78,
        79,
        80,
        81,
        82,
        83,
        84,
        85,
        86,
        87,
        88,
        89,
        90,
        91,
        92,
        93,
        94,
        95,
        96,
        97,
        98,
        99
    ],
    "train_loss": [
        0.7467162609100342,
        0.6233516335487366,
        0.4881170094013214,
        0.42242562770843506,
        0.3631628453731537,
        0.24828121066093445,
        0.15551632642745972,
        0.10967046767473221,
        0.09138595312833786,
        0.07875405997037888,
        0.08626357465982437,
        0.07423131912946701,
        0.06692235171794891,
        0.06021587923169136,
        0.05273878201842308,
        0.059514619410037994,
        0.053280994296073914,
        0.04930240660905838,
        0.04651915654540062,
        0.04333420470356941,
        0.048560887575149536,
        0.044960763305425644,
        0.04198050871491432,
        0.040422361344099045,
        0.03863396495580673,
        0.04109960049390793,
        0.03822772204875946,
        0.036115486174821854,
        0.03456156700849533,
        0.03305264934897423,
        0.03344900906085968,
        0.03217155113816261,
        0.0317426435649395,
        0.030737902969121933,
        0.030128179118037224,
        0.030225912109017372,
        0.029362475499510765,
        0.027918357402086258,
        0.027238668873906136,
        0.02674931101500988,
        0.028705159202218056,
        0.027156375348567963,
        0.026191817596554756,
        0.025934617966413498,
        0.02526664361357689,
        0.02680821530520916,
        0.025594759732484818,
        0.02615753933787346,
        0.02581372857093811,
        0.02551853470504284,
        0.025490520521998405,
        0.02592768706381321,
        0.025830021128058434,
        0.024517446756362915,
        0.025124039500951767,
        0.02470913901925087,
        0.02511531300842762,
        0.02479824237525463,
        0.02521313540637493,
        0.025286508724093437,
        0.023947840556502342,
        0.02447805181145668,
        0.025105439126491547,
        0.02590079791843891,
        0.02698199823498726,
        0.027268044650554657,
        0.02746439352631569,
        0.027284128591418266,
        0.027273938059806824,
        0.02728189155459404,
        0.026637254282832146,
        0.02611170895397663,
        0.025647349655628204,
        0.025851141661405563,
        0.026123417541384697,
        0.027311764657497406,
        0.02708224020898342,
        0.02737942524254322,
        0.027026159688830376,
        0.026653623208403587,
        0.0264993105083704,
        0.02634664624929428,
        0.026275578886270523,
        0.02592122182250023,
        0.025675812736153603,
        0.025531604886054993,
        0.025444112718105316,
        0.025183167308568954,
        0.02510146051645279,
        0.025238489732146263,
        0.025264732539653778,
        0.025082387030124664,
        0.024399830028414726,
        0.02440527454018593,
        0.024334430694580078,
        0.02442464418709278,
        0.02467936836183071,
        0.024376818910241127,
        0.024050574749708176,
        0.02395402453839779
    ]
}