{
    "epoch": [
        0,
        1,
        2,
        3,
        4,
        5,
        6,
        7,
        8,
        9,
        10,
        11,
        12,
        13,
        14,
        15,
        16,
        17,
        18,
        19,
        20,
        21,
        22,
        23,
        24,
        25,
        26,
        27,
        28,
        29,
        30,
        31,
        32,
        33,
        34,
        35,
        36,
        37,
        38,
        39,
        40,
        41,
        42,
        43,
        44,
        45,
        46,
        47,
        48,
        49,
        50,
        51,
        52,
        53,
        54,
        55,
        56,
        57,
        58,
        59,
        60,
        61,
        62,
        63,
        64,
        65,
        66,
        67,
        68,
        69,
        70,
        71,
        72,
        73,
        74,
        75,
        76,
        77,
        78,
        79,
        80,
        81,
        82,
        83,
        84,
        85,
        86,
        87,
        88,
        89,
        90,
        91,
        92,
        93,
        94,
        95,
        96,
        97,
        98,
        99
    ],
    "train_loss": [
        0.02911902591586113,
        0.012922612950205803,
        0.011456489562988281,
        0.012669669464230537,
        0.010657349601387978,
        0.010632633231580257,
        0.010640055872499943,
        0.010696720331907272,
        0.010826079174876213,
        0.010728668421506882,
        0.010696114972233772,
        0.010642643086612225,
        0.01062430627644062,
        0.010583489201962948,
        0.010497595183551311,
        0.010405370034277439,
        0.010378893464803696,
        0.010360191576182842,
        0.010426866821944714,
        0.010429590940475464,
        0.010448367334902287,
        0.010459547862410545,
        0.010473422706127167,
        0.01041819341480732,
        0.010282251052558422,
        0.010269383899867535,
        0.010284064337611198,
        0.010274101980030537,
        0.01017129048705101,
        0.010034408420324326,
        0.010001524351537228,
        0.010049646720290184,
        0.010094103403389454,
        0.01013550441712141,
        0.010166079737246037,
        0.010198989883065224,
        0.010217634961009026,
        0.010195557028055191,
        0.01014918927103281,
        0.010036234743893147,
        0.0099635673686862,
        0.009916293434798717,
        0.009918289259076118,
        0.00991528108716011,
        0.009886353276669979,
        0.009900130331516266,
        0.009930737316608429,
        0.010001115500926971,
        0.010021811351180077,
        0.009987575933337212,
        0.009939629584550858,
        0.009837424382567406,
        0.009734764695167542,
        0.009688732214272022,
        0.009615128859877586,
        0.009653260931372643,
        0.009687021374702454,
        0.009724488481879234,
        0.0097751310095191,
        0.009776044636964798,
        0.009785975329577923,
        0.009832574985921383,
        0.00988022517412901,
        0.009863979183137417,
        0.009807712398469448,
        0.009693020954728127,
        0.00966606941074133,
        0.009512536227703094,
        0.009429640136659145,
        0.009343540295958519,
        0.00928774569183588,
        0.009232708252966404,
        0.009217752143740654,
        0.009215792641043663,
        0.009270311333239079,
        0.009301439858973026,
        0.009392322972416878,
        0.009419983252882957,
        0.009434505365788937,
        0.009404920041561127,
        0.009345168247818947,
        0.00926191546022892,
        0.009186736308038235,
        0.009165779687464237,
        0.009171592071652412,
        0.00918618030846119,
        0.00921678263694048,
        0.009271398186683655,
        0.009310085326433182,
        0.00933835655450821,
        0.009415187872946262,
        0.00964480359107256,
        0.009790862910449505,
        0.009797779843211174,
        0.009814011864364147,
        0.009922627359628677,
        0.009947999380528927,
        0.009992843493819237,
        0.010026998817920685,
        0.010083052329719067
    ]
}