{
    "epoch": [
        0,
        1,
        2,
        3,
        4,
        5,
        6,
        7,
        8,
        9,
        10,
        11,
        12,
        13,
        14,
        15,
        16,
        17,
        18,
        19,
        20,
        21,
        22,
        23,
        24,
        25,
        26,
        27,
        28,
        29,
        30,
        31,
        32,
        33,
        34,
        35,
        36,
        37,
        38,
        39,
        40,
        41,
        42,
        43,
        44,
        45,
        46,
        47,
        48,
        49,
        50,
        51,
        52,
        53,
        54,
        55,
        56,
        57,
        58,
        59,
        60,
        61,
        62,
        63,
        64,
        65,
        66,
        67,
        68,
        69,
        70,
        71,
        72,
        73,
        74,
        75,
        76,
        77,
        78,
        79,
        80,
        81,
        82,
        83,
        84,
        85,
        86,
        87,
        88,
        89,
        90,
        91,
        92,
        93,
        94,
        95,
        96,
        97,
        98,
        99
    ],
    "train_loss": [
        0.02309991605579853,
        0.009506733156740665,
        0.007505325134843588,
        0.00787282269448042,
        0.006054630037397146,
        0.0062004318460822105,
        0.00647707749158144,
        0.006891344208270311,
        0.006328253541141748,
        0.006721637211740017,
        0.006264569703489542,
        0.0060463217087090015,
        0.005402988288551569,
        0.005177355371415615,
        0.005735964514315128,
        0.00627940846607089,
        0.008441190235316753,
        0.008236785419285297,
        0.006785314530134201,
        0.005936816800385714,
        0.006085846107453108,
        0.006184140685945749,
        0.005866214167326689,
        0.006340362131595612,
        0.006463202647864819,
        0.00854592677205801,
        0.00977981835603714,
        0.011565225198864937,
        0.009636877104640007,
        0.011224399320781231,
        0.014489799737930298,
        0.013626203872263432,
        0.013238321989774704,
        0.013663616962730885,
        0.013108075596392155,
        0.013065414503216743,
        0.013048195280134678,
        0.013165603391826153,
        0.012963881716132164,
        0.012600468471646309,
        0.0121483588591218,
        0.011637107469141483,
        0.011373651213943958,
        0.011006136424839497,
        0.010341971181333065,
        0.009834717959165573,
        0.00936844665557146,
        0.008786993101239204,
        0.008449245244264603,
        0.007912290282547474,
        0.007733677048236132,
        0.007376988884061575,
        0.006896208971738815,
        0.0066503724083304405,
        0.0065001449547708035,
        0.0062125567346811295,
        0.006064338609576225,
        0.006025286391377449,
        0.005866360850632191,
        0.005905212368816137,
        0.006072336807847023,
        0.005792537238448858,
        0.006048513110727072,
        0.0063253906555473804,
        0.006183401215821505,
        0.006119502242654562,
        0.0061631775461137295,
        0.006164679303765297,
        0.006164679303765297,
        0.006164679303765297,
        0.006164679303765297,
        0.006164679303765297,
        0.006164674647152424,
        0.006164674647152424,
        0.006164675112813711,
        0.005973784253001213,
        0.005867526400834322,
        0.005672883242368698,
        0.005715826991945505,
        0.005504590924829245,
        0.005504590924829245,
        0.005504590924829245,
        0.00555585278198123,
        0.005545915104448795,
        0.005527238827198744,
        0.005499332211911678,
        0.005504349246621132,
        0.005500817205756903,
        0.0054991589859128,
        0.005521250888705254,
        0.005529182497411966,
        0.005484187044203281,
        0.005438006483018398,
        0.005437558516860008,
        0.005418202839791775,
        0.005404292140156031,
        0.005372355692088604,
        0.005372355692088604,
        0.005372355692088604,
        0.005371649283915758
    ]
}