{
    "epoch": [
        0,
        1,
        2,
        3,
        4,
        5,
        6,
        7,
        8,
        9,
        10,
        11,
        12,
        13,
        14,
        15,
        16,
        17,
        18,
        19,
        20,
        21,
        22,
        23,
        24,
        25,
        26,
        27,
        28,
        29,
        30,
        31,
        32,
        33,
        34,
        35,
        36,
        37,
        38,
        39,
        40,
        41,
        42,
        43,
        44,
        45,
        46,
        47,
        48,
        49,
        50,
        51,
        52,
        53,
        54,
        55,
        56,
        57,
        58,
        59,
        60,
        61,
        62,
        63,
        64,
        65,
        66,
        67,
        68,
        69,
        70,
        71,
        72,
        73,
        74,
        75,
        76,
        77,
        78,
        79,
        80,
        81,
        82,
        83,
        84,
        85,
        86,
        87,
        88,
        89,
        90,
        91,
        92,
        93,
        94,
        95,
        96,
        97,
        98,
        99
    ],
    "train_loss": [
        0.021787982434034348,
        0.015944449231028557,
        0.015675567090511322,
        0.014203560538589954,
        0.012260795570909977,
        0.010875841602683067,
        0.009024413302540779,
        0.006499987095594406,
        0.013203473761677742,
        0.006279277615249157,
        0.004878622014075518,
        0.004937895108014345,
        0.004928641952574253,
        0.004763815551996231,
        0.004988278262317181,
        0.004964238498359919,
        0.005232092924416065,
        0.005536751355975866,
        0.006060913670808077,
        0.006371494382619858,
        0.006646912079304457,
        0.006270322483032942,
        0.006017411593347788,
        0.00572562962770462,
        0.006569376680999994,
        0.006994050461798906,
        0.008077858947217464,
        0.007476839702576399,
        0.008043681271374226,
        0.008498480543494225,
        0.0066420938819646835,
        0.007058753166347742,
        0.013918917626142502,
        0.009787341579794884,
        0.01007084734737873,
        0.010043498128652573,
        0.010061816312372684,
        0.010072488337755203,
        0.010227907449007034,
        0.010316876694560051,
        0.01050106342881918,
        0.010842285118997097,
        0.010850377380847931,
        0.010509641841053963,
        0.01018946897238493,
        0.00982496328651905,
        0.008921757340431213,
        0.008680799044668674,
        0.008980648592114449,
        0.008912429213523865,
        0.008920412510633469,
        0.008952259086072445,
        0.008934668265283108,
        0.008929080329835415,
        0.008952285163104534,
        0.008567334152758121,
        0.00792760495096445,
        0.0069268434308469296,
        0.0065401350148022175,
        0.006355509627610445,
        0.006098121404647827,
        0.006188231520354748,
        0.00627561891451478,
        0.006587624549865723,
        0.006563413888216019,
        0.006419464014470577,
        0.006347238551825285,
        0.00630464032292366,
        0.006234484259039164,
        0.006029072217643261,
        0.005912682972848415,
        0.0057827988639473915,
        0.005543963052332401,
        0.005175306461751461,
        0.0050802030600607395,
        0.005000253673642874,
        0.004894812125712633,
        0.004946111235767603,
        0.005011306144297123,
        0.00502426503226161,
        0.005086724646389484,
        0.005204732529819012,
        0.0052119772881269455,
        0.005277872551232576,
        0.005280993413180113,
        0.005258453078567982,
        0.005218579899519682,
        0.005169849377125502,
        0.005122190807014704,
        0.005073526408523321,
        0.005003752186894417,
        0.004959280136972666,
        0.004995737690478563,
        0.004890943877398968,
        0.004727964289486408,
        0.004741156939417124,
        0.004720787983387709,
        0.0047257752157747746,
        0.004854368977248669,
        0.0046490891836583614
    ]
}