{
    "epoch": [
        0,
        1,
        2,
        3,
        4,
        5,
        6,
        7,
        8,
        9,
        10,
        11,
        12,
        13,
        14,
        15,
        16,
        17,
        18,
        19,
        20,
        21,
        22,
        23,
        24,
        25,
        26,
        27,
        28,
        29,
        30,
        31,
        32,
        33,
        34,
        35,
        36,
        37,
        38,
        39,
        40,
        41,
        42,
        43,
        44,
        45,
        46,
        47,
        48,
        49,
        50,
        51,
        52,
        53,
        54,
        55,
        56,
        57,
        58,
        59,
        60,
        61,
        62,
        63,
        64,
        65,
        66,
        67,
        68,
        69,
        70,
        71,
        72,
        73,
        74,
        75,
        76,
        77,
        78,
        79,
        80,
        81,
        82,
        83,
        84,
        85,
        86,
        87,
        88,
        89,
        90,
        91,
        92,
        93,
        94,
        95,
        96,
        97,
        98,
        99
    ],
    "train_loss": [
        0.2944580614566803,
        0.21363651752471924,
        0.19387690722942352,
        0.17521117627620697,
        0.16908971965312958,
        0.19915515184402466,
        0.1687551736831665,
        0.1496497243642807,
        0.13647201657295227,
        0.12017025798559189,
        0.11333335191011429,
        0.09359104186296463,
        0.08254063129425049,
        0.07347065210342407,
        0.0595819428563118,
        0.04779566451907158,
        0.03753165528178215,
        0.03155893832445145,
        0.02484297938644886,
        0.021998481824994087,
        0.021438857540488243,
        0.017781628295779228,
        0.015991095453500748,
        0.016164952889084816,
        0.014314907602965832,
        0.01760544255375862,
        0.015451177954673767,
        0.015195793472230434,
        0.015022755600512028,
        0.01572861522436142,
        0.018770674243569374,
        0.01780603639781475,
        0.020053258165717125,
        0.018496043980121613,
        0.01763937622308731,
        0.02477504499256611,
        0.022324971854686737,
        0.01957247406244278,
        0.018244855105876923,
        0.016454463824629784,
        0.020467307418584824,
        0.017475273460149765,
        0.015495160594582558,
        0.013824288733303547,
        0.013127465732395649,
        0.013954218477010727,
        0.012544121593236923,
        0.012600880116224289,
        0.012846499681472778,
        0.014193303883075714,
        0.013330155983567238,
        0.013315835036337376,
        0.013482606038451195,
        0.013591662980616093,
        0.013213950209319592,
        0.011927810497581959,
        0.013200771994888783,
        0.013749058358371258,
        0.012739831581711769,
        0.013049029745161533,
        0.014066913165152073,
        0.013195542618632317,
        0.01343449205160141,
        0.012950984761118889,
        0.012547152116894722,
        0.012848393991589546,
        0.01254844106733799,
        0.01271056104451418,
        0.011823596432805061,
        0.012552274391055107,
        0.012035904452204704,
        0.011991636827588081,
        0.011485926806926727,
        0.011178583838045597,
        0.011383754201233387,
        0.010204202495515347,
        0.010097839869558811,
        0.010780274868011475,
        0.010634179227054119,
        0.011107067577540874,
        0.010196497663855553,
        0.010244512930512428,
        0.010502325370907784,
        0.011413967236876488,
        0.011772376485168934,
        0.011457973159849644,
        0.010009928606450558,
        0.010643159039318562,
        0.01133241131901741,
        0.009767040610313416,
        0.009030161425471306,
        0.008274726569652557,
        0.009080768562853336,
        0.009571118280291557,
        0.009299879893660545,
        0.009555497206747532,
        0.010156283155083656,
        0.011432739906013012,
        0.011099913157522678,
        0.010051244869828224
    ]
}