{
    "epoch": [
        0,
        1,
        2,
        3,
        4,
        5,
        6,
        7,
        8,
        9,
        10,
        11,
        12,
        13,
        14,
        15,
        16,
        17,
        18,
        19,
        20,
        21,
        22,
        23,
        24,
        25,
        26,
        27,
        28,
        29,
        30,
        31,
        32,
        33,
        34,
        35,
        36,
        37,
        38,
        39,
        40,
        41,
        42,
        43,
        44,
        45,
        46,
        47,
        48,
        49,
        50,
        51,
        52,
        53,
        54,
        55,
        56,
        57,
        58,
        59,
        60,
        61,
        62,
        63,
        64,
        65,
        66,
        67,
        68,
        69,
        70,
        71,
        72,
        73,
        74,
        75,
        76,
        77,
        78,
        79,
        80,
        81,
        82,
        83,
        84,
        85,
        86,
        87,
        88,
        89,
        90,
        91,
        92,
        93,
        94,
        95,
        96,
        97,
        98,
        99
    ],
    "train_loss": [
        0.031414348632097244,
        0.021639542654156685,
        0.012456376105546951,
        0.008322980254888535,
        0.007781797554343939,
        0.008927942253649235,
        0.009669234044849873,
        0.008967496454715729,
        0.007976129651069641,
        0.007880781777203083,
        0.00868690200150013,
        0.009192844852805138,
        0.009284449741244316,
        0.009529883041977882,
        0.00939642358571291,
        0.009803795255720615,
        0.00969941820949316,
        0.009728118777275085,
        0.009751776233315468,
        0.009463916532695293,
        0.009447489865124226,
        0.009350305423140526,
        0.009206331335008144,
        0.009046901948750019,
        0.00930501613765955,
        0.009508042596280575,
        0.009728029370307922,
        0.009474453516304493,
        0.009765082038939,
        0.009815207682549953,
        0.01002136804163456,
        0.010111414827406406,
        0.010074825026094913,
        0.009438784793019295,
        0.00942614022642374,
        0.009419607929885387,
        0.009195523336529732,
        0.009282867424190044,
        0.0090097077190876,
        0.009038249962031841,
        0.009190158918499947,
        0.009150587022304535,
        0.009549897164106369,
        0.009816824458539486,
        0.009966066107153893,
        0.01016565877944231,
        0.00961556937545538,
        0.009160585701465607,
        0.008663746528327465,
        0.008764898404479027,
        0.008572014980018139,
        0.008582190610468388,
        0.008487426675856113,
        0.008973107673227787,
        0.008875757455825806,
        0.008944071829319,
        0.009164486080408096,
        0.009150665253400803,
        0.009160076268017292,
        0.009004834108054638,
        0.009095571003854275,
        0.010400543920695782,
        0.010629872791469097,
        0.010065019130706787,
        0.00919352751225233,
        0.008971712552011013,
        0.008611279539763927,
        0.008503259159624577,
        0.0077352323569357395,
        0.007320983335375786,
        0.006898312363773584,
        0.006844682153314352,
        0.006618328858166933,
        0.006530505605041981,
        0.006312285549938679,
        0.006123394705355167,
        0.006056302227079868,
        0.006043321453034878,
        0.005926948506385088,
        0.005836047697812319,
        0.005809213500469923,
        0.005720043554902077,
        0.005602505058050156,
        0.005505709908902645,
        0.005348016042262316,
        0.005175699479877949,
        0.005116185639053583,
        0.004937890451401472,
        0.004995856899768114,
        0.004973647650331259,
        0.005038793198764324,
        0.004849910270422697,
        0.005066277924925089,
        0.00503235450014472,
        0.005045401863753796,
        0.005117848515510559,
        0.005218736827373505,
        0.00506424019113183,
        0.005091117229312658,
        0.005273572634905577
    ]
}