{
    "epoch": [
        0,
        1,
        2,
        3,
        4,
        5,
        6,
        7,
        8,
        9,
        10,
        11,
        12,
        13,
        14,
        15,
        16,
        17,
        18,
        19,
        20,
        21,
        22,
        23,
        24,
        25,
        26,
        27,
        28,
        29,
        30,
        31,
        32,
        33,
        34,
        35,
        36,
        37,
        38,
        39,
        40,
        41,
        42,
        43,
        44,
        45,
        46,
        47,
        48,
        49,
        50,
        51,
        52,
        53,
        54,
        55,
        56,
        57,
        58,
        59,
        60,
        61,
        62,
        63,
        64,
        65,
        66,
        67,
        68,
        69,
        70,
        71,
        72,
        73,
        74,
        75,
        76,
        77,
        78,
        79,
        80,
        81,
        82,
        83,
        84,
        85,
        86,
        87,
        88,
        89,
        90,
        91,
        92,
        93,
        94,
        95,
        96,
        97,
        98,
        99
    ],
    "train_loss": [
        0.13264451920986176,
        0.05806903541088104,
        0.03333242982625961,
        0.02122781239449978,
        0.01988130994141102,
        0.021241821348667145,
        0.02213807962834835,
        0.02363278903067112,
        0.021002575755119324,
        0.02020604908466339,
        0.021238982677459717,
        0.019308792427182198,
        0.017825480550527573,
        0.016794968396425247,
        0.015945181250572205,
        0.017420569434762,
        0.015869565308094025,
        0.015237352810800076,
        0.014984305948019028,
        0.014438549056649208,
        0.015453885309398174,
        0.015654562041163445,
        0.016003206372261047,
        0.01430577877908945,
        0.014367532916367054,
        0.013949799351394176,
        0.015757901594042778,
        0.014179142192006111,
        0.01319593284279108,
        0.014555534347891808,
        0.015623611398041248,
        0.01723501645028591,
        0.02201993390917778,
        0.020490940660238266,
        0.01739495061337948,
        0.015832146629691124,
        0.01604292169213295,
        0.01520080491900444,
        0.015748659148812294,
        0.01592184044420719,
        0.016441980376839638,
        0.016630293801426888,
        0.016856668516993523,
        0.016878541558980942,
        0.01651359349489212,
        0.016577135771512985,
        0.01600547693669796,
        0.015713173896074295,
        0.015637453645467758,
        0.015640269964933395,
        0.015552216209471226,
        0.015435466542840004,
        0.015078718774020672,
        0.014326406642794609,
        0.013926347717642784,
        0.013737617060542107,
        0.013488839380443096,
        0.013280069455504417,
        0.013231066055595875,
        0.01313446369022131,
        0.012935318052768707,
        0.01261647418141365,
        0.012612979859113693,
        0.012557130306959152,
        0.012611967511475086,
        0.012521135620772839,
        0.012344437651336193,
        0.012215773575007915,
        0.012144087813794613,
        0.012191327288746834,
        0.012311963364481926,
        0.012071388773620129,
        0.012049408629536629,
        0.011936748400330544,
        0.0118969501927495,
        0.011945708654820919,
        0.011990360915660858,
        0.012111309915781021,
        0.012029480189085007,
        0.011901164427399635,
        0.011878051795065403,
        0.011807314120233059,
        0.011762912385165691,
        0.011725152842700481,
        0.011633706279098988,
        0.011622107587754726,
        0.011628687381744385,
        0.011588954366743565,
        0.01172290463000536,
        0.011858778074383736,
        0.01184822153300047,
        0.012063306756317616,
        0.011826759204268456,
        0.01170013751834631,
        0.011744827963411808,
        0.011813291348516941,
        0.011747329495847225,
        0.011931718327105045,
        0.01185599621385336,
        0.012041092850267887
    ]
}