{
    "epoch": [
        0,
        1,
        2,
        3,
        4,
        5,
        6,
        7,
        8,
        9,
        10,
        11,
        12,
        13,
        14,
        15,
        16,
        17,
        18,
        19,
        20,
        21,
        22,
        23,
        24,
        25,
        26,
        27,
        28,
        29,
        30,
        31,
        32,
        33,
        34,
        35,
        36,
        37,
        38,
        39,
        40,
        41,
        42,
        43,
        44,
        45,
        46,
        47,
        48,
        49,
        50,
        51,
        52,
        53,
        54,
        55,
        56,
        57,
        58,
        59,
        60,
        61,
        62,
        63,
        64,
        65,
        66,
        67,
        68,
        69,
        70,
        71,
        72,
        73,
        74,
        75,
        76,
        77,
        78,
        79,
        80,
        81,
        82,
        83,
        84,
        85,
        86,
        87,
        88,
        89,
        90,
        91,
        92,
        93,
        94,
        95,
        96,
        97,
        98,
        99
    ],
    "train_loss": [
        0.15937811136245728,
        0.10842575877904892,
        0.09382156282663345,
        0.0876259133219719,
        0.08587228506803513,
        0.07657691836357117,
        0.06112179905176163,
        0.05348680168390274,
        0.049497220665216446,
        0.047465648502111435,
        0.04390282928943634,
        0.040710560977458954,
        0.034674856811761856,
        0.030593454837799072,
        0.026775524020195007,
        0.0210653617978096,
        0.018291492015123367,
        0.015949314460158348,
        0.01544483844190836,
        0.013652913272380829,
        0.015534795820713043,
        0.010763215832412243,
        0.011151093989610672,
        0.01065963227301836,
        0.011847250163555145,
        0.015464970842003822,
        0.011247778311371803,
        0.009767988696694374,
        0.01023587305098772,
        0.009412625804543495,
        0.022728165611624718,
        0.014175686985254288,
        0.012449451722204685,
        0.011425676755607128,
        0.011295697651803493,
        0.011893907561898232,
        0.011724959127604961,
        0.00986340083181858,
        0.009561274200677872,
        0.009209682233631611,
        0.012315940111875534,
        0.008987144567072392,
        0.009432582184672356,
        0.009729268960654736,
        0.00886489450931549,
        0.010742895305156708,
        0.00995836965739727,
        0.009022732265293598,
        0.00878691766411066,
        0.0090549997985363,
        0.009589076042175293,
        0.009394711814820766,
        0.009043222293257713,
        0.009067432023584843,
        0.009749735705554485,
        0.009219297207891941,
        0.009601651690900326,
        0.010355758480727673,
        0.010249240323901176,
        0.0093009602278471,
        0.009575865231454372,
        0.008834201842546463,
        0.008405203931033611,
        0.008744066581130028,
        0.008396056480705738,
        0.009514892473816872,
        0.008657705970108509,
        0.008649648167192936,
        0.008689835667610168,
        0.008540689945220947,
        0.009327924810349941,
        0.009115468710660934,
        0.010402572341263294,
        0.009962989948689938,
        0.010090495459735394,
        0.010078425519168377,
        0.010149477981030941,
        0.010336564853787422,
        0.010594208724796772,
        0.011251014657318592,
        0.011390713043510914,
        0.011217613704502583,
        0.011373082175850868,
        0.011280391365289688,
        0.011178417131304741,
        0.01120038889348507,
        0.010777129791676998,
        0.010972172021865845,
        0.011733030900359154,
        0.011090140789747238,
        0.010882854461669922,
        0.01066727563738823,
        0.010681353509426117,
        0.010865306481719017,
        0.011327276937663555,
        0.01196882501244545,
        0.012509841471910477,
        0.012504786252975464,
        0.011801616288721561,
        0.010935846716165543
    ]
}