{
    "timestamp": "20250509_121914",
    "config": {
        "m": 1.0,
        "c": 0.1,
        "k": 5.0,
        "force_type": "none",
        "amplitude": 1.0,
        "freq": 1.0,
        "random_seed": 42,
        "x0": 1.0,
        "v0": 0.0,
        "t_max": 10.0,
        "dt": 0.02,
        "noise_std": 0.05
    },
    "true_parameters": [
        1.0,
        0.1,
        5.0
    ],
    "estimated_parameters": [
        0.9768116071812547,
        0.18750429476716846,
        2.045881828493685
    ],
    "parameter_errors": [
        2.3188392818745296,
        87.50429476716845,
        59.08236343012631
    ],
    "force_rmse": 0.4297447866320707,
    "confidence_score": 0.9,
    "estimation_status": "high_confidence",
    "symbolic_formula": "([0.0907505072642041*x_1 + 0.0153584342048779*x_2 + 0.966408054675032*x_3 - 0.012365121910323], [x_1, x_2, x_3])"
}