{
    "epoch": [
        0,
        1,
        2,
        3,
        4,
        5,
        6,
        7,
        8,
        9,
        10,
        11,
        12,
        13,
        14,
        15,
        16,
        17,
        18,
        19,
        20,
        21,
        22,
        23,
        24,
        25,
        26,
        27,
        28,
        29,
        30,
        31,
        32,
        33,
        34,
        35,
        36,
        37,
        38,
        39,
        40,
        41,
        42,
        43,
        44,
        45,
        46,
        47,
        48,
        49,
        50,
        51,
        52,
        53,
        54,
        55,
        56,
        57,
        58,
        59,
        60,
        61,
        62,
        63,
        64,
        65,
        66,
        67,
        68,
        69,
        70,
        71,
        72,
        73,
        74,
        75,
        76,
        77,
        78,
        79,
        80,
        81,
        82,
        83,
        84,
        85,
        86,
        87,
        88,
        89,
        90,
        91,
        92,
        93,
        94,
        95,
        96,
        97,
        98,
        99
    ],
    "train_loss": [
        0.4698556959629059,
        0.30627164244651794,
        0.21626253426074982,
        0.16976788640022278,
        0.1349131166934967,
        0.15909749269485474,
        0.11107563227415085,
        0.0928955003619194,
        0.07622471451759338,
        0.06358520686626434,
        0.06408648192882538,
        0.05473467707633972,
        0.04905615374445915,
        0.04479900002479553,
        0.040833212435245514,
        0.04184238240122795,
        0.03709788993000984,
        0.035244666039943695,
        0.03495460003614426,
        0.03583165630698204,
        0.03709563985466957,
        0.035422977060079575,
        0.03435263782739639,
        0.03395361825823784,
        0.03318392112851143,
        0.03337014466524124,
        0.032270580530166626,
        0.03068399243056774,
        0.030764568597078323,
        0.030881717801094055,
        0.033326976001262665,
        0.031983882188797,
        0.03136507049202919,
        0.03133900836110115,
        0.03060799092054367,
        0.03273749724030495,
        0.03167632222175598,
        0.03021831065416336,
        0.028898360207676888,
        0.02840135432779789,
        0.030218690633773804,
        0.027834536507725716,
        0.027073001489043236,
        0.026512498036026955,
        0.025973370298743248,
        0.029250619933009148,
        0.026914875954389572,
        0.026655619964003563,
        0.02616048790514469,
        0.025673117488622665,
        0.025986092165112495,
        0.026052851229906082,
        0.025741389021277428,
        0.0254101250320673,
        0.02549516223371029,
        0.02587977610528469,
        0.026094524189829826,
        0.026313772425055504,
        0.026784805580973625,
        0.027073828503489494,
        0.027087856084108353,
        0.027355188503861427,
        0.02722131460905075,
        0.02682565525174141,
        0.026626959443092346,
        0.026590637862682343,
        0.02678641490638256,
        0.026709361001849174,
        0.026732774451375008,
        0.026626715436577797,
        0.02664230763912201,
        0.026668405160307884,
        0.02629329077899456,
        0.02615075372159481,
        0.02616160921752453,
        0.026301126927137375,
        0.025870662182569504,
        0.025590524077415466,
        0.025830453261733055,
        0.025818729773163795,
        0.02525651641190052,
        0.02533929981291294,
        0.025577805936336517,
        0.026013875380158424,
        0.025358522310853004,
        0.025289809331297874,
        0.02495465613901615,
        0.02495015598833561,
        0.025107890367507935,
        0.02509216032922268,
        0.025250840932130814,
        0.025273162871599197,
        0.025159867480397224,
        0.025332460179924965,
        0.025382962077856064,
        0.024935802444815636,
        0.02505045011639595,
        0.024924181401729584,
        0.024811090901494026,
        0.024634409695863724
    ]
}