{
    "epoch": [
        0,
        1,
        2,
        3,
        4,
        5,
        6,
        7,
        8,
        9,
        10,
        11,
        12,
        13,
        14,
        15,
        16,
        17,
        18,
        19,
        20,
        21,
        22,
        23,
        24,
        25,
        26,
        27,
        28,
        29,
        30,
        31,
        32,
        33,
        34,
        35,
        36,
        37,
        38,
        39,
        40,
        41,
        42,
        43,
        44,
        45,
        46,
        47,
        48,
        49,
        50,
        51,
        52,
        53,
        54,
        55,
        56,
        57,
        58,
        59,
        60,
        61,
        62,
        63,
        64,
        65,
        66,
        67,
        68,
        69,
        70,
        71,
        72,
        73,
        74,
        75,
        76,
        77,
        78,
        79,
        80,
        81,
        82,
        83,
        84,
        85,
        86,
        87,
        88,
        89,
        90,
        91,
        92,
        93,
        94,
        95,
        96,
        97,
        98,
        99
    ],
    "train_loss": [
        0.02665482647716999,
        0.012910116463899612,
        0.012810319662094116,
        0.010409331880509853,
        0.009100306779146194,
        0.010853622108697891,
        0.009186847135424614,
        0.009339166805148125,
        0.00928227324038744,
        0.009369227103888988,
        0.008687310852110386,
        0.008711648173630238,
        0.011699706315994263,
        0.013905963860452175,
        0.017672713845968246,
        0.014941727742552757,
        0.01633830927312374,
        0.01702108234167099,
        0.01726526767015457,
        0.017496855929493904,
        0.016857173293828964,
        0.016513792797923088,
        0.01647895574569702,
        0.016289161518216133,
        0.015959976240992546,
        0.015854977071285248,
        0.01574062556028366,
        0.015682179480791092,
        0.015640167519450188,
        0.015583684667944908,
        0.01553669385612011,
        0.01548778172582388,
        0.015390514396131039,
        0.015334219671785831,
        0.015271752141416073,
        0.015238112770020962,
        0.015159931033849716,
        0.015117873437702656,
        0.015109333209693432,
        0.015100200660526752,
        0.015080149285495281,
        0.015062278136610985,
        0.015049224719405174,
        0.01504525076597929,
        0.015031972900032997,
        0.015009121038019657,
        0.015002595260739326,
        0.014998788014054298,
        0.014997606165707111,
        0.01499183475971222,
        0.014986217953264713,
        0.014972405508160591,
        0.014906189404428005,
        0.014780540950596333,
        0.01476683747023344,
        0.014584467746317387,
        0.014508707448840141,
        0.01422202866524458,
        0.013015751726925373,
        0.012530992738902569,
        0.01316998153924942,
        0.011915544047951698,
        0.01158223021775484,
        0.010871972888708115,
        0.010531882755458355,
        0.009575332514941692,
        0.009187175892293453,
        0.008824246935546398,
        0.008082610554993153,
        0.007671000901609659,
        0.007586802821606398,
        0.007872668094933033,
        0.008216148242354393,
        0.008122923783957958,
        0.007815745659172535,
        0.007066576741635799,
        0.006829496938735247,
        0.006666701752692461,
        0.006422467064112425,
        0.006400803104043007,
        0.0063852849416434765,
        0.006352531258016825,
        0.006330443080514669,
        0.006284759379923344,
        0.0062319617718458176,
        0.006117808632552624,
        0.006005223840475082,
        0.005978915374726057,
        0.005970360711216927,
        0.005804974585771561,
        0.005519495811313391,
        0.005476219579577446,
        0.005371641367673874,
        0.005276989191770554,
        0.005138395354151726,
        0.005124108865857124,
        0.004994852468371391,
        0.004778827074915171,
        0.004589289892464876,
        0.004721616394817829
    ]
}