{
    "epoch": [
        0,
        1,
        2,
        3,
        4,
        5,
        6,
        7,
        8,
        9,
        10,
        11,
        12,
        13,
        14,
        15,
        16,
        17,
        18,
        19,
        20,
        21,
        22,
        23,
        24,
        25,
        26,
        27,
        28,
        29,
        30,
        31,
        32,
        33,
        34,
        35,
        36,
        37,
        38,
        39,
        40,
        41,
        42,
        43,
        44,
        45,
        46,
        47,
        48,
        49,
        50,
        51,
        52,
        53,
        54,
        55,
        56,
        57,
        58,
        59,
        60,
        61,
        62,
        63,
        64,
        65,
        66,
        67,
        68,
        69,
        70,
        71,
        72,
        73,
        74,
        75,
        76,
        77,
        78,
        79,
        80,
        81,
        82,
        83,
        84,
        85,
        86,
        87,
        88,
        89,
        90,
        91,
        92,
        93,
        94,
        95,
        96,
        97,
        98,
        99
    ],
    "train_loss": [
        0.5178400278091431,
        0.26182734966278076,
        0.1678319126367569,
        0.12349274754524231,
        0.08574935048818588,
        0.053591225296258926,
        0.030526425689458847,
        0.027412427589297295,
        0.028553448617458344,
        0.02144734002649784,
        0.02461390756070614,
        0.02352653257548809,
        0.020105497911572456,
        0.023660391569137573,
        0.019055375829339027,
        0.02038656733930111,
        0.018689339980483055,
        0.018143292516469955,
        0.017212362959980965,
        0.015809394419193268,
        0.017183726653456688,
        0.01606239750981331,
        0.016180820763111115,
        0.015144554898142815,
        0.015009783208370209,
        0.01589951291680336,
        0.015078144147992134,
        0.01451006531715393,
        0.013415530323982239,
        0.013205687515437603,
        0.013823063112795353,
        0.012512972578406334,
        0.01196643803268671,
        0.012226293794810772,
        0.012351210229098797,
        0.011816750280559063,
        0.011573228985071182,
        0.010888033546507359,
        0.010862830094993114,
        0.01167252380400896,
        0.011757737025618553,
        0.011323075741529465,
        0.011732962913811207,
        0.01207891944795847,
        0.011992884799838066,
        0.012186993844807148,
        0.01198907382786274,
        0.012523713521659374,
        0.011996235698461533,
        0.012356414459645748,
        0.011457842774689198,
        0.011708812788128853,
        0.011483241803944111,
        0.011593914590775967,
        0.012218363583087921,
        0.01248185895383358,
        0.011557342484593391,
        0.011581341736018658,
        0.012764650397002697,
        0.012104913592338562,
        0.01266392134130001,
        0.012802479788661003,
        0.013268924318253994,
        0.013652880676090717,
        0.013667570427060127,
        0.013388022780418396,
        0.013904451392591,
        0.014617984183132648,
        0.01539505086839199,
        0.01592348888516426,
        0.015127458609640598,
        0.015569156035780907,
        0.015896251425147057,
        0.016368171200156212,
        0.015786131843924522,
        0.01557714119553566,
        0.014773347415030003,
        0.01523501705378294,
        0.01463110838085413,
        0.014499268494546413,
        0.014410668052732944,
        0.014411119744181633,
        0.014390116557478905,
        0.014314883388578892,
        0.014417631551623344,
        0.014882183633744717,
        0.014355368912220001,
        0.014285722747445107,
        0.013646089471876621,
        0.012873921543359756,
        0.013093654066324234,
        0.013051509857177734,
        0.012828432954847813,
        0.013110917061567307,
        0.013126015663146973,
        0.012847190722823143,
        0.01286601833999157,
        0.012899275869131088,
        0.012957561761140823,
        0.012650087475776672
    ]
}