{
    "epoch": [
        0,
        1,
        2,
        3,
        4,
        5,
        6,
        7,
        8,
        9,
        10,
        11,
        12,
        13,
        14,
        15,
        16,
        17,
        18,
        19,
        20,
        21,
        22,
        23,
        24,
        25,
        26,
        27,
        28,
        29,
        30,
        31,
        32,
        33,
        34,
        35,
        36,
        37,
        38,
        39,
        40,
        41,
        42,
        43,
        44,
        45,
        46,
        47,
        48,
        49,
        50,
        51,
        52,
        53,
        54,
        55,
        56,
        57,
        58,
        59,
        60,
        61,
        62,
        63,
        64,
        65,
        66,
        67,
        68,
        69,
        70,
        71,
        72,
        73,
        74,
        75,
        76,
        77,
        78,
        79,
        80,
        81,
        82,
        83,
        84,
        85,
        86,
        87,
        88,
        89,
        90,
        91,
        92,
        93,
        94,
        95,
        96,
        97,
        98,
        99
    ],
    "train_loss": [
        0.03788761794567108,
        0.025259625166654587,
        0.016644086688756943,
        0.014060704968869686,
        0.011180279776453972,
        0.010888338088989258,
        0.010494210757315159,
        0.01029118150472641,
        0.009913739748299122,
        0.010001224465668201,
        0.009830513037741184,
        0.010025300085544586,
        0.009882899932563305,
        0.009638756513595581,
        0.009718969464302063,
        0.017190562561154366,
        0.013300553895533085,
        0.016650764271616936,
        0.01293487474322319,
        0.009224922396242619,
        0.007287917658686638,
        0.006918254774063826,
        0.0063741980120539665,
        0.010620113462209702,
        0.012840701267123222,
        0.011375773698091507,
        0.009566429071128368,
        0.008003451861441135,
        0.007186446338891983,
        0.0063863410614430904,
        0.006631767377257347,
        0.006169780157506466,
        0.006173273548483849,
        0.006719052325934172,
        0.005307558923959732,
        0.005098522175103426,
        0.004877153318375349,
        0.00485035078600049,
        0.005120548419654369,
        0.004892874043434858,
        0.004735633730888367,
        0.004871729761362076,
        0.004762505646795034,
        0.004515851382166147,
        0.004431818146258593,
        0.004385232459753752,
        0.004220673814415932,
        0.003991040866822004,
        0.004480673931539059,
        0.004457240458577871,
        0.0045632668770849705,
        0.0044091083109378815,
        0.004257638938724995,
        0.004164158832281828,
        0.0040084486827254295,
        0.004053192213177681,
        0.004528406076133251,
        0.004117315635085106,
        0.003920824732631445,
        0.0037382955197244883,
        0.0038388678804039955,
        0.0038411631248891354,
        0.0038093826733529568,
        0.003906765952706337,
        0.003877439768984914,
        0.003872092580422759,
        0.0038418243639171124,
        0.003771458752453327,
        0.003807042259722948,
        0.003849061904475093,
        0.003860409837216139,
        0.0038573299534618855,
        0.00383881782181561,
        0.0038388175889849663,
        0.0038241143338382244,
        0.003823069157078862,
        0.0037824795581400394,
        0.0037774366792291403,
        0.0037774366792291403,
        0.0037765305023640394,
        0.0037765305023640394,
        0.0037765305023640394,
        0.0037765305023640394,
        0.003776535391807556,
        0.0037765356246382,
        0.0037765386514365673,
        0.0037765386514365673,
        0.0037765386514365673,
        0.0037765386514365673,
        0.003776496509090066,
        0.003776496509090066,
        0.003776496509090066,
        0.003776496509090066,
        0.003776496509090066,
        0.003776496509090066,
        0.003776496509090066,
        0.003776496509090066,
        0.003776496509090066,
        0.003776496509090066,
        0.003776496509090066
    ]
}