{
    "epoch": [
        0,
        1,
        2,
        3,
        4,
        5,
        6,
        7,
        8,
        9,
        10,
        11,
        12,
        13,
        14,
        15,
        16,
        17,
        18,
        19,
        20,
        21,
        22,
        23,
        24,
        25,
        26,
        27,
        28,
        29,
        30,
        31,
        32,
        33,
        34,
        35,
        36,
        37,
        38,
        39,
        40,
        41,
        42,
        43,
        44,
        45,
        46,
        47,
        48,
        49,
        50,
        51,
        52,
        53,
        54,
        55,
        56,
        57,
        58,
        59,
        60,
        61,
        62,
        63,
        64,
        65,
        66,
        67,
        68,
        69,
        70,
        71,
        72,
        73,
        74,
        75,
        76,
        77,
        78,
        79,
        80,
        81,
        82,
        83,
        84,
        85,
        86,
        87,
        88,
        89,
        90,
        91,
        92,
        93,
        94,
        95,
        96,
        97,
        98,
        99
    ],
    "train_loss": [
        0.2042890042066574,
        0.07881905883550644,
        0.0428016372025013,
        0.031863607466220856,
        0.026228787377476692,
        0.04675231873989105,
        0.024305451661348343,
        0.02025558054447174,
        0.020794615149497986,
        0.01862346939742565,
        0.03793010488152504,
        0.025447238236665726,
        0.02079465240240097,
        0.0178129393607378,
        0.01745978184044361,
        0.028809158131480217,
        0.022694183513522148,
        0.018761830404400826,
        0.01712513156235218,
        0.017089106142520905,
        0.023283854126930237,
        0.01935252733528614,
        0.018861932680010796,
        0.0182013101875782,
        0.017582088708877563,
        0.019652364775538445,
        0.018603947013616562,
        0.018416933715343475,
        0.017657704651355743,
        0.017251480370759964,
        0.01851651258766651,
        0.017830751836299896,
        0.017657801508903503,
        0.01745341159403324,
        0.017239613458514214,
        0.017301687970757484,
        0.01714481972157955,
        0.01695590279996395,
        0.01696784794330597,
        0.016936980187892914,
        0.016919957473874092,
        0.016792047768831253,
        0.016637252643704414,
        0.016495054587721825,
        0.016323737800121307,
        0.01637309603393078,
        0.01633336953818798,
        0.01646319590508938,
        0.016605226323008537,
        0.016563070937991142,
        0.016410069540143013,
        0.016217652708292007,
        0.01594114862382412,
        0.015881817787885666,
        0.015758372843265533,
        0.01577231101691723,
        0.015619076788425446,
        0.015470912680029869,
        0.015414159744977951,
        0.015340826474130154,
        0.015402686782181263,
        0.015381811186671257,
        0.015330507420003414,
        0.01550003606826067,
        0.015524850226938725,
        0.01568061113357544,
        0.016272125765681267,
        0.01704888604581356,
        0.01755666546523571,
        0.018422212451696396,
        0.018294785171747208,
        0.01774798333644867,
        0.01735829934477806,
        0.017476113513112068,
        0.01772727072238922,
        0.01827668398618698,
        0.01800384372472763,
        0.01870756410062313,
        0.017455050721764565,
        0.01705533266067505,
        0.015971725806593895,
        0.014707544818520546,
        0.013910651206970215,
        0.013937009498476982,
        0.01288872305303812,
        0.012645282782614231,
        0.012251054868102074,
        0.01198837161064148,
        0.011721172370016575,
        0.012294071726500988,
        0.012466756626963615,
        0.01278601959347725,
        0.014120351523160934,
        0.013996399007737637,
        0.012790749780833721,
        0.012028863653540611,
        0.011674531735479832,
        0.011730030179023743,
        0.011897329241037369,
        0.012296505272388458
    ]
}