{
    "epoch": [
        0,
        1,
        2,
        3,
        4,
        5,
        6,
        7,
        8,
        9,
        10,
        11,
        12,
        13,
        14,
        15,
        16,
        17,
        18,
        19,
        20,
        21,
        22,
        23,
        24,
        25,
        26,
        27,
        28,
        29,
        30,
        31,
        32,
        33,
        34,
        35,
        36,
        37,
        38,
        39,
        40,
        41,
        42,
        43,
        44,
        45,
        46,
        47,
        48,
        49,
        50,
        51,
        52,
        53,
        54,
        55,
        56,
        57,
        58,
        59,
        60,
        61,
        62,
        63,
        64,
        65,
        66,
        67,
        68,
        69,
        70,
        71,
        72,
        73,
        74,
        75,
        76,
        77,
        78,
        79,
        80,
        81,
        82,
        83,
        84,
        85,
        86,
        87,
        88,
        89,
        90,
        91,
        92,
        93,
        94,
        95,
        96,
        97,
        98,
        99
    ],
    "train_loss": [
        0.44328320026397705,
        0.194602370262146,
        0.13264425098896027,
        0.10027873516082764,
        0.08000265806913376,
        0.12183963507413864,
        0.08699168264865875,
        0.06524285674095154,
        0.04931741952896118,
        0.0351758673787117,
        0.040153831243515015,
        0.030539849773049355,
        0.026251427829265594,
        0.024584515020251274,
        0.02305733412504196,
        0.026049040257930756,
        0.02514810301363468,
        0.02313264086842537,
        0.02213273197412491,
        0.020932700484991074,
        0.023967046290636063,
        0.02056700550019741,
        0.018690411001443863,
        0.018434669822454453,
        0.0173109732568264,
        0.022218428552150726,
        0.019769802689552307,
        0.01879105344414711,
        0.019073467701673508,
        0.017426708713173866,
        0.019446687772870064,
        0.017943711951375008,
        0.01664094813168049,
        0.01664983667433262,
        0.016472497954964638,
        0.0178650114685297,
        0.016980404034256935,
        0.016629036515951157,
        0.01664077118039131,
        0.016227398067712784,
        0.019884342327713966,
        0.01701131835579872,
        0.016739550977945328,
        0.016861261799931526,
        0.016621211543679237,
        0.019095275551080704,
        0.01597702130675316,
        0.015584250912070274,
        0.01532858144491911,
        0.015341414138674736,
        0.014878963120281696,
        0.015350700356066227,
        0.015715373679995537,
        0.015395894646644592,
        0.015026126056909561,
        0.015127853490412235,
        0.014379092492163181,
        0.013816354796290398,
        0.013308260589838028,
        0.013016343116760254,
        0.013284883461892605,
        0.013119704090058804,
        0.012683848850429058,
        0.012399307452142239,
        0.011804426088929176,
        0.011562899686396122,
        0.011670445092022419,
        0.011753338389098644,
        0.01196767296642065,
        0.011769035831093788,
        0.011538936756551266,
        0.0115372184664011,
        0.010671986266970634,
        0.010854487307369709,
        0.011353638023138046,
        0.01142325159162283,
        0.010448798537254333,
        0.010522098280489445,
        0.010560229420661926,
        0.011261681094765663,
        0.011661233380436897,
        0.011835126206278801,
        0.01165676023811102,
        0.011539856903254986,
        0.011629399843513966,
        0.011464533396065235,
        0.011017835699021816,
        0.010860323905944824,
        0.011126140132546425,
        0.010890412144362926,
        0.010719211772084236,
        0.01145903579890728,
        0.011624913662672043,
        0.011500041000545025,
        0.01156309712678194,
        0.011132655665278435,
        0.010998559184372425,
        0.010777559131383896,
        0.01067605521529913,
        0.010472919791936874
    ]
}