{
    "epoch": [
        0,
        1,
        2,
        3,
        4,
        5,
        6,
        7,
        8,
        9,
        10,
        11,
        12,
        13,
        14,
        15,
        16,
        17,
        18,
        19,
        20,
        21,
        22,
        23,
        24,
        25,
        26,
        27,
        28,
        29,
        30,
        31,
        32,
        33,
        34,
        35,
        36,
        37,
        38,
        39,
        40,
        41,
        42,
        43,
        44,
        45,
        46,
        47,
        48,
        49,
        50,
        51,
        52,
        53,
        54,
        55,
        56,
        57,
        58,
        59,
        60,
        61,
        62,
        63,
        64,
        65,
        66,
        67,
        68,
        69,
        70,
        71,
        72,
        73,
        74,
        75,
        76,
        77,
        78,
        79,
        80,
        81,
        82,
        83,
        84,
        85,
        86,
        87,
        88,
        89,
        90,
        91,
        92,
        93,
        94,
        95,
        96,
        97,
        98,
        99
    ],
    "train_loss": [
        0.03900768235325813,
        0.017115367576479912,
        0.02566259726881981,
        0.018284590914845467,
        0.013123300857841969,
        0.013789394870400429,
        0.012200520373880863,
        0.009361518546938896,
        0.012296808883547783,
        0.008689613081514835,
        0.007036765106022358,
        0.008274707943201065,
        0.01001086924225092,
        0.007987645454704762,
        0.007226020563393831,
        0.008320038206875324,
        0.009882137179374695,
        0.0090365344658494,
        0.009476802311837673,
        0.009643664583563805,
        0.011519239284098148,
        0.010798007249832153,
        0.008987953886389732,
        0.009806880727410316,
        0.010472499765455723,
        0.011254886165261269,
        0.010162307880818844,
        0.009799602441489697,
        0.009123893454670906,
        0.0086733503267169,
        0.008332709781825542,
        0.008247259072959423,
        0.007876132614910603,
        0.007411900907754898,
        0.00695715332403779,
        0.0060643660835921764,
        0.00606059143319726,
        0.006251259241253138,
        0.006451539229601622,
        0.006176520138978958,
        0.006304742768406868,
        0.005926840007305145,
        0.005598036572337151,
        0.005425784736871719,
        0.005092391278594732,
        0.0050416914746165276,
        0.00477041257545352,
        0.005126078147441149,
        0.005414922721683979,
        0.005335931200534105,
        0.0052152457647025585,
        0.005297140218317509,
        0.005220809485763311,
        0.005134573206305504,
        0.005100392736494541,
        0.004850724712014198,
        0.004909845069050789,
        0.004819462541490793,
        0.005065340548753738,
        0.004888887517154217,
        0.005074512213468552,
        0.005303133279085159,
        0.00533914752304554,
        0.0052939290180802345,
        0.005187245085835457,
        0.005166467744857073,
        0.005104673560708761,
        0.005158596206456423,
        0.005232823546975851,
        0.005631112959235907,
        0.006146752741187811,
        0.006350308191031218,
        0.0067592887207865715,
        0.006993467919528484,
        0.007189395371824503,
        0.007240095641463995,
        0.0072577884420752525,
        0.007288380991667509,
        0.007231607101857662,
        0.007461567874997854,
        0.0073534161783754826,
        0.007381177041679621,
        0.007310011424124241,
        0.007263696286827326,
        0.007175763137638569,
        0.007152089383453131,
        0.00713121984153986,
        0.007087216712534428,
        0.00703766755759716,
        0.0069846464321017265,
        0.007001479156315327,
        0.006998824886977673,
        0.007180692628026009,
        0.00734337093308568,
        0.008367214351892471,
        0.00983461644500494,
        0.011322930455207825,
        0.012143446132540703,
        0.012417355552315712,
        0.012284718453884125
    ]
}