{
    "epoch": [
        0,
        1,
        2,
        3,
        4,
        5,
        6,
        7,
        8,
        9,
        10,
        11,
        12,
        13,
        14,
        15,
        16,
        17,
        18,
        19,
        20,
        21,
        22,
        23,
        24,
        25,
        26,
        27,
        28,
        29,
        30,
        31,
        32,
        33,
        34,
        35,
        36,
        37,
        38,
        39,
        40,
        41,
        42,
        43,
        44,
        45,
        46,
        47,
        48,
        49,
        50,
        51,
        52,
        53,
        54,
        55,
        56,
        57,
        58,
        59,
        60,
        61,
        62,
        63,
        64,
        65,
        66,
        67,
        68,
        69,
        70,
        71,
        72,
        73,
        74,
        75,
        76,
        77,
        78,
        79,
        80,
        81,
        82,
        83,
        84,
        85,
        86,
        87,
        88,
        89,
        90,
        91,
        92,
        93,
        94,
        95,
        96,
        97,
        98,
        99
    ],
    "train_loss": [
        0.43372610211372375,
        0.28419893980026245,
        0.2203291952610016,
        0.17947258055210114,
        0.14428657293319702,
        0.1330319195985794,
        0.10006575286388397,
        0.07844658195972443,
        0.0603754036128521,
        0.04751744866371155,
        0.042615510523319244,
        0.03954056277871132,
        0.039039939641952515,
        0.04048418253660202,
        0.037909556180238724,
        0.034525129944086075,
        0.0319393128156662,
        0.028240671381354332,
        0.024605756625533104,
        0.023862821981310844,
        0.025148075073957443,
        0.024376099929213524,
        0.022735171020030975,
        0.022152496501803398,
        0.02235790342092514,
        0.024321146309375763,
        0.022528186440467834,
        0.021074239164590836,
        0.02062351442873478,
        0.019381409510970116,
        0.021130915731191635,
        0.019538281485438347,
        0.01981220208108425,
        0.02048281393945217,
        0.01962873712182045,
        0.01916215568780899,
        0.017836187034845352,
        0.0177192110568285,
        0.01962224394083023,
        0.016993310302495956,
        0.01742539182305336,
        0.016144147142767906,
        0.015073868446052074,
        0.015810774639248848,
        0.016318920999765396,
        0.016645390540361404,
        0.0157761313021183,
        0.015672840178012848,
        0.015892554074525833,
        0.015229257754981518,
        0.015441843308508396,
        0.016441447660326958,
        0.015734372660517693,
        0.01592017523944378,
        0.015430165454745293,
        0.015016992576420307,
        0.014523807913064957,
        0.01379486545920372,
        0.013708952814340591,
        0.013804838061332703,
        0.013604093343019485,
        0.01411459967494011,
        0.01422077789902687,
        0.015298725105822086,
        0.01516200415790081,
        0.01519844587892294,
        0.015273405238986015,
        0.01508496142923832,
        0.01462820079177618,
        0.014329609461128712,
        0.013730750419199467,
        0.012674139812588692,
        0.012212374247610569,
        0.01214909739792347,
        0.012111473828554153,
        0.011565973982214928,
        0.011464489623904228,
        0.011205356568098068,
        0.01143479160964489,
        0.011178508400917053,
        0.011186433956027031,
        0.011155684478580952,
        0.011305244639515877,
        0.011002662591636181,
        0.011266550980508327,
        0.011071856133639812,
        0.011102797463536263,
        0.011041691526770592,
        0.010996527038514614,
        0.010977928526699543,
        0.011122104711830616,
        0.01115863211452961,
        0.010909420438110828,
        0.01099867932498455,
        0.011392442509531975,
        0.01169988140463829,
        0.011954708024859428,
        0.012664479203522205,
        0.013195482082664967,
        0.01370465848594904
    ]
}