{
    "epoch": [
        0,
        1,
        2,
        3,
        4,
        5,
        6,
        7,
        8,
        9,
        10,
        11,
        12,
        13,
        14,
        15,
        16,
        17,
        18,
        19,
        20,
        21,
        22,
        23,
        24,
        25,
        26,
        27,
        28,
        29,
        30,
        31,
        32,
        33,
        34,
        35,
        36,
        37,
        38,
        39,
        40,
        41,
        42,
        43,
        44,
        45,
        46,
        47,
        48,
        49,
        50,
        51,
        52,
        53,
        54,
        55,
        56,
        57,
        58,
        59,
        60,
        61,
        62,
        63,
        64,
        65,
        66,
        67,
        68,
        69,
        70,
        71,
        72,
        73,
        74,
        75,
        76,
        77,
        78,
        79,
        80,
        81,
        82,
        83,
        84,
        85,
        86,
        87,
        88,
        89,
        90,
        91,
        92,
        93,
        94,
        95,
        96,
        97,
        98,
        99
    ],
    "train_loss": [
        0.010574803687632084,
        0.00936613604426384,
        0.010489490814507008,
        0.01044489722698927,
        0.007753774989396334,
        0.0075032878667116165,
        0.007178314961493015,
        0.0064310114830732346,
        0.008976568467915058,
        0.005115912761539221,
        0.003961289767175913,
        0.004533754661679268,
        0.005355627741664648,
        0.004499339498579502,
        0.004307017661631107,
        0.004571255762130022,
        0.00434664124622941,
        0.004135207738727331,
        0.0033794830087572336,
        0.003268701024353504,
        0.003281838959082961,
        0.0034747852478176355,
        0.0035965139977633953,
        0.00368645996786654,
        0.0038467771373689175,
        0.0038493676111102104,
        0.004304960370063782,
        0.004519211128354073,
        0.005133305676281452,
        0.005861848592758179,
        0.006029921118170023,
        0.00626479322090745,
        0.006292557809501886,
        0.006080914754420519,
        0.0059130811132490635,
        0.005836034193634987,
        0.005347860045731068,
        0.005221756640821695,
        0.004994149785488844,
        0.004766856785863638,
        0.00459960987791419,
        0.004442094825208187,
        0.004325050860643387,
        0.004287273157387972,
        0.004108184017241001,
        0.004034043289721012,
        0.003987777978181839,
        0.003975855186581612,
        0.00400823587551713,
        0.004092189017683268,
        0.004097518976777792,
        0.004142960999161005,
        0.004141690209507942,
        0.004117295611649752,
        0.004071963485330343,
        0.003918721806257963,
        0.003786381334066391,
        0.0036940830759704113,
        0.0035317817237228155,
        0.0034225613344460726,
        0.003353677922859788,
        0.0032951643224805593,
        0.003247873391956091,
        0.0032019424252212048,
        0.0031911712139844894,
        0.003182981163263321,
        0.0031820868607610464,
        0.003182266838848591,
        0.0031960485503077507,
        0.0031815432012081146,
        0.003176009049639106,
        0.0031666287686675787,
        0.0031363959424197674,
        0.0031321553979068995,
        0.003085903124883771,
        0.003029559040442109,
        0.0029864858370274305,
        0.0029435218311846256,
        0.0029023417737334967,
        0.0028489811811596155,
        0.0028128940612077713,
        0.0027793298941105604,
        0.002776236040517688,
        0.002738258568570018,
        0.002718317788094282,
        0.002708080457523465,
        0.002683853032067418,
        0.002692710841074586,
        0.0026992906350642443,
        0.0026911089662462473,
        0.002685127779841423,
        0.002685022773221135,
        0.002685023006051779,
        0.002685023471713066,
        0.0026850232388824224,
        0.0026752594858407974,
        0.002665930660441518,
        0.0026676326524466276,
        0.002676874864846468,
        0.0026722601614892483
    ]
}