{
    "epoch": [
        0,
        1,
        2,
        3,
        4,
        5,
        6,
        7,
        8,
        9,
        10,
        11,
        12,
        13,
        14,
        15,
        16,
        17,
        18,
        19,
        20,
        21,
        22,
        23,
        24,
        25,
        26,
        27,
        28,
        29,
        30,
        31,
        32,
        33,
        34,
        35,
        36,
        37,
        38,
        39,
        40,
        41,
        42,
        43,
        44,
        45,
        46,
        47,
        48,
        49,
        50,
        51,
        52,
        53,
        54,
        55,
        56,
        57,
        58,
        59,
        60,
        61,
        62,
        63,
        64,
        65,
        66,
        67,
        68,
        69,
        70,
        71,
        72,
        73,
        74,
        75,
        76,
        77,
        78,
        79,
        80,
        81,
        82,
        83,
        84,
        85,
        86,
        87,
        88,
        89,
        90,
        91,
        92,
        93,
        94,
        95,
        96,
        97,
        98,
        99
    ],
    "train_loss": [
        0.029124049469828606,
        0.013358366675674915,
        0.012652380391955376,
        0.009966772980988026,
        0.009750155732035637,
        0.010316292755305767,
        0.010389198549091816,
        0.010229268111288548,
        0.009889543987810612,
        0.00956004299223423,
        0.009766478091478348,
        0.009835489094257355,
        0.009545678272843361,
        0.00962853617966175,
        0.010019422508776188,
        0.009779110550880432,
        0.009650248102843761,
        0.009532836265861988,
        0.009788809344172478,
        0.009977753274142742,
        0.009481650777161121,
        0.00929672084748745,
        0.00955596100538969,
        0.008879742585122585,
        0.008662094362080097,
        0.00877401977777481,
        0.008683238178491592,
        0.008361784741282463,
        0.009229266084730625,
        0.009071814827620983,
        0.00973370298743248,
        0.010590740479528904,
        0.010538037866353989,
        0.010477694682776928,
        0.01028626412153244,
        0.011420263908803463,
        0.011434243991971016,
        0.011537325568497181,
        0.011868777684867382,
        0.012423698790371418,
        0.01244341116398573,
        0.012666359543800354,
        0.012745751067996025,
        0.013884334824979305,
        0.016126779839396477,
        0.014876862056553364,
        0.014139557257294655,
        0.013663064688444138,
        0.013302461244165897,
        0.012636681087315083,
        0.012566172517836094,
        0.012565352022647858,
        0.012505224905908108,
        0.012432482093572617,
        0.012342148460447788,
        0.012132429517805576,
        0.012028326280415058,
        0.01214128453284502,
        0.011986331082880497,
        0.011503750458359718,
        0.011184116825461388,
        0.01101207360625267,
        0.010889087803661823,
        0.010760742239654064,
        0.010582571849226952,
        0.010497769340872765,
        0.010523110628128052,
        0.010209716856479645,
        0.01017568539828062,
        0.010095675475895405,
        0.009980916045606136,
        0.009899395518004894,
        0.009843564592301846,
        0.009912485256791115,
        0.009972705505788326,
        0.010131333023309708,
        0.010179577395319939,
        0.010288734920322895,
        0.010287069715559483,
        0.010284222662448883,
        0.010214594192802906,
        0.010103835724294186,
        0.01002453826367855,
        0.009907237254083157,
        0.009779266081750393,
        0.009657911956310272,
        0.009646689519286156,
        0.009605597704648972,
        0.009537392295897007,
        0.009501989930868149,
        0.009551229886710644,
        0.0095450384542346,
        0.009537573903799057,
        0.009514433331787586,
        0.009360919706523418,
        0.009146046824753284,
        0.008973999880254269,
        0.008942845277488232,
        0.009013515897095203,
        0.009272324852645397
    ]
}