{
    "epoch": [
        0,
        1,
        2,
        3,
        4,
        5,
        6,
        7,
        8,
        9,
        10,
        11,
        12,
        13,
        14,
        15,
        16,
        17,
        18,
        19,
        20,
        21,
        22,
        23,
        24,
        25,
        26,
        27,
        28,
        29,
        30,
        31,
        32,
        33,
        34,
        35,
        36,
        37,
        38,
        39,
        40,
        41,
        42,
        43,
        44,
        45,
        46,
        47,
        48,
        49,
        50,
        51,
        52,
        53,
        54,
        55,
        56,
        57,
        58,
        59,
        60,
        61,
        62,
        63,
        64,
        65,
        66,
        67,
        68,
        69,
        70,
        71,
        72,
        73,
        74,
        75,
        76,
        77,
        78,
        79,
        80,
        81,
        82,
        83,
        84,
        85,
        86,
        87,
        88,
        89,
        90,
        91,
        92,
        93,
        94,
        95,
        96,
        97,
        98,
        99
    ],
    "train_loss": [
        0.45985254645347595,
        0.2819167673587799,
        0.1892356276512146,
        0.15420936048030853,
        0.1298219859600067,
        0.22492165863513947,
        0.16174283623695374,
        0.1291022002696991,
        0.10954680293798447,
        0.08801569789648056,
        0.13035617768764496,
        0.08472217619419098,
        0.07032375037670135,
        0.062327757477760315,
        0.0546053871512413,
        0.0577833466231823,
        0.05109235271811485,
        0.04755600169301033,
        0.04488332197070122,
        0.04260432720184326,
        0.04812891408801079,
        0.04328956454992294,
        0.041440967470407486,
        0.039081405848264694,
        0.03827090933918953,
        0.03969491273164749,
        0.036058779805898666,
        0.034048814326524734,
        0.03244834020733833,
        0.03241376951336861,
        0.03581937029957771,
        0.03277887403964996,
        0.03167267516255379,
        0.03201303258538246,
        0.03205803409218788,
        0.032994601875543594,
        0.03161495551466942,
        0.030755294486880302,
        0.03077147901058197,
        0.03047887235879898,
        0.03473486006259918,
        0.03279387205839157,
        0.03288795053958893,
        0.03251897543668747,
        0.0333106629550457,
        0.03618430346250534,
        0.03361658379435539,
        0.03171087056398392,
        0.03061901219189167,
        0.029934898018836975,
        0.02937239222228527,
        0.029881712049245834,
        0.03162384033203125,
        0.031229181215167046,
        0.03193334862589836,
        0.030103785917162895,
        0.029283251613378525,
        0.02886364236474037,
        0.028661739081144333,
        0.028556622564792633,
        0.02938299998641014,
        0.028739972040057182,
        0.02822035923600197,
        0.028732074424624443,
        0.02745637856423855,
        0.0264346394687891,
        0.024546505883336067,
        0.024028131738305092,
        0.024181611835956573,
        0.023992402479052544,
        0.023721419274806976,
        0.023906363174319267,
        0.024672143161296844,
        0.024368595331907272,
        0.02478376217186451,
        0.023788223043084145,
        0.023035245016217232,
        0.022869182750582695,
        0.02230246737599373,
        0.022254129871726036,
        0.02211344800889492,
        0.022001594305038452,
        0.022540289908647537,
        0.022332778200507164,
        0.023063182830810547,
        0.02335524372756481,
        0.024200839921832085,
        0.024413321167230606,
        0.023775694891810417,
        0.023216553032398224,
        0.024076338857412338,
        0.02370191365480423,
        0.02440459467470646,
        0.02415396459400654,
        0.024353859946131706,
        0.02339419536292553,
        0.023433439433574677,
        0.02240533009171486,
        0.02180023305118084,
        0.021790388971567154
    ]
}