{
    "epoch": [
        0,
        1,
        2,
        3,
        4,
        5,
        6,
        7,
        8,
        9,
        10,
        11,
        12,
        13,
        14,
        15,
        16,
        17,
        18,
        19,
        20,
        21,
        22,
        23,
        24,
        25,
        26,
        27,
        28,
        29,
        30,
        31,
        32,
        33,
        34,
        35,
        36,
        37,
        38,
        39,
        40,
        41,
        42,
        43,
        44,
        45,
        46,
        47,
        48,
        49,
        50,
        51,
        52,
        53,
        54,
        55,
        56,
        57,
        58,
        59,
        60,
        61,
        62,
        63,
        64,
        65,
        66,
        67,
        68,
        69,
        70,
        71,
        72,
        73,
        74,
        75,
        76,
        77,
        78,
        79,
        80,
        81,
        82,
        83,
        84,
        85,
        86,
        87,
        88,
        89,
        90,
        91,
        92,
        93,
        94,
        95,
        96,
        97,
        98,
        99
    ],
    "train_loss": [
        0.03225133568048477,
        0.012603802606463432,
        0.02457772195339203,
        0.013416789472103119,
        0.015499095432460308,
        0.01443579513579607,
        0.013801625929772854,
        0.013610368594527245,
        0.013566254638135433,
        0.01324502844363451,
        0.013591979630291462,
        0.014014242216944695,
        0.013428471982479095,
        0.012563650496304035,
        0.012353133410215378,
        0.012654571793973446,
        0.012551277875900269,
        0.012345116585493088,
        0.012217440642416477,
        0.01217712089419365,
        0.01205895934253931,
        0.011976063251495361,
        0.011952009052038193,
        0.011966326273977757,
        0.011959929019212723,
        0.011972413398325443,
        0.011982312425971031,
        0.012049784883856773,
        0.01205376349389553,
        0.011928921565413475,
        0.012030315585434437,
        0.011601891368627548,
        0.011257599107921124,
        0.011269594542682171,
        0.011378894560039043,
        0.011613154783844948,
        0.011404301039874554,
        0.01133958250284195,
        0.011367660947144032,
        0.011360693722963333,
        0.011458661407232285,
        0.011428236030042171,
        0.011378617025911808,
        0.011396374553442001,
        0.011437023058533669,
        0.01151368860155344,
        0.011539677157998085,
        0.011520655825734138,
        0.011431170627474785,
        0.011473026126623154,
        0.011537590995430946,
        0.011262495070695877,
        0.011176014319062233,
        0.011157027445733547,
        0.011128359474241734,
        0.011078000999987125,
        0.01101248525083065,
        0.010989964008331299,
        0.011005083099007607,
        0.01105455867946148,
        0.011106157675385475,
        0.01097143068909645,
        0.010923242196440697,
        0.01094261184334755,
        0.010958489961922169,
        0.01089209783822298,
        0.010859555564820766,
        0.010819168761372566,
        0.010804200544953346,
        0.010764479637145996,
        0.010656147263944149,
        0.0104232057929039,
        0.010334134101867676,
        0.010332274250686169,
        0.010372748598456383,
        0.01027857419103384,
        0.01019548624753952,
        0.010204006917774677,
        0.010181514546275139,
        0.010014524683356285,
        0.009939135983586311,
        0.009904145263135433,
        0.009977227076888084,
        0.009982542134821415,
        0.009938105940818787,
        0.009874784387648106,
        0.009841467253863811,
        0.009823053143918514,
        0.00984602328389883,
        0.009897558018565178,
        0.009994728490710258,
        0.010017506778240204,
        0.010046010836958885,
        0.010033152997493744,
        0.009903357364237309,
        0.00983497966080904,
        0.009837013669312,
        0.009852406568825245,
        0.00987032987177372,
        0.009921537712216377
    ]
}