{
    "epoch": [
        0,
        1,
        2,
        3,
        4,
        5,
        6,
        7,
        8,
        9,
        10,
        11,
        12,
        13,
        14,
        15,
        16,
        17,
        18,
        19,
        20,
        21,
        22,
        23,
        24,
        25,
        26,
        27,
        28,
        29,
        30,
        31,
        32,
        33,
        34,
        35,
        36,
        37,
        38,
        39,
        40,
        41,
        42,
        43,
        44,
        45,
        46,
        47,
        48,
        49,
        50,
        51,
        52,
        53,
        54,
        55,
        56,
        57,
        58,
        59,
        60,
        61,
        62,
        63,
        64,
        65,
        66,
        67,
        68,
        69,
        70,
        71,
        72,
        73,
        74,
        75,
        76,
        77,
        78,
        79,
        80,
        81,
        82,
        83,
        84,
        85,
        86,
        87,
        88,
        89,
        90,
        91,
        92,
        93,
        94,
        95,
        96,
        97,
        98,
        99
    ],
    "train_loss": [
        0.4050866365432739,
        0.2978295683860779,
        0.2561829090118408,
        0.23022271692752838,
        0.21013495326042175,
        0.2209167778491974,
        0.17963451147079468,
        0.15457667410373688,
        0.1386236846446991,
        0.12282878905534744,
        0.12357363104820251,
        0.10791554301977158,
        0.09523091465234756,
        0.08625636249780655,
        0.07782752066850662,
        0.07139605283737183,
        0.05980164185166359,
        0.050586190074682236,
        0.045807335525751114,
        0.04336506500840187,
        0.047573771327733994,
        0.0439922958612442,
        0.042954277247190475,
        0.04105578362941742,
        0.03903895244002342,
        0.0402001291513443,
        0.040006283670663834,
        0.03932920843362808,
        0.036975715309381485,
        0.035554468631744385,
        0.036457277834415436,
        0.034002117812633514,
        0.032911960035562515,
        0.03213585913181305,
        0.03145597502589226,
        0.03185082972049713,
        0.030716510489583015,
        0.030473895370960236,
        0.030697524547576904,
        0.031067319214344025,
        0.03175775706768036,
        0.031718287616968155,
        0.03160546347498894,
        0.032496288418769836,
        0.03174533694982529,
        0.0325031615793705,
        0.03004307486116886,
        0.028376426547765732,
        0.026660878211259842,
        0.02404085174202919,
        0.020532235503196716,
        0.018792683258652687,
        0.020632091909646988,
        0.02441547065973282,
        0.017545923590660095,
        0.01917901635169983,
        0.02089601568877697,
        0.018761033192276955,
        0.015213673003017902,
        0.013229509815573692,
        0.011501406319439411,
        0.009788984432816505,
        0.009384183213114738,
        0.008643845096230507,
        0.008336936123669147,
        0.008107898756861687,
        0.00774399796500802,
        0.007388189900666475,
        0.007112489547580481,
        0.009349226951599121,
        0.007558679673820734,
        0.00733743142336607,
        0.006756051443517208,
        0.006497695576399565,
        0.006611269898712635,
        0.008138515055179596,
        0.008000616915524006,
        0.00701405294239521,
        0.0068922401405870914,
        0.006524075288325548,
        0.006401529535651207,
        0.006441651843488216,
        0.006223039701581001,
        0.006130550056695938,
        0.006206095684319735,
        0.006121777463704348,
        0.0060417321510612965,
        0.006073726341128349,
        0.006106154061853886,
        0.006276705767959356,
        0.006305579096078873,
        0.006248069927096367,
        0.0063080983236432076,
        0.006276694126427174,
        0.006121822167187929,
        0.006068735383450985,
        0.005967453122138977,
        0.006074552424252033,
        0.0060155633836984634,
        0.00621369993314147
    ]
}