{
    "epoch": [
        0,
        1,
        2,
        3,
        4,
        5,
        6,
        7,
        8,
        9,
        10,
        11,
        12,
        13,
        14,
        15,
        16,
        17,
        18,
        19,
        20,
        21,
        22,
        23,
        24,
        25,
        26,
        27,
        28,
        29,
        30,
        31,
        32,
        33,
        34,
        35,
        36,
        37,
        38,
        39,
        40,
        41,
        42,
        43,
        44,
        45,
        46,
        47,
        48,
        49,
        50,
        51,
        52,
        53,
        54,
        55,
        56,
        57,
        58,
        59,
        60,
        61,
        62,
        63,
        64,
        65,
        66,
        67,
        68,
        69,
        70,
        71,
        72,
        73,
        74,
        75,
        76,
        77,
        78,
        79,
        80,
        81,
        82,
        83,
        84,
        85,
        86,
        87,
        88,
        89,
        90,
        91,
        92,
        93,
        94,
        95,
        96,
        97,
        98,
        99
    ],
    "train_loss": [
        0.4698556959629059,
        0.30627164244651794,
        0.21626253426074982,
        0.16976788640022278,
        0.1349131166934967,
        0.15909749269485474,
        0.11107563227415085,
        0.0928955003619194,
        0.07622471451759338,
        0.06358520686626434,
        0.06408648192882538,
        0.05473467707633972,
        0.04905615374445915,
        0.04479900002479553,
        0.040833212435245514,
        0.04184238240122795,
        0.03709788993000984,
        0.035244666039943695,
        0.03495458886027336,
        0.03583512082695961,
        0.037083037197589874,
        0.03498648479580879,
        0.035239897668361664,
        0.033473946154117584,
        0.03291521593928337,
        0.03349556401371956,
        0.032069962471723557,
        0.03043164312839508,
        0.03071713075041771,
        0.031090887263417244,
        0.03371435031294823,
        0.032533325254917145,
        0.03126204386353493,
        0.030695639550685883,
        0.030350375920534134,
        0.03236669301986694,
        0.03059351071715355,
        0.02943005971610546,
        0.02834899164736271,
        0.02824864536523819,
        0.02890929952263832,
        0.028036559000611305,
        0.02745271474123001,
        0.02712894231081009,
        0.026157664135098457,
        0.028907157480716705,
        0.027359047904610634,
        0.026371026411652565,
        0.026044460013508797,
        0.02580179274082184,
        0.025591490790247917,
        0.025391217321157455,
        0.02496160939335823,
        0.024789882823824883,
        0.02458503469824791,
        0.024996483698487282,
        0.02545912005007267,
        0.02543458342552185,
        0.02525470033288002,
        0.025228293612599373,
        0.02533072978258133,
        0.025905508548021317,
        0.026387227699160576,
        0.02666507102549076,
        0.02661195956170559,
        0.027065854519605637,
        0.027462705969810486,
        0.02730848267674446,
        0.027543403208255768,
        0.0277586430311203,
        0.027543336153030396,
        0.027096359059214592,
        0.02657185308635235,
        0.02617786079645157,
        0.02642308734357357,
        0.02589927241206169,
        0.026187313720583916,
        0.025867754593491554,
        0.02638651616871357,
        0.026165412738919258,
        0.025831159204244614,
        0.02559649385511875,
        0.0255654938519001,
        0.025827208533883095,
        0.025319093838334084,
        0.024790136143565178,
        0.024915343150496483,
        0.024781329557299614,
        0.024761337786912918,
        0.024474244564771652,
        0.024776458740234375,
        0.024996448308229446,
        0.024932947009801865,
        0.024784380570054054,
        0.024424223229289055,
        0.024681998416781425,
        0.02418730966746807,
        0.023943820968270302,
        0.02346773073077202,
        0.023190060630440712
    ]
}