{
    "epoch": [
        0,
        1,
        2,
        3,
        4,
        5,
        6,
        7,
        8,
        9,
        10,
        11,
        12,
        13,
        14,
        15,
        16,
        17,
        18,
        19,
        20,
        21,
        22,
        23,
        24,
        25,
        26,
        27,
        28,
        29,
        30,
        31,
        32,
        33,
        34,
        35,
        36,
        37,
        38,
        39,
        40,
        41,
        42,
        43,
        44,
        45,
        46,
        47,
        48,
        49,
        50,
        51,
        52,
        53,
        54,
        55,
        56,
        57,
        58,
        59,
        60,
        61,
        62,
        63,
        64,
        65,
        66,
        67,
        68,
        69,
        70,
        71,
        72,
        73,
        74,
        75,
        76,
        77,
        78,
        79,
        80,
        81,
        82,
        83,
        84,
        85,
        86,
        87,
        88,
        89,
        90,
        91,
        92,
        93,
        94,
        95,
        96,
        97,
        98,
        99
    ],
    "train_loss": [
        0.047346603125333786,
        0.02876066416501999,
        0.016035206615924835,
        0.013384995982050896,
        0.011413607746362686,
        0.011190066114068031,
        0.010954262688755989,
        0.010591905564069748,
        0.010326438583433628,
        0.01046010572463274,
        0.00982686411589384,
        0.010434839874505997,
        0.011469547636806965,
        0.011156165972352028,
        0.011971777305006981,
        0.010560590773820877,
        0.009534450247883797,
        0.009729018434882164,
        0.010210508480668068,
        0.010107643902301788,
        0.009539834223687649,
        0.009124686941504478,
        0.008850626647472382,
        0.008522923104465008,
        0.008345510810613632,
        0.00827745907008648,
        0.008225509896874428,
        0.008211924694478512,
        0.008154287002980709,
        0.008142687380313873,
        0.008208156563341618,
        0.008320837281644344,
        0.00818369910120964,
        0.008231466636061668,
        0.008016143925487995,
        0.008003992028534412,
        0.00776305515319109,
        0.0076788864098489285,
        0.0076202526688575745,
        0.007589454762637615,
        0.0075079104863107204,
        0.007437476888298988,
        0.007499373517930508,
        0.007458354812115431,
        0.007453983183950186,
        0.00744707090780139,
        0.007349368650466204,
        0.007298018783330917,
        0.007201950531452894,
        0.0071479850448668,
        0.007094153668731451,
        0.006960252299904823,
        0.006875806022435427,
        0.006859744433313608,
        0.0068406006321311,
        0.006789650302380323,
        0.006723520811647177,
        0.006670382339507341,
        0.006619053892791271,
        0.0065741706639528275,
        0.006549782585352659,
        0.006498617120087147,
        0.0064503224566578865,
        0.006390894763171673,
        0.006326613482087851,
        0.006259093526750803,
        0.0062284935265779495,
        0.006219799164682627,
        0.006147332955151796,
        0.006073996424674988,
        0.00606154790148139,
        0.005992087069898844,
        0.0059064398519694805,
        0.005891276989132166,
        0.005829703528434038,
        0.005775864701718092,
        0.005735083948820829,
        0.005708554293960333,
        0.005699517205357552,
        0.0056885057128965855,
        0.005655982531607151,
        0.00560770882293582,
        0.005588035564869642,
        0.0055452920496463776,
        0.005479665473103523,
        0.005470339674502611,
        0.005467106122523546,
        0.005399992689490318,
        0.0053778174333274364,
        0.00536294374614954,
        0.0053012860007584095,
        0.005268026143312454,
        0.005176549311727285,
        0.005123149137943983,
        0.0049997903406620026,
        0.004883936606347561,
        0.004784822929650545,
        0.0047099352814257145,
        0.004709376487880945,
        0.004583911504596472
    ]
}