{
    "epoch": [
        0,
        1,
        2,
        3,
        4,
        5,
        6,
        7,
        8,
        9,
        10,
        11,
        12,
        13,
        14,
        15,
        16,
        17,
        18,
        19,
        20,
        21,
        22,
        23,
        24,
        25,
        26,
        27,
        28,
        29,
        30,
        31,
        32,
        33,
        34,
        35,
        36,
        37,
        38,
        39,
        40,
        41,
        42,
        43,
        44,
        45,
        46,
        47,
        48,
        49,
        50,
        51,
        52,
        53,
        54,
        55,
        56,
        57,
        58,
        59,
        60,
        61,
        62,
        63,
        64,
        65,
        66,
        67,
        68,
        69,
        70,
        71,
        72,
        73,
        74,
        75,
        76,
        77,
        78,
        79,
        80,
        81,
        82,
        83,
        84,
        85,
        86,
        87,
        88,
        89,
        90,
        91,
        92,
        93,
        94,
        95,
        96,
        97,
        98,
        99
    ],
    "train_loss": [
        0.3265390992164612,
        0.09980185329914093,
        0.05559345334768295,
        0.03320886567234993,
        0.029207643121480942,
        0.02420325018465519,
        0.01774558424949646,
        0.017305145040154457,
        0.014896955341100693,
        0.01526226382702589,
        0.012164738029241562,
        0.011533842422068119,
        0.010863016359508038,
        0.010722098872065544,
        0.010790115222334862,
        0.010027249343693256,
        0.010276966728270054,
        0.010316855274140835,
        0.01006745733320713,
        0.009478406980633736,
        0.009379737079143524,
        0.009311462752521038,
        0.009292284958064556,
        0.009174114093184471,
        0.009099407121539116,
        0.008904743939638138,
        0.008960127830505371,
        0.008841116912662983,
        0.008695771917700768,
        0.008505750447511673,
        0.00838277768343687,
        0.00835941731929779,
        0.008264579810202122,
        0.008084453642368317,
        0.008104372769594193,
        0.008177250623703003,
        0.00808971282094717,
        0.00789883453398943,
        0.008050774224102497,
        0.007905724458396435,
        0.007969469763338566,
        0.00783808995038271,
        0.007929587736725807,
        0.007844554260373116,
        0.00802771095186472,
        0.007802129723131657,
        0.00785214826464653,
        0.007751809433102608,
        0.007649682462215424,
        0.00775515241548419,
        0.007828750647604465,
        0.0077416240237653255,
        0.007740957196801901,
        0.007675821427255869,
        0.007702701259404421,
        0.007754355203360319,
        0.007765190675854683,
        0.0077963946387171745,
        0.007727851625531912,
        0.007763308007270098,
        0.007739725988358259,
        0.007705794647336006,
        0.007750021293759346,
        0.007773233577609062,
        0.007738363463431597,
        0.0076871272176504135,
        0.007693758700042963,
        0.00767788989469409,
        0.007728220894932747,
        0.007694788742810488,
        0.0077882311306893826,
        0.007843844592571259,
        0.007702863775193691,
        0.007635472808033228,
        0.007706272881478071,
        0.007684882264584303,
        0.00768135953694582,
        0.007760876789689064,
        0.007669487968087196,
        0.00765601173043251,
        0.007624985184520483,
        0.007564946077764034,
        0.007636018563061953,
        0.007574230898171663,
        0.007476914674043655,
        0.007486055605113506,
        0.007482040207833052,
        0.007537138648331165,
        0.007750935386866331,
        0.0077656968496739864,
        0.007728038355708122,
        0.007964355871081352,
        0.007935252040624619,
        0.007868855260312557,
        0.008075055666267872,
        0.008016368374228477,
        0.00831299927085638,
        0.00871526263654232,
        0.008851103484630585,
        0.008724663406610489
    ]
}