{
    "epoch": [
        0,
        1,
        2,
        3,
        4,
        5,
        6,
        7,
        8,
        9,
        10,
        11,
        12,
        13,
        14,
        15,
        16,
        17,
        18,
        19,
        20,
        21,
        22,
        23,
        24,
        25,
        26,
        27,
        28,
        29,
        30,
        31,
        32,
        33,
        34,
        35,
        36,
        37,
        38,
        39,
        40,
        41,
        42,
        43,
        44,
        45,
        46,
        47,
        48,
        49,
        50,
        51,
        52,
        53,
        54,
        55,
        56,
        57,
        58,
        59,
        60,
        61,
        62,
        63,
        64,
        65,
        66,
        67,
        68,
        69,
        70,
        71,
        72,
        73,
        74,
        75,
        76,
        77,
        78,
        79,
        80,
        81,
        82,
        83,
        84,
        85,
        86,
        87,
        88,
        89,
        90,
        91,
        92,
        93,
        94,
        95,
        96,
        97,
        98,
        99
    ],
    "train_loss": [
        0.165127694606781,
        0.08042044192552567,
        0.05759980529546738,
        0.039099887013435364,
        0.03172875568270683,
        0.04583655297756195,
        0.032820358872413635,
        0.031185327097773552,
        0.02719157002866268,
        0.019407091662287712,
        0.018429549410939217,
        0.012910930439829826,
        0.012734024785459042,
        0.015083915553987026,
        0.012545295059680939,
        0.013712795451283455,
        0.011272553354501724,
        0.011642620898783207,
        0.011526357382535934,
        0.011928551830351353,
        0.012042436748743057,
        0.011283827014267445,
        0.010589363984763622,
        0.010753239504992962,
        0.010259581729769707,
        0.01237685140222311,
        0.011081598699092865,
        0.010194110684096813,
        0.009307528845965862,
        0.009518055245280266,
        0.010290008969604969,
        0.009778540581464767,
        0.009795431047677994,
        0.010257765650749207,
        0.01036157738417387,
        0.010458028875291348,
        0.010681533254683018,
        0.011063659563660622,
        0.010926192626357079,
        0.01129535399377346,
        0.012053453363478184,
        0.012932457029819489,
        0.01316171046346426,
        0.013323165476322174,
        0.013188417069613934,
        0.014492408372461796,
        0.013749683275818825,
        0.01300074253231287,
        0.01298282016068697,
        0.012209802865982056,
        0.01203856524080038,
        0.012195778079330921,
        0.012057202868163586,
        0.011585750617086887,
        0.010183525271713734,
        0.00885548535734415,
        0.008797009475529194,
        0.008633073419332504,
        0.008592091500759125,
        0.008474762551486492,
        0.008453437127172947,
        0.008539474569261074,
        0.00864039920270443,
        0.008454636670649052,
        0.008375866338610649,
        0.00807124748826027,
        0.00798774790018797,
        0.007955633103847504,
        0.008097711019217968,
        0.007922886870801449,
        0.007862113416194916,
        0.00781946163624525,
        0.007810208946466446,
        0.007918454706668854,
        0.007841074839234352,
        0.00797167420387268,
        0.008096376433968544,
        0.008289426565170288,
        0.008116509765386581,
        0.007929963991045952,
        0.0077921864576637745,
        0.007528556976467371,
        0.0076447115279734135,
        0.007578081917017698,
        0.007541642989963293,
        0.007525559980422258,
        0.007506386376917362,
        0.007505326997488737,
        0.0074851675890386105,
        0.007478257175534964,
        0.007512710522860289,
        0.007499755825847387,
        0.007504298817366362,
        0.007513520307838917,
        0.007625899277627468,
        0.008182598277926445,
        0.008477370254695415,
        0.007996737957000732,
        0.007905611768364906,
        0.007855884730815887
    ]
}