{
    "epoch": [
        0,
        1,
        2,
        3,
        4,
        5,
        6,
        7,
        8,
        9,
        10,
        11,
        12,
        13,
        14,
        15,
        16,
        17,
        18,
        19,
        20,
        21,
        22,
        23,
        24,
        25,
        26,
        27,
        28,
        29,
        30,
        31,
        32,
        33,
        34,
        35,
        36,
        37,
        38,
        39,
        40,
        41,
        42,
        43,
        44,
        45,
        46,
        47,
        48,
        49,
        50,
        51,
        52,
        53,
        54,
        55,
        56,
        57,
        58,
        59,
        60,
        61,
        62,
        63,
        64,
        65,
        66,
        67,
        68,
        69,
        70,
        71,
        72,
        73,
        74,
        75,
        76,
        77,
        78,
        79,
        80,
        81,
        82,
        83,
        84,
        85,
        86,
        87,
        88,
        89,
        90,
        91,
        92,
        93,
        94,
        95,
        96,
        97,
        98,
        99
    ],
    "train_loss": [
        0.02344302088022232,
        0.012362860143184662,
        0.010122647508978844,
        0.00787256844341755,
        0.008032999001443386,
        0.00797630101442337,
        0.008708786219358444,
        0.008888314478099346,
        0.008427719585597515,
        0.008941824547946453,
        0.00839832704514265,
        0.009937325492501259,
        0.0112451845780015,
        0.010563558898866177,
        0.011669516563415527,
        0.010784166865050793,
        0.010610626079142094,
        0.010784001089632511,
        0.011244123801589012,
        0.012280118651688099,
        0.012941814959049225,
        0.012930110096931458,
        0.01296290848404169,
        0.012846850790083408,
        0.01288400124758482,
        0.012920383363962173,
        0.012874804437160492,
        0.01278134249150753,
        0.012712249532341957,
        0.012635033577680588,
        0.012551811523735523,
        0.012576631270349026,
        0.012496815994381905,
        0.0123422397300601,
        0.011972113512456417,
        0.011753357946872711,
        0.011527957394719124,
        0.011368434876203537,
        0.011554011143743992,
        0.01207457110285759,
        0.012319459579885006,
        0.011513741686940193,
        0.010989283211529255,
        0.010880819521844387,
        0.011523633264005184,
        0.01203748770058155,
        0.012877266854047775,
        0.013475291430950165,
        0.013207334093749523,
        0.012287233024835587,
        0.01146009936928749,
        0.010525360703468323,
        0.009891224093735218,
        0.00962742604315281,
        0.009683909825980663,
        0.00955252256244421,
        0.009861880913376808,
        0.009740989655256271,
        0.010186721570789814,
        0.009764942340552807,
        0.008890334516763687,
        0.007899662479758263,
        0.007278622128069401,
        0.006861621048301458,
        0.006857504136860371,
        0.0067814490757882595,
        0.006573414895683527,
        0.00657257903367281,
        0.006555996369570494,
        0.006560560315847397,
        0.0065605598501861095,
        0.0065605598501861095,
        0.006560560315847397,
        0.006583386566489935,
        0.006587988696992397,
        0.006588034797459841,
        0.006588033866137266,
        0.006588033400475979,
        0.006588033400475979,
        0.006586088798940182,
        0.006584084127098322,
        0.006584084127098322,
        0.006584084127098322,
        0.00658121332526207,
        0.006570512428879738,
        0.006570512428879738,
        0.006570512428879738,
        0.0065704951994121075,
        0.0065704951994121075,
        0.0065704951994121075,
        0.0065704951994121075,
        0.0065704951994121075,
        0.0065704951994121075,
        0.0065704588778316975,
        0.006571110803633928,
        0.006571110803633928,
        0.006571110803633928,
        0.006571110803633928,
        0.006571110803633928,
        0.0065698460675776005
    ]
}