{
    "epoch": [
        0,
        1,
        2,
        3,
        4,
        5,
        6,
        7,
        8,
        9,
        10,
        11,
        12,
        13,
        14,
        15,
        16,
        17,
        18,
        19,
        20,
        21,
        22,
        23,
        24,
        25,
        26,
        27,
        28,
        29,
        30,
        31,
        32,
        33,
        34,
        35,
        36,
        37,
        38,
        39,
        40,
        41,
        42,
        43,
        44,
        45,
        46,
        47,
        48,
        49,
        50,
        51,
        52,
        53,
        54,
        55,
        56,
        57,
        58,
        59,
        60,
        61,
        62,
        63,
        64,
        65,
        66,
        67,
        68,
        69,
        70,
        71,
        72,
        73,
        74,
        75,
        76,
        77,
        78,
        79,
        80,
        81,
        82,
        83,
        84,
        85,
        86,
        87,
        88,
        89,
        90,
        91,
        92,
        93,
        94,
        95,
        96,
        97,
        98,
        99
    ],
    "train_loss": [
        0.4625532031059265,
        0.19889742136001587,
        0.11761060357093811,
        0.10181747376918793,
        0.08566281199455261,
        0.06573118269443512,
        0.055721066892147064,
        0.048941899091005325,
        0.042483989149332047,
        0.03938211500644684,
        0.04246643930673599,
        0.03614955022931099,
        0.030708519741892815,
        0.027327846735715866,
        0.026722704991698265,
        0.03188266232609749,
        0.025795256718993187,
        0.02590847760438919,
        0.022761257365345955,
        0.022039800882339478,
        0.027304423972964287,
        0.02564968913793564,
        0.019353210926055908,
        0.020041296258568764,
        0.01800405979156494,
        0.017013326287269592,
        0.01401530858129263,
        0.015568898059427738,
        0.011666608974337578,
        0.012304888106882572,
        0.014131295494735241,
        0.012480958364903927,
        0.012463647872209549,
        0.00839012861251831,
        0.009752980433404446,
        0.010499528609216213,
        0.01460361760109663,
        0.014326457865536213,
        0.015557450242340565,
        0.015625154599547386,
        0.019862337037920952,
        0.02020447514951229,
        0.018334677442908287,
        0.018501510843634605,
        0.017690306529402733,
        0.0150783471763134,
        0.015119574032723904,
        0.016537198796868324,
        0.016565335914492607,
        0.019055714830756187,
        0.01843232475221157,
        0.01583174429833889,
        0.015133624896407127,
        0.013269899412989616,
        0.012716565281152725,
        0.01439215149730444,
        0.012760823592543602,
        0.01223042793571949,
        0.012948447838425636,
        0.011721974238753319,
        0.011530529707670212,
        0.010449649766087532,
        0.01017976738512516,
        0.009910818189382553,
        0.009744450449943542,
        0.010150338523089886,
        0.009615126997232437,
        0.0097527876496315,
        0.0093469750136137,
        0.010014446452260017,
        0.010810364969074726,
        0.011343680322170258,
        0.011932853609323502,
        0.010458634234964848,
        0.007161429151892662,
        0.008002939634025097,
        0.008184773847460747,
        0.008114336058497429,
        0.00753359030932188,
        0.007159759756177664,
        0.006922402884811163,
        0.006920828949660063,
        0.006887897849082947,
        0.006989080924540758,
        0.007045818492770195,
        0.007215613964945078,
        0.007096092216670513,
        0.006926672998815775,
        0.00659852335229516,
        0.0066168056800961494,
        0.006326581817120314,
        0.006480460055172443,
        0.006844445131719112,
        0.007536326069384813,
        0.008044778369367123,
        0.013074331916868687,
        0.008196339011192322,
        0.00858132354915142,
        0.007158593274652958,
        0.007057009730488062
    ]
}