{
    "epoch": [
        0,
        1,
        2,
        3,
        4,
        5,
        6,
        7,
        8,
        9,
        10,
        11,
        12,
        13,
        14,
        15,
        16,
        17,
        18,
        19,
        20,
        21,
        22,
        23,
        24,
        25,
        26,
        27,
        28,
        29,
        30,
        31,
        32,
        33,
        34,
        35,
        36,
        37,
        38,
        39,
        40,
        41,
        42,
        43,
        44,
        45,
        46,
        47,
        48,
        49,
        50,
        51,
        52,
        53,
        54,
        55,
        56,
        57,
        58,
        59,
        60,
        61,
        62,
        63,
        64,
        65,
        66,
        67,
        68,
        69,
        70,
        71,
        72,
        73,
        74,
        75,
        76,
        77,
        78,
        79,
        80,
        81,
        82,
        83,
        84,
        85,
        86,
        87,
        88,
        89,
        90,
        91,
        92,
        93,
        94,
        95,
        96,
        97,
        98,
        99
    ],
    "train_loss": [
        0.13981184363365173,
        0.06447815895080566,
        0.04054974392056465,
        0.030928654596209526,
        0.028194883838295937,
        0.030166245996952057,
        0.029025210067629814,
        0.02685711346566677,
        0.024507520720362663,
        0.02574578858911991,
        0.022297166287899017,
        0.02115429937839508,
        0.021900121122598648,
        0.0191502682864666,
        0.016262609511613846,
        0.01578648015856743,
        0.014641216956079006,
        0.017532801255583763,
        0.014430558308959007,
        0.01200893335044384,
        0.011006969027221203,
        0.010131747461855412,
        0.010912456549704075,
        0.012271695770323277,
        0.010655537247657776,
        0.012254443019628525,
        0.010407067835330963,
        0.00947114173322916,
        0.009251794777810574,
        0.009765147231519222,
        0.009607477113604546,
        0.012095684185624123,
        0.01388533879071474,
        0.011329366825520992,
        0.011877622455358505,
        0.010010003112256527,
        0.009633403271436691,
        0.009785205125808716,
        0.009754694998264313,
        0.009590880945324898,
        0.009373691864311695,
        0.009336360730230808,
        0.00936800055205822,
        0.009249909780919552,
        0.009682638570666313,
        0.010161096230149269,
        0.010026589967310429,
        0.010177782736718655,
        0.010324103757739067,
        0.010388455353677273,
        0.010548022575676441,
        0.010565035045146942,
        0.0103245684877038,
        0.010106104426085949,
        0.010062610730528831,
        0.010122382082045078,
        0.010094991885125637,
        0.009966135956346989,
        0.010038670152425766,
        0.010151699185371399,
        0.010143051855266094,
        0.010338909924030304,
        0.010281276889145374,
        0.010469740256667137,
        0.010660180822014809,
        0.010686523281037807,
        0.01038683857768774,
        0.010171567089855671,
        0.010111680254340172,
        0.009909720160067081,
        0.010088682174682617,
        0.010092037729918957,
        0.010315348394215107,
        0.010484214872121811,
        0.01044420339167118,
        0.010470006614923477,
        0.01041954942047596,
        0.010292510502040386,
        0.010203556157648563,
        0.01027124933898449,
        0.010275542736053467,
        0.010047764517366886,
        0.01014174334704876,
        0.010163768194615841,
        0.010234608314931393,
        0.010204660706222057,
        0.010172947309911251,
        0.009962446056306362,
        0.009704355150461197,
        0.00964251160621643,
        0.009683881886303425,
        0.009722665883600712,
        0.009666603989899158,
        0.009565525688230991,
        0.00951329991221428,
        0.00934687815606594,
        0.009404731914401054,
        0.009325848892331123,
        0.009408285841345787,
        0.009379347786307335
    ]
}