{
    "epoch": [
        0,
        1,
        2,
        3,
        4,
        5,
        6,
        7,
        8,
        9,
        10,
        11,
        12,
        13,
        14,
        15,
        16,
        17,
        18,
        19,
        20,
        21,
        22,
        23,
        24,
        25,
        26,
        27,
        28,
        29,
        30,
        31,
        32,
        33,
        34,
        35,
        36,
        37,
        38,
        39,
        40,
        41,
        42,
        43,
        44,
        45,
        46,
        47,
        48,
        49,
        50,
        51,
        52,
        53,
        54,
        55,
        56,
        57,
        58,
        59,
        60,
        61,
        62,
        63,
        64,
        65,
        66,
        67,
        68,
        69,
        70,
        71,
        72,
        73,
        74,
        75,
        76,
        77,
        78,
        79,
        80,
        81,
        82,
        83,
        84,
        85,
        86,
        87,
        88,
        89,
        90,
        91,
        92,
        93,
        94,
        95,
        96,
        97,
        98,
        99
    ],
    "train_loss": [
        0.6191592812538147,
        0.41217151284217834,
        0.2750588357448578,
        0.20107437670230865,
        0.15181221067905426,
        0.030669454485177994,
        0.023414460942149162,
        0.02231728658080101,
        0.017995011061429977,
        0.012437828816473484,
        0.012489835731685162,
        0.012342492118477821,
        0.011946438811719418,
        0.011816616170108318,
        0.01166913378983736,
        0.011607734486460686,
        0.011655270121991634,
        0.011943507008254528,
        0.012013562023639679,
        0.012684608809649944,
        0.012583569623529911,
        0.012206200510263443,
        0.011644852347671986,
        0.011347184889018536,
        0.011088075116276741,
        0.010946654714643955,
        0.010860970243811607,
        0.010877768509089947,
        0.010890974663197994,
        0.01101150643080473,
        0.011048777960240841,
        0.011054117232561111,
        0.010942665860056877,
        0.010861935093998909,
        0.010701596736907959,
        0.010690495371818542,
        0.010667654685676098,
        0.010707767680287361,
        0.010855967178940773,
        0.01087453868240118,
        0.01100171823054552,
        0.01108506228774786,
        0.011232970282435417,
        0.011079885996878147,
        0.010873651131987572,
        0.010854491963982582,
        0.010742269456386566,
        0.010705367662012577,
        0.010713628493249416,
        0.01072267908602953,
        0.010794064030051231,
        0.010902606882154942,
        0.01094877626746893,
        0.01096424926072359,
        0.010952864773571491,
        0.010943444445729256,
        0.010937441140413284,
        0.010928084142506123,
        0.010907952673733234,
        0.010859178379178047,
        0.010744559578597546,
        0.010687408968806267,
        0.01058435719460249,
        0.010610588826239109,
        0.010616659186780453,
        0.0105548445135355,
        0.010502499528229237,
        0.01049030851572752,
        0.010468762367963791,
        0.01046216394752264,
        0.010675257071852684,
        0.010328243486583233,
        0.010116965509951115,
        0.00994504988193512,
        0.00980937946587801,
        0.009768197312951088,
        0.00971110537648201,
        0.009637314826250076,
        0.009652622975409031,
        0.009673775173723698,
        0.009688065387308598,
        0.009685994125902653,
        0.009689582511782646,
        0.009703528136014938,
        0.009739208966493607,
        0.009749124757945538,
        0.009747946634888649,
        0.009752990677952766,
        0.009750109165906906,
        0.00974443182349205,
        0.00974317081272602,
        0.009743981994688511,
        0.009742780588567257,
        0.009738289751112461,
        0.009732790291309357,
        0.009724084287881851,
        0.009716867469251156,
        0.009716846980154514,
        0.009716846980154514,
        0.009716842323541641
    ]
}