{
    "epoch": [
        0,
        1,
        2,
        3,
        4,
        5,
        6,
        7,
        8,
        9,
        10,
        11,
        12,
        13,
        14,
        15,
        16,
        17,
        18,
        19,
        20,
        21,
        22,
        23,
        24,
        25,
        26,
        27,
        28,
        29,
        30,
        31,
        32,
        33,
        34,
        35,
        36,
        37,
        38,
        39,
        40,
        41,
        42,
        43,
        44,
        45,
        46,
        47,
        48,
        49,
        50,
        51,
        52,
        53,
        54,
        55,
        56,
        57,
        58,
        59,
        60,
        61,
        62,
        63,
        64,
        65,
        66,
        67,
        68,
        69,
        70,
        71,
        72,
        73,
        74,
        75,
        76,
        77,
        78,
        79,
        80,
        81,
        82,
        83,
        84,
        85,
        86,
        87,
        88,
        89,
        90,
        91,
        92,
        93,
        94,
        95,
        96,
        97,
        98,
        99
    ],
    "train_loss": [
        0.03159782290458679,
        0.012641211040318012,
        0.0077277543023228645,
        0.007342942990362644,
        0.0074521806091070175,
        0.006977091543376446,
        0.006961658131331205,
        0.006962940096855164,
        0.006827851291745901,
        0.006909309886395931,
        0.006826812867075205,
        0.006807873956859112,
        0.006874564569443464,
        0.006930862553417683,
        0.006476959213614464,
        0.0066893803887069225,
        0.007077493239194155,
        0.006583238951861858,
        0.006648074835538864,
        0.007210015784949064,
        0.007044123485684395,
        0.007286539301276207,
        0.007320128846913576,
        0.007427082862704992,
        0.00765962153673172,
        0.007611358072608709,
        0.007558560464531183,
        0.0082714157178998,
        0.007779626175761223,
        0.008001092821359634,
        0.008817321620881557,
        0.009358237497508526,
        0.009851889684796333,
        0.010095787234604359,
        0.009903556667268276,
        0.01124038640409708,
        0.01187849324196577,
        0.012319233268499374,
        0.01325089018791914,
        0.013635841198265553,
        0.014227144420146942,
        0.013750136829912663,
        0.013363870792090893,
        0.012930651195347309,
        0.012714349664747715,
        0.012413237243890762,
        0.012872503139078617,
        0.013326581567525864,
        0.013251109048724174,
        0.013399584218859673,
        0.01348298229277134,
        0.013615578413009644,
        0.01354026049375534,
        0.013490947894752026,
        0.013629856519401073,
        0.013888221234083176,
        0.014240036718547344,
        0.014505807310342789,
        0.014567314647138119,
        0.01462855190038681,
        0.014548740349709988,
        0.014548704028129578,
        0.014618739485740662,
        0.014619819819927216,
        0.014619219116866589,
        0.0143417464569211,
        0.01402219571173191,
        0.01360450778156519,
        0.013370098546147346,
        0.012884838506579399,
        0.012656196020543575,
        0.012241332791745663,
        0.011885433457791805,
        0.011626345105469227,
        0.01099578570574522,
        0.010756096802651882,
        0.009914282709360123,
        0.00945073552429676,
        0.009143576957285404,
        0.008951137773692608,
        0.008856040425598621,
        0.008754262700676918,
        0.008645791560411453,
        0.008609051816165447,
        0.008509905077517033,
        0.008451767265796661,
        0.008451767265796661,
        0.008451767265796661,
        0.008451768197119236,
        0.008299312554299831,
        0.008180203847587109,
        0.00803130678832531,
        0.007966374047100544,
        0.007852219045162201,
        0.007769276853650808,
        0.007780895102769136,
        0.007771913893520832,
        0.007733187172561884,
        0.007740754168480635,
        0.007740754168480635
    ]
}