{
    "mlp": {
        "true_params": [
            1.0,
            0.1,
            5.0
        ],
        "estimated_params": [
            0.07618910793073247,
            0.0,
            0.0
        ],
        "errors": [
            92.38108920692676,
            100.0,
            100.0
        ],
        "rmse": 0.07170784474323479
    },
    "timestamp": "20250113_205936"
}