{
    "mlp": {
        "true_params": [
            1.0,
            0.1,
            5.0
        ],
        "estimated_params": [
            0.060602957770216584,
            0.0,
            0.0
        ],
        "errors": [
            93.93970422297834,
            100.0,
            100.0
        ],
        "rmse": 0.07296066496454878
    },
    "timestamp": "20250114_140035"
}