{
    "pinn": {
        "true_params": [
            1.0,
            0.1,
            5.0
        ],
        "estimated_params": [
            1.6527167558670044,
            0.45192116498947144,
            82.79600524902344
        ],
        "errors": [
            65.27167558670044,
            351.92116498947144,
            1555.9201049804688
        ],
        "rmse": 0.10087473688617014
    },
    "timestamp": "20250113_224315"
}