{
    "least_squares": {
        "true_params": [
            1.0,
            0.1,
            5.0
        ],
        "estimated_params": [
            1.0000000502727868,
            0.09999969054273053,
            4.999998021930703
        ],
        "errors": [
            5.027278682234737e-06,
            0.0003094572694761766,
            3.956138593608216e-05
        ],
        "rmse": 6.296660409351013e-09
    },
    "timestamp": "20250113_214008"
}