{
    "kan": {
        "true_params": [
            10.0,
            10.0,
            50.0
        ],
        "estimated_params": [
            -0.037802159786224365,
            0.02361351251602173,
            -0.05853956937789917
        ],
        "errors": [
            100.37802159786224,
            99.76386487483978,
            100.1170791387558
        ],
        "rmse": 0.07772098284455146
    },
    "timestamp": "20250310_112049"
}