{
    "ols": {
        "true_params": [
            1.0,
            0.1,
            5.0
        ],
        "estimated_params": [
            1.0000002256857556,
            0.10000393887692159,
            5.000030177392836
        ],
        "errors": [
            2.2568575563930438e-05,
            0.003938876921585899,
            0.000603547856723452
        ],
        "rmse": 4.831893878504165e-08
    },
    "timestamp": "20250113_221540"
}