{
    "kan": {
        "true_params": [
            1.0,
            1.0,
            5.0
        ],
        "estimated_params": [
            0.761439323425293,
            0.1695690155029297,
            -2.9636659622192383
        ],
        "errors": [
            23.856067657470703,
            83.04309844970703,
            159.27331924438477
        ],
        "rmse": 18.667405974781364
    },
    "timestamp": "20250310_120823"
}