{
    "mlp": {
        "true_params": [
            1.0,
            0.1,
            200.0
        ],
        "estimated_params": [
            0.3998358154111575,
            0.05917213414645834,
            0.0
        ],
        "errors": [
            60.01641845888426,
            40.82786585354166,
            100.0
        ],
        "rmse": 1.5055352824145696
    },
    "timestamp": "20250114_140123"
}