{
    "kan": {
        "true_params": [
            10.0,
            10.0,
            10.0
        ],
        "estimated_params": [
            4.431480407714844,
            47.80194854736328,
            -1579.086181640625
        ],
        "errors": [
            55.68519592285156,
            378.0194854736328,
            15890.861816406248
        ],
        "rmse": 464.25427092529713
    },
    "timestamp": "20250310_120348"
}