{
    "ols": {
        "true_params": [
            1.0,
            0.1,
            5.0
        ],
        "estimated_params": [
            0.9999999255696749,
            0.09999990870767067,
            5.000004638371401
        ],
        "errors": [
            7.443032512544079e-06,
            9.129232933502429e-05,
            9.27674280148949e-05
        ],
        "rmse": 1.0777987793571027e-08
    },
    "timestamp": "20250113_222720"
}