{
    "pinn": {
        "true_params": [
            1.0,
            0.1,
            5.0
        ],
        "estimated_params": [
            1.0013597011566162,
            0.09868326783180237,
            4.998508930206299
        ],
        "errors": [
            0.1359701156616211,
            1.3167321681976374,
            0.029821395874023438
        ],
        "rmse": 0.00011109469129270256
    },
    "timestamp": "20250113_223208"
}