{
    "kan": {
        "true_params": [
            1.0,
            1.0,
            5.0
        ],
        "estimated_params": [
            0.8900941610336304,
            0.7519603967666626,
            -0.6918236613273621
        ],
        "errors": [
            10.990583896636963,
            24.80396032333374,
            113.83647322654724
        ],
        "rmse": 1.3379978610595513
    },
    "timestamp": "20250310_121008"
}