{
    "mlp": {
        "true_params": [
            1.0,
            1.0,
            100.0
        ],
        "estimated_params": [
            0.1748820692198854,
            0.0,
            0.09511265969040572
        ],
        "errors": [
            82.51179307801146,
            100.0,
            99.9048873403096
        ],
        "rmse": 0.2757407879345116
    },
    "timestamp": "20250114_140513"
}