{
    "mlp_optuna": {
        "true_params": [
            1.0,
            0.1,
            50.0
        ],
        "estimated_params": [
            0.08525753136672765,
            0.0,
            0.0
        ],
        "errors": [
            91.47424686332724,
            100.0,
            100.0
        ],
        "rmse": 0.12344497913281241
    },
    "timestamp": "20250203_170529"
}