{
    "ols": {
        "true_params": [
            1.0,
            0.1,
            5.0
        ],
        "estimated_params": [
            1.0000000467583516,
            0.09999987105935584,
            5.000001271390747
        ],
        "errors": [
            4.67583516350345e-06,
            0.0001289406441618013,
            2.5427814946965555e-05
        ],
        "rmse": 3.5172131349354746e-09
    },
    "timestamp": "20250113_221751"
}