{
    "pinn": {
        "true_params": [
            1.0,
            0.1,
            5.0
        ],
        "estimated_params": [
            1.001002311706543,
            0.10054317116737366,
            5.000762939453125
        ],
        "errors": [
            0.10023117065429688,
            0.5431711673736517,
            0.0152587890625
        ],
        "rmse": 8.051467715764167e-05
    },
    "timestamp": "20250114_130157"
}