{
    "pinn": {
        "true_params": [
            1.0,
            0.1,
            50.0
        ],
        "estimated_params": [
            1.004266619682312,
            0.09969374537467957,
            73.70124053955078
        ],
        "errors": [
            0.42666196823120117,
            0.3062546253204401,
            47.40248107910156
        ],
        "rmse": 0.028482790274302876
    },
    "timestamp": "20250114_155417"
}