{
    "mlp": {
        "true_params": [
            1.0,
            0.1,
            5.0
        ],
        "estimated_params": [
            0.07022806659740408,
            0.0,
            0.0
        ],
        "errors": [
            92.97719334025959,
            100.0,
            100.0
        ],
        "rmse": 0.07218697430051414
    },
    "timestamp": "20250114_134527"
}