{
    "mlp": {
        "true_params": [
            1.0,
            0.1,
            5.0
        ],
        "estimated_params": [
            0.07423629826000834,
            0.0,
            0.0
        ],
        "errors": [
            92.57637017399917,
            100.0,
            100.0
        ],
        "rmse": 0.07186480246447338
    },
    "timestamp": "20250114_132827"
}