{
    "pinn": {
        "true_params": [
            1.0,
            0.1,
            50.0
        ],
        "estimated_params": [
            0.9814121127128601,
            0.0852918028831482,
            12.673748016357422
        ],
        "errors": [
            1.8587887287139893,
            14.708197116851812,
            74.65250396728516
        ],
        "rmse": 0.04441559018257068
    },
    "timestamp": "20250114_142601"
}