{
    "least_squares": {
        "true_params": [
            1.0,
            0.1,
            5.0
        ],
        "estimated_params": [
            1.0000000905021933,
            0.10000181661528329,
            5.0000125209146615
        ],
        "errors": [
            9.050219329509446e-06,
            0.0018166152832843618,
            0.00025041829323058096
        ],
        "rmse": 2.0844212342827218e-08
    },
    "timestamp": "20250113_214447"
}