{
    "ols": {
        "true_params": [
            1.0,
            0.1,
            5.0
        ],
        "estimated_params": [
            1.0000000625633445,
            0.10000232662933972,
            5.000011550048467
        ],
        "errors": [
            6.256334450505108e-06,
            0.0023266293397161686,
            0.0002310009693395898
        ],
        "rmse": 2.2537170673118955e-08
    },
    "timestamp": "20250113_221439"
}