{
    "pinn": {
        "true_params": [
            1.0,
            0.1,
            5.0
        ],
        "estimated_params": [
            1.0088249444961548,
            0.09691859781742096,
            4.998383045196533
        ],
        "errors": [
            0.8824944496154785,
            3.081402182579046,
            0.03233909606933594
        ],
        "rmse": 0.0007136123855132336
    },
    "timestamp": "20250113_205056"
}