{
    "kan": {
        "true_params": [
            1.0,
            0.1,
            50.0
        ],
        "estimated_params": [
            0.9783818125724792,
            0.00026887375861406326,
            44.029296875
        ],
        "errors": [
            2.161818742752075,
            99.73112624138594,
            11.94140625
        ],
        "rmse": 0.007008876508582573
    },
    "timestamp": "20250310_111203"
}