{
    "kan": {
        "true_params": [
            1.0,
            0.1,
            50.0
        ],
        "estimated_params": [
            0.8859364986419678,
            0.00208418071269989,
            41.72345733642578
        ],
        "errors": [
            11.406350135803223,
            97.91581928730011,
            16.553085327148438
        ],
        "rmse": 0.01383671637289426
    },
    "timestamp": "20250310_110914"
}