{
    "kan": {
        "true_params": [
            10.0,
            10.0,
            50.0
        ],
        "estimated_params": [
            0.00014272518455982208,
            5.945563316345215e-06,
            9.402632713317871e-06
        ],
        "errors": [
            99.9985727481544,
            99.99994054436684,
            99.99998119473457
        ],
        "rmse": 0.07709832288972532
    },
    "timestamp": "20250310_111456"
}