{
    "mlp": {
        "true_params": [
            1.0,
            1.5,
            200.0
        ],
        "estimated_params": [
            0.4095918281879858,
            0.0,
            0.06569794214936944
        ],
        "errors": [
            59.04081718120142,
            100.0,
            99.96715102892531
        ],
        "rmse": 1.3876119040080437
    },
    "timestamp": "20250114_140232"
}