{
    "kan": {
        "true_params": [
            10.0,
            10.0,
            50.0
        ],
        "estimated_params": [
            8.77641487121582,
            8.175311088562012,
            23.585058212280273
        ],
        "errors": [
            12.235851287841797,
            18.246889114379883,
            52.82988357543945
        ],
        "rmse": 0.008675020891496606
    },
    "timestamp": "20250310_111712"
}