{
    "kan": {
        "true_params": [
            1.0,
            0.1,
            5.0
        ],
        "estimated_params": [
            0.9223232269287109,
            -0.01168663427233696,
            5.014949798583984
        ],
        "errors": [
            7.767677307128906,
            111.68663427233696,
            0.2989959716796875
        ],
        "rmse": 0.9137210438858726
    },
    "timestamp": "20250310_120552"
}