{
    "mlp": {
        "true_params": [
            1.0,
            0.1,
            5.0
        ],
        "estimated_params": [
            0.06046674604211175,
            0.0,
            0.0
        ],
        "errors": [
            93.95332539578882,
            100.0,
            100.0
        ],
        "rmse": 0.0729716144878665
    },
    "timestamp": "20250114_141026"
}