{
    "pinn": {
        "true_params": [
            1.0,
            0.1,
            50.0
        ],
        "estimated_params": [
            1.0018165111541748,
            0.09985452145338058,
            32.82794189453125
        ],
        "errors": [
            0.18165111541748047,
            0.14547854661942083,
            34.3441162109375
        ],
        "rmse": 0.02084152752456774
    },
    "timestamp": "20250114_155746"
}