{
    "mlp": {
        "true_params": [
            1.0,
            1.0,
            10.0
        ],
        "estimated_params": [
            0.06201994024762438,
            0.0,
            0.0
        ],
        "errors": [
            93.79800597523756,
            100.0,
            100.0
        ],
        "rmse": 0.07407942957125561
    },
    "timestamp": "20250114_140453"
}