{
    "kan": {
        "true_params": [
            10.0,
            10.0,
            50.0
        ],
        "estimated_params": [
            8.768577575683594,
            8.1771821975708,
            23.226516723632812
        ],
        "errors": [
            12.314224243164062,
            18.228178024291992,
            53.546966552734375
        ],
        "rmse": 0.008722479321300176
    },
    "timestamp": "20250310_112724"
}