{
    "ols": {
        "true_params": [
            1.0,
            0.1,
            5.0
        ],
        "estimated_params": [
            0.9999998455709785,
            0.09999948454502297,
            4.99998770370849
        ],
        "errors": [
            1.544290214594568e-05,
            0.0005154549770347572,
            0.0002459258302067724
        ],
        "rmse": 1.703968157201076e-08
    },
    "timestamp": "20250113_222020"
}