{
    "ols": {
        "true_params": [
            1.0,
            0.1,
            5.0
        ],
        "estimated_params": [
            1.0000001881194422,
            0.10000610058602917,
            5.000025157435633
        ],
        "errors": [
            1.8811944224594868e-05,
            0.006100586029164634,
            0.0005031487126672118
        ],
        "rmse": 5.4561215569835506e-08
    },
    "timestamp": "20250113_222339"
}