{
    "mlp": {
        "true_params": [
            1.0,
            0.1,
            50.0
        ],
        "estimated_params": [
            0.11333694426945186,
            0.0,
            0.0
        ],
        "errors": [
            88.66630557305481,
            100.0,
            100.0
        ],
        "rmse": 0.11999664751349881
    },
    "timestamp": "20250113_194236"
}