{
    "least_squares": {
        "true_params": [
            1.0,
            0.1,
            50.0
        ],
        "estimated_params": [
            1.0000002287376097,
            0.09989437100216321,
            50.00008980239659
        ],
        "errors": [
            2.2873760974206903e-05,
            0.1056289978367958,
            0.0001796047931748035
        ],
        "rmse": 7.602319009192413e-07
    },
    "timestamp": "20250113_194043"
}