{
    "ols": {
        "true_params": [
            1.0,
            0.1,
            5.0
        ],
        "estimated_params": [
            1.0000000219680512,
            0.09999959593567877,
            4.999992790282411
        ],
        "errors": [
            2.1968051155951684e-06,
            0.0004040643212382955,
            0.00014419435178325557
        ],
        "rmse": 1.16529895518185e-08
    },
    "timestamp": "20250113_221206"
}