{
    "pinn": {
        "true_params": [
            1.0,
            0.1,
            5.0
        ],
        "estimated_params": [
            1.0155948400497437,
            0.09781968593597412,
            4.998082637786865
        ],
        "errors": [
            1.5594840049743652,
            2.1803140640258842,
            0.03834724426269531
        ],
        "rmse": 0.001259949637931512
    },
    "timestamp": "20250113_205624"
}