{
    "kan": {
        "true_params": [
            10.0,
            10.0,
            50.0
        ],
        "estimated_params": [
            8.771766662597656,
            8.181404113769531,
            23.20248794555664
        ],
        "errors": [
            12.282333374023438,
            18.185958862304688,
            53.595024108886726
        ],
        "rmse": 0.008697407824915702
    },
    "timestamp": "20250310_113514"
}