{
    "mlp": {
        "true_params": [
            1.0,
            0.1,
            5.0
        ],
        "estimated_params": [
            -0.05904301015086078,
            0.0,
            0.0
        ],
        "errors": [
            105.90430101508608,
            100.0,
            100.0
        ],
        "rmse": 0.08258303583220422
    },
    "timestamp": "20250114_135118"
}