{
    "mlp": {
        "true_params": [
            1.0,
            0.1,
            50.0
        ],
        "estimated_params": [
            0.08629702955294664,
            0.0,
            0.0
        ],
        "errors": [
            91.37029704470534,
            100.0,
            100.0
        ],
        "rmse": 0.12331682562088445
    },
    "timestamp": "20250114_141154"
}