{
    "mlp": {
        "true_params": [
            1.0,
            0.1,
            50.0
        ],
        "estimated_params": [
            0.08548965405779976,
            0.0,
            0.0
        ],
        "errors": [
            91.45103459422003,
            100.0,
            100.0
        ],
        "rmse": 0.12341635889665459
    },
    "timestamp": "20250114_144752"
}