{
    "kan": {
        "true_params": [
            10.0,
            10.0,
            50.0
        ],
        "estimated_params": [
            1.6081010103225708,
            0.050098590552806854,
            -1.0866886377334595
        ],
        "errors": [
            83.91898989677429,
            99.49901409447193,
            102.17337727546692
        ],
        "rmse": 0.06435951299147757
    },
    "timestamp": "20250310_112235"
}