{
    "kan": {
        "true_params": [
            10.0,
            10.0,
            50.0
        ],
        "estimated_params": [
            7.2096792653790756,
            9.944805657085823,
            242.67034013631132
        ],
        "errors": [
            27.903207346209246,
            0.5519434291417724,
            385.34068027262265
        ],
        "rmse": 0.00028188925213057825
    },
    "timestamp": "20250310_165100"
}