{
    "pinn": {
        "true_params": [
            1.0,
            0.1,
            5.0
        ],
        "estimated_params": [
            1.0082457065582275,
            0.0977458581328392,
            4.998486042022705
        ],
        "errors": [
            0.8245706558227539,
            2.2541418671608024,
            0.030279159545898438
        ],
        "rmse": 0.0006666529912573467
    },
    "timestamp": "20250113_201732"
}