{
    "mlp": {
        "true_params": [
            1.0,
            1.0,
            1.0
        ],
        "estimated_params": [
            0.05948837542206179,
            0.0,
            0.0
        ],
        "errors": [
            94.05116245779382,
            100.0,
            100.0
        ],
        "rmse": 0.0727396532409524
    },
    "timestamp": "20250114_140410"
}