{
    "mlp": {
        "true_params": [
            1.0,
            0.1,
            50.0
        ],
        "estimated_params": [
            0.0861807508058509,
            0.0,
            0.0
        ],
        "errors": [
            91.38192491941491,
            100.0,
            100.0
        ],
        "rmse": 0.12333115908709409
    },
    "timestamp": "20250114_141811"
}