{
    "mlp": {
        "true_params": [
            1.0,
            0.1,
            5.0
        ],
        "estimated_params": [
            0.0726040096098547,
            0.0,
            0.0
        ],
        "errors": [
            92.73959903901454,
            100.0,
            100.0
        ],
        "rmse": 0.0719960003871815
    },
    "timestamp": "20250113_223144"
}