{
    "kan": {
        "true_params": [
            10.0,
            10.0,
            50.0
        ],
        "estimated_params": [
            7.137892800236318,
            9.92947355318253,
            233.92019747232695
        ],
        "errors": [
            28.62107199763682,
            0.7052644681746933,
            367.8403949446539
        ],
        "rmse": 0.003082525235166419
    },
    "timestamp": "20250310_165826"
}