{
    "least_squares": {
        "true_params": [
            1.0,
            0.1,
            5.0
        ],
        "estimated_params": [
            1.000000017402657,
            0.10000049035848241,
            5.0000059572090265
        ],
        "errors": [
            1.7402657093157359e-06,
            0.0004903584824023088,
            0.00011914418053038388
        ],
        "rmse": 8.814778533484932e-09
    },
    "timestamp": "20250113_214118"
}