{
    "pinn": {
        "true_params": [
            1.0,
            0.1,
            50.0
        ],
        "estimated_params": [
            0.9995209574699402,
            0.10171018540859222,
            5.001425743103027
        ],
        "errors": [
            0.047904253005981445,
            1.7101854085922186,
            89.99714851379395
        ],
        "rmse": 0.05438859456512366
    },
    "timestamp": "20250114_142153"
}