{
    "ols": {
        "true_params": [
            1.0,
            0.1,
            50.0
        ],
        "estimated_params": [
            0.9999999607741885,
            0.10000223895174051,
            49.99998794054484
        ],
        "errors": [
            3.922581148785298e-06,
            0.0022389517405074777,
            2.4118910317838527e-05
        ],
        "rmse": 2.1053206721747946e-08
    },
    "mlp": {
        "true_params": [
            1.0,
            0.1,
            50.0
        ],
        "estimated_params": [
            0.08531194519840693,
            0.0,
            0.0
        ],
        "errors": [
            91.4688054801593,
            100.0,
            100.0
        ],
        "rmse": 0.12343826985672203
    },
    "pinn": {
        "true_params": [
            1.0,
            0.1,
            50.0
        ],
        "estimated_params": [
            0.994490385055542,
            0.09106512367725372,
            19.5877685546875
        ],
        "errors": [
            0.5509614944458008,
            8.934876322746282,
            60.824462890625
        ],
        "rmse": 0.0365473188611887
    },
    "timestamp": "20250114_154937"
}