{
    "mlp": {
        "true_params": [
            1.0,
            0.1,
            5.0
        ],
        "estimated_params": [
            0.06028877403944326,
            0.0,
            0.0
        ],
        "errors": [
            93.97112259605568,
            100.0,
            100.0
        ],
        "rmse": 0.07298592097479312
    },
    "timestamp": "20250114_135746"
}