{
    "epoch": [
        0,
        1,
        2,
        3,
        4,
        5,
        6,
        7,
        8,
        9,
        10,
        11,
        12,
        13,
        14,
        15,
        16,
        17,
        18,
        19,
        20,
        21,
        22,
        23,
        24,
        25,
        26,
        27,
        28,
        29,
        30,
        31,
        32,
        33,
        34,
        35,
        36,
        37,
        38,
        39,
        40,
        41,
        42,
        43,
        44,
        45,
        46,
        47,
        48,
        49,
        50,
        51,
        52,
        53,
        54,
        55,
        56,
        57,
        58,
        59,
        60,
        61,
        62,
        63,
        64,
        65,
        66,
        67,
        68,
        69,
        70,
        71,
        72,
        73,
        74,
        75,
        76,
        77,
        78,
        79,
        80,
        81,
        82,
        83,
        84,
        85,
        86,
        87,
        88,
        89,
        90,
        91,
        92,
        93,
        94,
        95,
        96,
        97,
        98,
        99
    ],
    "train_loss": [
        0.23225915431976318,
        0.06766469031572342,
        0.04998291656374931,
        0.03741223365068436,
        0.029519060626626015,
        0.043082479387521744,
        0.025605259463191032,
        0.02258816733956337,
        0.020021868869662285,
        0.02029329165816307,
        0.021374568343162537,
        0.019661711528897285,
        0.01880764402449131,
        0.017198966816067696,
        0.01643381267786026,
        0.015255317091941833,
        0.015750406309962273,
        0.016797401010990143,
        0.01576276682317257,
        0.015339001081883907,
        0.015875469893217087,
        0.014882290735840797,
        0.015123375691473484,
        0.013405772857367992,
        0.014148995280265808,
        0.014598981477320194,
        0.014671532437205315,
        0.015576442703604698,
        0.016703099012374878,
        0.016170047223567963,
        0.016556957736611366,
        0.015984294936060905,
        0.01593368500471115,
        0.016403909772634506,
        0.015707695856690407,
        0.01705927588045597,
        0.01616695523262024,
        0.015328154899179935,
        0.014440876431763172,
        0.013769326731562614,
        0.013740572147071362,
        0.013147534802556038,
        0.012454870156943798,
        0.012341860681772232,
        0.011158781126141548,
        0.011642060242593288,
        0.010931900702416897,
        0.011469662189483643,
        0.011827632784843445,
        0.012074447236955166,
        0.012086816132068634,
        0.01236808393150568,
        0.012399553321301937,
        0.012263921089470387,
        0.012314933352172375,
        0.011508610099554062,
        0.010981631465256214,
        0.0110577791929245,
        0.011425883509218693,
        0.012300366535782814,
        0.01269500982016325,
        0.011572581715881824,
        0.010984517633914948,
        0.010637371800839901,
        0.010670213960111141,
        0.010858326219022274,
        0.011134607717394829,
        0.011345556005835533,
        0.01121473591774702,
        0.010886074043810368,
        0.010905767790973186,
        0.010974724777042866,
        0.010820983909070492,
        0.010758030228316784,
        0.010524104349315166,
        0.01001886185258627,
        0.009602684527635574,
        0.00958743691444397,
        0.008996699936687946,
        0.009320217184722424,
        0.009398511610925198,
        0.008801890537142754,
        0.00866142101585865,
        0.008869752287864685,
        0.008662810549139977,
        0.008799014613032341,
        0.008566569536924362,
        0.008138611912727356,
        0.0079698096960783,
        0.007718004751950502,
        0.007937892340123653,
        0.008066389709711075,
        0.008179706521332264,
        0.008461808785796165,
        0.008378070779144764,
        0.008524751290678978,
        0.008397126570343971,
        0.008573921397328377,
        0.008626478724181652,
        0.008366426452994347
    ]
}