{
    "epoch": [
        0,
        1,
        2,
        3,
        4,
        5,
        6,
        7,
        8,
        9,
        10,
        11,
        12,
        13,
        14,
        15,
        16,
        17,
        18,
        19,
        20,
        21,
        22,
        23,
        24,
        25,
        26,
        27,
        28,
        29,
        30,
        31,
        32,
        33,
        34,
        35,
        36,
        37,
        38,
        39,
        40,
        41,
        42,
        43,
        44,
        45,
        46,
        47,
        48,
        49,
        50,
        51,
        52,
        53,
        54,
        55,
        56,
        57,
        58,
        59,
        60,
        61,
        62,
        63,
        64,
        65,
        66,
        67,
        68,
        69,
        70,
        71,
        72,
        73,
        74,
        75,
        76,
        77,
        78,
        79,
        80,
        81,
        82,
        83,
        84,
        85,
        86,
        87,
        88,
        89,
        90,
        91,
        92,
        93,
        94,
        95,
        96,
        97,
        98,
        99
    ],
    "train_loss": [
        0.03651949018239975,
        0.029355347156524658,
        0.017147956416010857,
        0.015332559123635292,
        0.015997450798749924,
        0.01569332368671894,
        0.012159494683146477,
        0.011178514920175076,
        0.012705252505838871,
        0.012309354729950428,
        0.010921644046902657,
        0.010606391355395317,
        0.009281274862587452,
        0.008783575147390366,
        0.00863614957779646,
        0.009524897672235966,
        0.011730274185538292,
        0.01336924359202385,
        0.011712316423654556,
        0.009474505670368671,
        0.009348694235086441,
        0.009575788863003254,
        0.009133763611316681,
        0.008991139940917492,
        0.00860007107257843,
        0.008372381329536438,
        0.008551922626793385,
        0.008770881220698357,
        0.010114748030900955,
        0.00959252379834652,
        0.009728983975946903,
        0.009531508199870586,
        0.010346917435526848,
        0.011057456955313683,
        0.01208309456706047,
        0.01245507039129734,
        0.012156786397099495,
        0.01171495858579874,
        0.011346278712153435,
        0.011354728601872921,
        0.011253847740590572,
        0.011362732388079166,
        0.011586940847337246,
        0.01123563852161169,
        0.011260232888162136,
        0.01121261715888977,
        0.010769404470920563,
        0.01044111605733633,
        0.010212840512394905,
        0.010169994086027145,
        0.010078740306198597,
        0.00987149402499199,
        0.009855703450739384,
        0.009447622112929821,
        0.008847815915942192,
        0.00827823393046856,
        0.007723845075815916,
        0.007731461897492409,
        0.007726593408733606,
        0.007667765952646732,
        0.007656741421669722,
        0.007997854612767696,
        0.007846266031265259,
        0.007917797192931175,
        0.008231955580413342,
        0.008123483508825302,
        0.007874151691794395,
        0.007970363833010197,
        0.008004558272659779,
        0.00761819165199995,
        0.007548351306468248,
        0.0074011217802762985,
        0.007435489445924759,
        0.007299925200641155,
        0.007341997232288122,
        0.007309200707823038,
        0.007344232872128487,
        0.007780007552355528,
        0.007628505118191242,
        0.0072907954454422,
        0.0073353624902665615,
        0.007387164514511824,
        0.007759830914437771,
        0.008135927841067314,
        0.008428971283137798,
        0.008518556132912636,
        0.008332883007824421,
        0.00849640741944313,
        0.00866615679115057,
        0.00873712170869112,
        0.00891265831887722,
        0.008540739305317402,
        0.008425547741353512,
        0.00832535419613123,
        0.008253497071564198,
        0.00826098769903183,
        0.00825162697583437,
        0.00830274447798729,
        0.00826804619282484,
        0.008255435153841972
    ]
}