{
    "epoch": [
        0,
        1,
        2,
        3,
        4,
        5,
        6,
        7,
        8,
        9,
        10,
        11,
        12,
        13,
        14,
        15,
        16,
        17,
        18,
        19,
        20,
        21,
        22,
        23,
        24,
        25,
        26,
        27,
        28,
        29,
        30,
        31,
        32,
        33,
        34,
        35,
        36,
        37,
        38,
        39,
        40,
        41,
        42,
        43,
        44,
        45,
        46,
        47,
        48,
        49,
        50,
        51,
        52,
        53,
        54,
        55,
        56,
        57,
        58,
        59,
        60,
        61,
        62,
        63,
        64,
        65,
        66,
        67,
        68,
        69,
        70,
        71,
        72,
        73,
        74,
        75,
        76,
        77,
        78,
        79,
        80,
        81,
        82,
        83,
        84,
        85,
        86,
        87,
        88,
        89,
        90,
        91,
        92,
        93,
        94,
        95,
        96,
        97,
        98,
        99
    ],
    "train_loss": [
        0.12891098856925964,
        0.06008904427289963,
        0.044022202491760254,
        0.038309428840875626,
        0.03421204909682274,
        0.029663827270269394,
        0.024834290146827698,
        0.023035217076539993,
        0.021771280094981194,
        0.02316555567085743,
        0.02126956917345524,
        0.01874692551791668,
        0.019174965098500252,
        0.01986059360206127,
        0.0184506606310606,
        0.01689024642109871,
        0.016711628064513206,
        0.012309745885431767,
        0.010442017577588558,
        0.018749209120869637,
        0.01780262030661106,
        0.013061539269983768,
        0.008462559431791306,
        0.008439815603196621,
        0.007630132604390383,
        0.007607382722198963,
        0.006985631305724382,
        0.0065202475525438786,
        0.00604616105556488,
        0.005654227454215288,
        0.006198228802531958,
        0.006503970827907324,
        0.006287374999374151,
        0.0060553778894245625,
        0.006399167235940695,
        0.006095275282859802,
        0.006028876639902592,
        0.005980355199426413,
        0.006121539045125246,
        0.005918893031775951,
        0.006101985927671194,
        0.006078353151679039,
        0.006033823359757662,
        0.006207325495779514,
        0.006256955675780773,
        0.006707932334393263,
        0.00677851028740406,
        0.0071018533781170845,
        0.007207325194031,
        0.007394235115498304,
        0.008238406851887703,
        0.007280474528670311,
        0.00694519467651844,
        0.0063761137425899506,
        0.006257121451199055,
        0.0061758230440318584,
        0.0060900477692484856,
        0.006137403193861246,
        0.005890693049877882,
        0.005640268325805664,
        0.0055784620344638824,
        0.0055315010249614716,
        0.005523453000932932,
        0.005564081948250532,
        0.005572927184402943,
        0.005549965891987085,
        0.005523356143385172,
        0.005557403899729252,
        0.0057183220051229,
        0.005828047636896372,
        0.005934986751526594,
        0.0061183408834040165,
        0.006507967598736286,
        0.006607227958738804,
        0.007072452921420336,
        0.006877651903778315,
        0.00702926330268383,
        0.006962371990084648,
        0.007099505513906479,
        0.00722677493467927,
        0.007240551523864269,
        0.007731907535344362,
        0.007978884503245354,
        0.007902346551418304,
        0.007854084484279156,
        0.007629116997122765,
        0.007678334601223469,
        0.007770511321723461,
        0.00787866860628128,
        0.007743786089122295,
        0.007827561348676682,
        0.007705289404839277,
        0.007743716239929199,
        0.007599057629704475,
        0.007685896474868059,
        0.00774386478587985,
        0.00798071175813675,
        0.007958931848406792,
        0.007985023781657219,
        0.007985981181263924
    ]
}