{
    "epoch": [
        0,
        1,
        2,
        3,
        4,
        5,
        6,
        7,
        8,
        9,
        10,
        11,
        12,
        13,
        14,
        15,
        16,
        17,
        18,
        19,
        20,
        21,
        22,
        23,
        24,
        25,
        26,
        27,
        28,
        29,
        30,
        31,
        32,
        33,
        34,
        35,
        36,
        37,
        38,
        39,
        40,
        41,
        42,
        43,
        44,
        45,
        46,
        47,
        48,
        49,
        50,
        51,
        52,
        53,
        54,
        55,
        56,
        57,
        58,
        59,
        60,
        61,
        62,
        63,
        64,
        65,
        66,
        67,
        68,
        69,
        70,
        71,
        72,
        73,
        74,
        75,
        76,
        77,
        78,
        79,
        80,
        81,
        82,
        83,
        84,
        85,
        86,
        87,
        88,
        89,
        90,
        91,
        92,
        93,
        94,
        95,
        96,
        97,
        98,
        99
    ],
    "train_loss": [
        0.017983559519052505,
        0.01160527765750885,
        0.00924759916961193,
        0.009692588821053505,
        0.008020882494747639,
        0.007990077137947083,
        0.008252310566604137,
        0.008369465358555317,
        0.008748343214392662,
        0.008682201616466045,
        0.007758921477943659,
        0.007474459707736969,
        0.0079658729955554,
        0.008004573173820972,
        0.008016439154744148,
        0.007892921566963196,
        0.007771180476993322,
        0.007944605313241482,
        0.0077342926524579525,
        0.007268901448696852,
        0.007063767407089472,
        0.007321068085730076,
        0.007589292712509632,
        0.007616502232849598,
        0.007404868956655264,
        0.007329098414629698,
        0.007270784117281437,
        0.007292976137250662,
        0.007359956856817007,
        0.00751584954559803,
        0.00746437581256032,
        0.007111419923603535,
        0.006837879773229361,
        0.006907599978148937,
        0.0072473157197237015,
        0.0074947127141058445,
        0.007607935927808285,
        0.007640631403774023,
        0.007657062727957964,
        0.007565568201243877,
        0.007349327672272921,
        0.0071945167146623135,
        0.007090553175657988,
        0.0071971905417740345,
        0.0072797746397554874,
        0.007316450588405132,
        0.00728317117318511,
        0.0072131892666220665,
        0.007125828880816698,
        0.007032737135887146,
        0.007089218590408564,
        0.007276889868080616,
        0.007377698086202145,
        0.007211938500404358,
        0.007124537136405706,
        0.006957335863262415,
        0.00713341124355793,
        0.00734476326033473,
        0.007021709345281124,
        0.007033251225948334,
        0.007272936403751373,
        0.007085033226758242,
        0.006884267088025808,
        0.0071947271935641766,
        0.007181073073297739,
        0.00703946128487587,
        0.007051246240735054,
        0.007151750847697258,
        0.007371123414486647,
        0.007239514496177435,
        0.0069718812592327595,
        0.00697045074775815,
        0.0071904356591403484,
        0.007191931363195181,
        0.006965060252696276,
        0.007103609852492809,
        0.007282425183802843,
        0.0068949563428759575,
        0.006575946230441332,
        0.006686830893158913,
        0.006506988778710365,
        0.0065838927403092384,
        0.006700125522911549,
        0.006528073456138372,
        0.006344042718410492,
        0.006390820723026991,
        0.006624519359320402,
        0.0063760243356227875,
        0.006322670727968216,
        0.006476046517491341,
        0.006456736475229263,
        0.0064979731105268,
        0.006550532300025225,
        0.006614545360207558,
        0.006472038570791483,
        0.006387107539921999,
        0.006456820759922266,
        0.006527990568429232,
        0.006426296196877956,
        0.006720284000039101
    ]
}