{
    "epoch": [
        0,
        1,
        2,
        3,
        4,
        5,
        6,
        7,
        8,
        9,
        10,
        11,
        12,
        13,
        14,
        15,
        16,
        17,
        18,
        19,
        20,
        21,
        22,
        23,
        24,
        25,
        26,
        27,
        28,
        29,
        30,
        31,
        32,
        33,
        34,
        35,
        36,
        37,
        38,
        39,
        40,
        41,
        42,
        43,
        44,
        45,
        46,
        47,
        48,
        49,
        50,
        51,
        52,
        53,
        54,
        55,
        56,
        57,
        58,
        59,
        60,
        61,
        62,
        63,
        64,
        65,
        66,
        67,
        68,
        69,
        70,
        71,
        72,
        73,
        74,
        75,
        76,
        77,
        78,
        79,
        80,
        81,
        82,
        83,
        84,
        85,
        86,
        87,
        88,
        89,
        90,
        91,
        92,
        93,
        94,
        95,
        96,
        97,
        98,
        99
    ],
    "train_loss": [
        0.024508915841579437,
        0.02139526791870594,
        0.012713760137557983,
        0.01039337832480669,
        0.014149128459393978,
        0.014770756475627422,
        0.014073395170271397,
        0.014275277964770794,
        0.01350694615393877,
        0.013283946551382542,
        0.013301114551723003,
        0.013080641627311707,
        0.013068083673715591,
        0.013042657636106014,
        0.012945755384862423,
        0.01281733252108097,
        0.012506025843322277,
        0.012443408370018005,
        0.01217916700989008,
        0.01178659312427044,
        0.011691124178469181,
        0.011645086109638214,
        0.011588336899876595,
        0.011410262435674667,
        0.011284212581813335,
        0.011279325932264328,
        0.011202491819858551,
        0.011099969036877155,
        0.011083272285759449,
        0.01097731664776802,
        0.01083609089255333,
        0.010949023999273777,
        0.01091261487454176,
        0.010776408948004246,
        0.01072700321674347,
        0.010762318037450314,
        0.01081544253975153,
        0.010634326376020908,
        0.010538267903029919,
        0.010624321177601814,
        0.010602671653032303,
        0.010375476442277431,
        0.010206728242337704,
        0.010252464562654495,
        0.010177490301430225,
        0.010060468688607216,
        0.01002979464828968,
        0.009979570284485817,
        0.009862248785793781,
        0.009806793183088303,
        0.009769677184522152,
        0.009709089063107967,
        0.009643579833209515,
        0.009598507545888424,
        0.009532307274639606,
        0.009484877809882164,
        0.009308245964348316,
        0.00915102194994688,
        0.009031001478433609,
        0.009053695015609264,
        0.009044178761541843,
        0.008918355219066143,
        0.008938382379710674,
        0.009046075865626335,
        0.00913025252521038,
        0.00908495020121336,
        0.009160331450402737,
        0.00924753863364458,
        0.009350224398076534,
        0.009410197846591473,
        0.009429731406271458,
        0.009420891292393208,
        0.009449435397982597,
        0.009483056142926216,
        0.009515047073364258,
        0.00953816156834364,
        0.009576963260769844,
        0.009570663794875145,
        0.009578629396855831,
        0.00959119014441967,
        0.009634912014007568,
        0.00965334102511406,
        0.009650465101003647,
        0.00964600220322609,
        0.009637722745537758,
        0.00962128397077322,
        0.009597819298505783,
        0.00953423511236906,
        0.009463957510888577,
        0.009410426020622253,
        0.00933161098510027,
        0.009233439341187477,
        0.009115755558013916,
        0.008935944177210331,
        0.00876659620553255,
        0.008586248382925987,
        0.008452735841274261,
        0.008432149887084961,
        0.008411619812250137,
        0.008359300903975964
    ]
}