{
    "epoch": [
        0,
        1,
        2,
        3,
        4,
        5,
        6,
        7,
        8,
        9,
        10,
        11,
        12,
        13,
        14,
        15,
        16,
        17,
        18,
        19,
        20,
        21,
        22,
        23,
        24,
        25,
        26,
        27,
        28,
        29,
        30,
        31,
        32,
        33,
        34,
        35,
        36,
        37,
        38,
        39,
        40,
        41,
        42,
        43,
        44,
        45,
        46,
        47,
        48,
        49,
        50,
        51,
        52,
        53,
        54,
        55,
        56,
        57,
        58,
        59,
        60,
        61,
        62,
        63,
        64,
        65,
        66,
        67,
        68,
        69,
        70,
        71,
        72,
        73,
        74,
        75,
        76,
        77,
        78,
        79,
        80,
        81,
        82,
        83,
        84,
        85,
        86,
        87,
        88,
        89,
        90,
        91,
        92,
        93,
        94,
        95,
        96,
        97,
        98,
        99
    ],
    "train_loss": [
        0.02578672207891941,
        0.013445906341075897,
        0.015246118418872356,
        0.015496684238314629,
        0.015694035217165947,
        0.01595500111579895,
        0.014956853352487087,
        0.013605705462396145,
        0.012951389886438847,
        0.015111277811229229,
        0.013677573762834072,
        0.010924210771918297,
        0.01019667275249958,
        0.010382169857621193,
        0.009342927485704422,
        0.00933761801570654,
        0.008610718883574009,
        0.008736067451536655,
        0.008977220393717289,
        0.00880893599241972,
        0.008844828233122826,
        0.009228842332959175,
        0.009264039807021618,
        0.008823255077004433,
        0.009939761832356453,
        0.012008759193122387,
        0.011874784715473652,
        0.011052963323891163,
        0.009174623526632786,
        0.008408703841269016,
        0.008109680376946926,
        0.008082280866801739,
        0.008138382807374,
        0.007609203923493624,
        0.007576718460768461,
        0.007697020657360554,
        0.007366938982158899,
        0.006918441038578749,
        0.006845446303486824,
        0.0068374196998775005,
        0.006639822386205196,
        0.006624547298997641,
        0.006679517682641745,
        0.006847193464636803,
        0.006812036503106356,
        0.00668072234839201,
        0.0066347564570605755,
        0.006703859195113182,
        0.006838095840066671,
        0.006678439676761627,
        0.006507154554128647,
        0.006493730470538139,
        0.006584721151739359,
        0.006666817702353001,
        0.00645495904609561,
        0.006283871363848448,
        0.006231768522411585,
        0.006192493252456188,
        0.0062291244976222515,
        0.00628799619153142,
        0.006270982790738344,
        0.0061499555595219135,
        0.006052650045603514,
        0.006027699913829565,
        0.0060651870444417,
        0.006171086803078651,
        0.006159178912639618,
        0.006017162464559078,
        0.00594176072627306,
        0.00588170625269413,
        0.005849647335708141,
        0.005869290791451931,
        0.00591115839779377,
        0.005939734634011984,
        0.005909794941544533,
        0.0058586993254721165,
        0.005846184212714434,
        0.005846255924552679,
        0.005848804023116827,
        0.005857380572706461,
        0.005860832054167986,
        0.0058384845033288,
        0.005769061390310526,
        0.005700029898434877,
        0.005612105131149292,
        0.005633193533867598,
        0.0056548407301306725,
        0.005653200205415487,
        0.005644252523779869,
        0.005632229149341583,
        0.005590309388935566,
        0.005547917447984219,
        0.005534849129617214,
        0.005533176474273205,
        0.0055581796914339066,
        0.005583006422966719,
        0.0056077903136610985,
        0.005621754564344883,
        0.005613398738205433,
        0.00556878512725234
    ]
}