{
    "epoch": [
        0,
        1,
        2,
        3,
        4,
        5,
        6,
        7,
        8,
        9,
        10,
        11,
        12,
        13,
        14,
        15,
        16,
        17,
        18,
        19,
        20,
        21,
        22,
        23,
        24,
        25,
        26,
        27,
        28,
        29,
        30,
        31,
        32,
        33,
        34,
        35,
        36,
        37,
        38,
        39,
        40,
        41,
        42,
        43,
        44,
        45,
        46,
        47,
        48,
        49,
        50,
        51,
        52,
        53,
        54,
        55,
        56,
        57,
        58,
        59,
        60,
        61,
        62,
        63,
        64,
        65,
        66,
        67,
        68,
        69,
        70,
        71,
        72,
        73,
        74,
        75,
        76,
        77,
        78,
        79,
        80,
        81,
        82,
        83,
        84,
        85,
        86,
        87,
        88,
        89,
        90,
        91,
        92,
        93,
        94,
        95,
        96,
        97,
        98,
        99
    ],
    "train_loss": [
        0.1700417399406433,
        0.06691084057092667,
        0.04159678518772125,
        0.029279759153723717,
        0.02325846441090107,
        0.016270052641630173,
        0.017028527334332466,
        0.011045274324715137,
        0.014167039655148983,
        0.01395771186798811,
        0.014343870803713799,
        0.011489983648061752,
        0.009693937376141548,
        0.009190371260046959,
        0.00892596784979105,
        0.008456267416477203,
        0.008453790098428726,
        0.008347617462277412,
        0.008064202964305878,
        0.007790353614836931,
        0.00787903182208538,
        0.007784801069647074,
        0.007759795989841223,
        0.007731015328317881,
        0.007659532595425844,
        0.0076693156734108925,
        0.007902749814093113,
        0.00810307078063488,
        0.008195330388844013,
        0.008617694489657879,
        0.009280843660235405,
        0.009483705274760723,
        0.010101071558892727,
        0.01083851046860218,
        0.011509424075484276,
        0.011800093576312065,
        0.011892798356711864,
        0.011945508420467377,
        0.01185437012463808,
        0.01165138278156519,
        0.011336835101246834,
        0.010955971665680408,
        0.010564385913312435,
        0.010209262371063232,
        0.009732025675475597,
        0.009326115250587463,
        0.009039056487381458,
        0.008893284946680069,
        0.008723256178200245,
        0.008509138599038124,
        0.008359271101653576,
        0.008154596202075481,
        0.007909482344985008,
        0.007633180357515812,
        0.007398372981697321,
        0.007265873719006777,
        0.007012817542999983,
        0.0069092754274606705,
        0.006882817950099707,
        0.0065993997268378735,
        0.006354916840791702,
        0.006094541400671005,
        0.006111037451773882,
        0.006036906968802214,
        0.006218313239514828,
        0.006330693606287241,
        0.006410297472029924,
        0.0066351811401546,
        0.006747030187398195,
        0.0067643881775438786,
        0.006895926780998707,
        0.0070202224887907505,
        0.0071369982324540615,
        0.007205403875559568,
        0.007217951584607363,
        0.007291102781891823,
        0.00739968940615654,
        0.0074515012092888355,
        0.007461998146027327,
        0.007445851806551218,
        0.007479613181203604,
        0.007511531468480825,
        0.0074949911795556545,
        0.007577976211905479,
        0.007635400164872408,
        0.007617321331053972,
        0.00767129473388195,
        0.007619579788297415,
        0.007603911217302084,
        0.007563484366983175,
        0.007498194929212332,
        0.0075231194496154785,
        0.007495203986763954,
        0.007452360820025206,
        0.007407220080494881,
        0.007316199131309986,
        0.0072026439011096954,
        0.007144692819565535,
        0.007001596037298441,
        0.006909837480634451
    ]
}