{
    "timestamp": "20250509_121609",
    "config": {
        "m": 1.0,
        "c": 0.1,
        "k": 5.0,
        "force_type": "none",
        "amplitude": 1.0,
        "freq": 1.0,
        "random_seed": 42,
        "x0": 1.0,
        "v0": 0.0,
        "t_max": 10.0,
        "dt": 0.02,
        "noise_std": 0.05
    },
    "true_parameters": [
        1.0,
        0.1,
        5.0
    ],
    "estimated_parameters": [
        0.9902147758226891,
        0.01,
        1.7647425959214065
    ],
    "parameter_errors": [
        0.978522417731087,
        90.0,
        64.70514808157188
    ],
    "force_rmse": 2.5272866005326726,
    "confidence_score": 0.7,
    "estimation_status": "high_confidence",
    "symbolic_formula": "([-0.0447085198297818*x_1 - 0.00510107330211127*x_2 + 0.978449360821461*x_3 - 0.131682689845463], [x_1, x_2, x_3])"
}