{
    "epoch": [
        0,
        1,
        2,
        3,
        4,
        5,
        6,
        7,
        8,
        9,
        10,
        11,
        12,
        13,
        14,
        15,
        16,
        17,
        18,
        19,
        20,
        21,
        22,
        23,
        24,
        25,
        26,
        27,
        28,
        29,
        30,
        31,
        32,
        33,
        34,
        35,
        36,
        37,
        38,
        39,
        40,
        41,
        42,
        43,
        44,
        45,
        46,
        47,
        48,
        49,
        50,
        51,
        52,
        53,
        54,
        55,
        56,
        57,
        58,
        59,
        60,
        61,
        62,
        63,
        64,
        65,
        66,
        67,
        68,
        69,
        70,
        71,
        72,
        73,
        74,
        75,
        76,
        77,
        78,
        79,
        80,
        81,
        82,
        83,
        84,
        85,
        86,
        87,
        88,
        89,
        90,
        91,
        92,
        93,
        94,
        95,
        96,
        97,
        98,
        99
    ],
    "train_loss": [
        0.027691811323165894,
        0.013074539601802826,
        0.009495655074715614,
        0.008588368073105812,
        0.00809844397008419,
        0.008321469649672508,
        0.008104920387268066,
        0.0077852108515799046,
        0.007742110639810562,
        0.007557170931249857,
        0.007929028011858463,
        0.007721784058958292,
        0.0077238185331225395,
        0.007423763629049063,
        0.007381349802017212,
        0.0074810730293393135,
        0.007859586738049984,
        0.007970998995006084,
        0.007861093617975712,
        0.008097946643829346,
        0.008055104874074459,
        0.008009882643818855,
        0.008159775286912918,
        0.008684919215738773,
        0.008283591829240322,
        0.007999538443982601,
        0.0078679658472538,
        0.007949046790599823,
        0.007878913544118404,
        0.007891226559877396,
        0.007855328731238842,
        0.007982402108609676,
        0.007886048406362534,
        0.007865705527365208,
        0.00788578949868679,
        0.007928863167762756,
        0.008007190190255642,
        0.008045900613069534,
        0.008049855940043926,
        0.007982864044606686,
        0.007895044051110744,
        0.007893106900155544,
        0.007910027168691158,
        0.007961193099617958,
        0.008068674243986607,
        0.008161203004419804,
        0.00823056511580944,
        0.008307998068630695,
        0.008300348185002804,
        0.008295133709907532,
        0.00833074003458023,
        0.00841622892767191,
        0.008431562222540379,
        0.008459734730422497,
        0.008558583445847034,
        0.008578401058912277,
        0.008708511479198933,
        0.008861243724822998,
        0.009009921923279762,
        0.009147990494966507,
        0.0092513058334589,
        0.00938668753951788,
        0.00953770149499178,
        0.009678452275693417,
        0.00985192321240902,
        0.010037482716143131,
        0.010176576673984528,
        0.010456986725330353,
        0.010458072647452354,
        0.010470032691955566,
        0.010505573824048042,
        0.01053827628493309,
        0.010549784637987614,
        0.01054385770112276,
        0.010530918836593628,
        0.010544022545218468,
        0.010553759522736073,
        0.010616334155201912,
        0.010658763349056244,
        0.010755578987300396,
        0.010830325074493885,
        0.011021450161933899,
        0.011272232979536057,
        0.011288515292108059,
        0.011464552953839302,
        0.011496438644826412,
        0.011609863489866257,
        0.011675763875246048,
        0.01178187970072031,
        0.011892663314938545,
        0.012114245444536209,
        0.012369637377560139,
        0.012562142685055733,
        0.01283896341919899,
        0.01303287222981453,
        0.013187246397137642,
        0.013345545157790184,
        0.013692324981093407,
        0.013777105137705803,
        0.013805348426103592
    ]
}