{
    "epoch": [
        0,
        1,
        2,
        3,
        4,
        5,
        6,
        7,
        8,
        9,
        10,
        11,
        12,
        13,
        14,
        15,
        16,
        17,
        18,
        19,
        20,
        21,
        22,
        23,
        24,
        25,
        26,
        27,
        28,
        29,
        30,
        31,
        32,
        33,
        34,
        35,
        36,
        37,
        38,
        39,
        40,
        41,
        42,
        43,
        44,
        45,
        46,
        47,
        48,
        49,
        50,
        51,
        52,
        53,
        54,
        55,
        56,
        57,
        58,
        59,
        60,
        61,
        62,
        63,
        64,
        65,
        66,
        67,
        68,
        69,
        70,
        71,
        72,
        73,
        74,
        75,
        76,
        77,
        78,
        79,
        80,
        81,
        82,
        83,
        84,
        85,
        86,
        87,
        88,
        89,
        90,
        91,
        92,
        93,
        94,
        95,
        96,
        97,
        98,
        99
    ],
    "train_loss": [
        0.02942911721765995,
        0.011435005813837051,
        0.008000209927558899,
        0.007902674376964569,
        0.008459256961941719,
        0.009133238345384598,
        0.00894177332520485,
        0.008422987535595894,
        0.008823112584650517,
        0.008306370116770267,
        0.008491653949022293,
        0.008039911277592182,
        0.007896983064711094,
        0.007467371877282858,
        0.007266644854098558,
        0.007894136011600494,
        0.007822256535291672,
        0.007791164331138134,
        0.007388971280306578,
        0.007424931041896343,
        0.007241119630634785,
        0.00744120217859745,
        0.007720467634499073,
        0.008240926079452038,
        0.007868580520153046,
        0.0071451738476753235,
        0.007091090548783541,
        0.007804632652550936,
        0.007315922062844038,
        0.007664388976991177,
        0.00826640147715807,
        0.00814984180033207,
        0.007430112920701504,
        0.007503516040742397,
        0.007435852196067572,
        0.007368138525635004,
        0.007321840617805719,
        0.007340102922171354,
        0.007371882908046246,
        0.007319234777241945,
        0.007161393295973539,
        0.007000195328146219,
        0.006915803998708725,
        0.0069917840883135796,
        0.007218767423182726,
        0.007262126076966524,
        0.007282002363353968,
        0.007387462072074413,
        0.007535995915532112,
        0.007632181979715824,
        0.00754597457125783,
        0.007325592450797558,
        0.007236792240291834,
        0.007144572213292122,
        0.0069597214460372925,
        0.006972584407776594,
        0.0070953755639493465,
        0.007162446156144142,
        0.007248322945088148,
        0.007288163062185049,
        0.0073559959419071674,
        0.007473441772162914,
        0.007387252524495125,
        0.007402523420751095,
        0.007432045880705118,
        0.007435109466314316,
        0.007423255126923323,
        0.0073973932303488255,
        0.007339188363403082,
        0.007312011905014515,
        0.007298576645553112,
        0.007284278050065041,
        0.007241665851324797,
        0.007187858689576387,
        0.007124800700694323,
        0.007132182363420725,
        0.00721611687913537,
        0.007262702099978924,
        0.007355271372944117,
        0.007394709624350071,
        0.007343878969550133,
        0.0073562911711633205,
        0.0072809006087481976,
        0.007201286032795906,
        0.0071907020173966885,
        0.007167391944676638,
        0.0071324314922094345,
        0.007179630920290947,
        0.0072137098759412766,
        0.007255337201058865,
        0.007339853793382645,
        0.007430714089423418,
        0.007503401953727007,
        0.007524233311414719,
        0.007583423051983118,
        0.007629333063960075,
        0.0076268697157502174,
        0.007635585032403469,
        0.007657449226826429,
        0.007655956782400608
    ]
}