{
    "epoch": [
        0,
        1,
        2,
        3,
        4,
        5,
        6,
        7,
        8,
        9,
        10,
        11,
        12,
        13,
        14,
        15,
        16,
        17,
        18,
        19,
        20,
        21,
        22,
        23,
        24,
        25,
        26,
        27,
        28,
        29,
        30,
        31,
        32,
        33,
        34,
        35,
        36,
        37,
        38,
        39,
        40,
        41,
        42,
        43,
        44,
        45,
        46,
        47,
        48,
        49,
        50,
        51,
        52,
        53,
        54,
        55,
        56,
        57,
        58,
        59,
        60,
        61,
        62,
        63,
        64,
        65,
        66,
        67,
        68,
        69,
        70,
        71,
        72,
        73,
        74,
        75,
        76,
        77,
        78,
        79,
        80,
        81,
        82,
        83,
        84,
        85,
        86,
        87,
        88,
        89,
        90,
        91,
        92,
        93,
        94,
        95,
        96,
        97,
        98,
        99
    ],
    "train_loss": [
        0.023490002378821373,
        0.017407970502972603,
        0.013424236327409744,
        0.006382504012435675,
        0.008428948000073433,
        0.006619734223932028,
        0.005873378366231918,
        0.005493118893355131,
        0.005093973129987717,
        0.005270795896649361,
        0.005864734295755625,
        0.006307284813374281,
        0.0074830567464232445,
        0.016254333779215813,
        0.009353716857731342,
        0.007375829853117466,
        0.006017254665493965,
        0.005625746678560972,
        0.00502006895840168,
        0.005289061460644007,
        0.005113665014505386,
        0.005748093128204346,
        0.005036457441747189,
        0.005480531137436628,
        0.006255326326936483,
        0.004920163657516241,
        0.0049822041764855385,
        0.0042009614408016205,
        0.004777995869517326,
        0.004561044275760651,
        0.004651348106563091,
        0.004926391877233982,
        0.004830462392419577,
        0.004690416157245636,
        0.004659040365368128,
        0.004611135460436344,
        0.004486738238483667,
        0.00428693275898695,
        0.004163688980042934,
        0.004146619234234095,
        0.004187276586890221,
        0.004257239401340485,
        0.0043593961745500565,
        0.0045304931700229645,
        0.004496987909078598,
        0.004549448844045401,
        0.004488687496632338,
        0.004430039320141077,
        0.004403265658766031,
        0.004347911104559898,
        0.004316070582717657,
        0.004385170992463827,
        0.004518410656601191,
        0.0044729276560246944,
        0.004472373519092798,
        0.004430475644767284,
        0.004442003555595875,
        0.0044820490293204784,
        0.004508042708039284,
        0.00449662609025836,
        0.004603252280503511,
        0.004626182373613119,
        0.0046732365153729916,
        0.004699274897575378,
        0.004610864911228418,
        0.0044600446708500385,
        0.004471173509955406,
        0.004513446241617203,
        0.0044698575511574745,
        0.004379455465823412,
        0.004370103590190411,
        0.004406925290822983,
        0.004471493419259787,
        0.004447529092431068,
        0.0044294740073382854,
        0.004324190318584442,
        0.004319178406149149,
        0.004382919520139694,
        0.004273651167750359,
        0.004269319586455822,
        0.004270812496542931,
        0.004306443501263857,
        0.00431866804137826,
        0.004275535233318806,
        0.004292369354516268,
        0.004320952109992504,
        0.004316515289247036,
        0.004306696355342865,
        0.004275431856513023,
        0.004255656618624926,
        0.004239297471940517,
        0.004237666260451078,
        0.004242196679115295,
        0.0042705959640443325,
        0.004285765811800957,
        0.004277755971997976,
        0.004269811324775219,
        0.004262146539986134,
        0.004262398462742567,
        0.004260637331753969
    ]
}