{
    "epoch": [
        0,
        1,
        2,
        3,
        4,
        5,
        6,
        7,
        8,
        9,
        10,
        11,
        12,
        13,
        14,
        15,
        16,
        17,
        18,
        19,
        20,
        21,
        22,
        23,
        24,
        25,
        26,
        27,
        28,
        29,
        30,
        31,
        32,
        33,
        34,
        35,
        36,
        37,
        38,
        39,
        40,
        41,
        42,
        43,
        44,
        45,
        46,
        47,
        48,
        49,
        50,
        51,
        52,
        53,
        54,
        55,
        56,
        57,
        58,
        59,
        60,
        61,
        62,
        63,
        64,
        65,
        66,
        67,
        68,
        69,
        70,
        71,
        72,
        73,
        74,
        75,
        76,
        77,
        78,
        79,
        80,
        81,
        82,
        83,
        84,
        85,
        86,
        87,
        88,
        89,
        90,
        91,
        92,
        93,
        94,
        95,
        96,
        97,
        98,
        99
    ],
    "train_loss": [
        0.5025721192359924,
        0.3560732305049896,
        0.2517451345920563,
        0.18081921339035034,
        0.13950298726558685,
        0.15255789458751678,
        0.1074124276638031,
        0.07502038776874542,
        0.052685920149087906,
        0.04250352457165718,
        0.030193403363227844,
        0.020538995042443275,
        0.018419181928038597,
        0.02171209268271923,
        0.015157005749642849,
        0.011182396672666073,
        0.011273166164755821,
        0.011350438930094242,
        0.010640916414558887,
        0.010433921590447426,
        0.010361679829657078,
        0.010165326297283173,
        0.009908000007271767,
        0.009307007305324078,
        0.0091635063290596,
        0.009139076806604862,
        0.009122864343225956,
        0.009111246094107628,
        0.009102770127356052,
        0.009092853404581547,
        0.009093208238482475,
        0.009093212895095348,
        0.009093210101127625,
        0.009093216620385647,
        0.009093216620385647,
        0.009093222208321095,
        0.009093222208321095,
        0.009093222208321095,
        0.009093222208321095,
        0.00909322127699852,
        0.009093224070966244,
        0.009093215689063072,
        0.009093225002288818,
        0.009093224070966244,
        0.009093177504837513,
        0.009092730470001698,
        0.009092726744711399,
        0.009092726744711399,
        0.00909272488206625,
        0.009092731401324272,
        0.009092731401324272,
        0.009092733263969421,
        0.009092733263969421,
        0.009092728607356548,
        0.009092726744711399,
        0.009092733263969421,
        0.009092730470001698,
        0.009092726744711399,
        0.009092733263969421,
        0.00909272488206625,
        0.009092731401324272,
        0.009092728607356548,
        0.009092130698263645,
        0.009091917425394058,
        0.00908665917813778,
        0.009085472673177719,
        0.009083550423383713,
        0.009083530865609646,
        0.009083548560738564,
        0.009083547629415989,
        0.009083542041480541,
        0.009083539247512817,
        0.009083140641450882,
        0.009083125740289688,
        0.009083098731935024,
        0.009083100594580173,
        0.009083098731935024,
        0.009083046577870846,
        0.00908303540199995,
        0.009083043783903122,
        0.009083038195967674,
        0.00908304750919342,
        0.00908303540199995,
        0.00908307172358036,
        0.009083136916160583,
        0.009083145298063755,
        0.009083070792257786,
        0.009082458913326263,
        0.009082130156457424,
        0.009082104079425335,
        0.009082016535103321,
        0.00908202026039362,
        0.009082017466425896,
        0.009081948548555374,
        0.009081943891942501,
        0.009081953205168247,
        0.009081937372684479,
        0.009081948548555374,
        0.009081955067813396,
        0.009081940166652203
    ]
}