{
    "epoch": [
        0,
        1,
        2,
        3,
        4,
        5,
        6,
        7,
        8,
        9,
        10,
        11,
        12,
        13,
        14,
        15,
        16,
        17,
        18,
        19,
        20,
        21,
        22,
        23,
        24,
        25,
        26,
        27,
        28,
        29,
        30,
        31,
        32,
        33,
        34,
        35,
        36,
        37,
        38,
        39,
        40,
        41,
        42,
        43,
        44,
        45,
        46,
        47,
        48,
        49,
        50,
        51,
        52,
        53,
        54,
        55,
        56,
        57,
        58,
        59,
        60,
        61,
        62,
        63,
        64,
        65,
        66,
        67,
        68,
        69,
        70,
        71,
        72,
        73,
        74,
        75,
        76,
        77,
        78,
        79,
        80,
        81,
        82,
        83,
        84,
        85,
        86,
        87,
        88,
        89,
        90,
        91,
        92,
        93,
        94,
        95,
        96,
        97,
        98,
        99
    ],
    "train_loss": [
        0.4459804892539978,
        0.17388013005256653,
        0.12947963178157806,
        0.10929672420024872,
        0.09460669755935669,
        0.08446768671274185,
        0.05695377290248871,
        0.0451955571770668,
        0.03876996412873268,
        0.032996341586112976,
        0.03732549026608467,
        0.031177768483757973,
        0.030331894755363464,
        0.029209448024630547,
        0.02975061722099781,
        0.03238778933882713,
        0.028352437540888786,
        0.026143712922930717,
        0.025603288784623146,
        0.024334102869033813,
        0.02667885646224022,
        0.025486137717962265,
        0.024980464950203896,
        0.02323533222079277,
        0.022238191217184067,
        0.024056049063801765,
        0.022395314648747444,
        0.023089991882443428,
        0.022726846858859062,
        0.022581497207283974,
        0.023101916536688805,
        0.02193400077521801,
        0.021308740600943565,
        0.020169923081994057,
        0.019736506044864655,
        0.019870873540639877,
        0.01866862177848816,
        0.01868254505097866,
        0.01902940683066845,
        0.01886250264942646,
        0.01996053010225296,
        0.018432989716529846,
        0.0183763038367033,
        0.017951633781194687,
        0.01756233349442482,
        0.018342141062021255,
        0.017699016258120537,
        0.017494766041636467,
        0.017265046015381813,
        0.01735577918589115,
        0.017325734719634056,
        0.017358429729938507,
        0.017075760290026665,
        0.01684570126235485,
        0.01695997267961502,
        0.016814393922686577,
        0.01708490215241909,
        0.017031509429216385,
        0.01698015071451664,
        0.01742439530789852,
        0.017178678885102272,
        0.017278682440519333,
        0.017168087884783745,
        0.017076401039958,
        0.016769204288721085,
        0.01682530716061592,
        0.01655820943415165,
        0.016480090096592903,
        0.016406366601586342,
        0.016508782282471657,
        0.016283949837088585,
        0.01631898060441017,
        0.016381314024329185,
        0.016218742355704308,
        0.016218699514865875,
        0.016270512714982033,
        0.015976402908563614,
        0.015932902693748474,
        0.015597391873598099,
        0.015547307208180428,
        0.015793636441230774,
        0.015886856243014336,
        0.01600521057844162,
        0.015813631936907768,
        0.015836264938116074,
        0.015841009095311165,
        0.015943052247166634,
        0.015822971239686012,
        0.015942424535751343,
        0.015909526497125626,
        0.015963157638907433,
        0.015879610553383827,
        0.015918254852294922,
        0.015623094514012337,
        0.015453215688467026,
        0.015528126619756222,
        0.015615371987223625,
        0.015366573818027973,
        0.01543656550347805,
        0.015489100478589535
    ]
}