{
    "epoch": [
        0,
        1,
        2,
        3,
        4,
        5,
        6,
        7,
        8,
        9,
        10,
        11,
        12,
        13,
        14,
        15,
        16,
        17,
        18,
        19,
        20,
        21,
        22,
        23,
        24,
        25,
        26,
        27,
        28,
        29,
        30,
        31,
        32,
        33,
        34,
        35,
        36,
        37,
        38,
        39,
        40,
        41,
        42,
        43,
        44,
        45,
        46,
        47,
        48,
        49,
        50,
        51,
        52,
        53,
        54,
        55,
        56,
        57,
        58,
        59,
        60,
        61,
        62,
        63,
        64,
        65,
        66,
        67,
        68,
        69,
        70,
        71,
        72,
        73,
        74,
        75,
        76,
        77,
        78,
        79,
        80,
        81,
        82,
        83,
        84,
        85,
        86,
        87,
        88,
        89,
        90,
        91,
        92,
        93,
        94,
        95,
        96,
        97,
        98,
        99
    ],
    "train_loss": [
        0.027699606493115425,
        0.01397978886961937,
        0.00977978203445673,
        0.009462870657444,
        0.009356597438454628,
        0.008056316524744034,
        0.012666714377701283,
        0.008288566023111343,
        0.008637071587145329,
        0.009255530312657356,
        0.007143004797399044,
        0.007005448918789625,
        0.00700744241476059,
        0.005819470621645451,
        0.005762862972915173,
        0.006716975476592779,
        0.009207744151353836,
        0.008987999521195889,
        0.006407634820789099,
        0.005312977824360132,
        0.005230904556810856,
        0.005257700104266405,
        0.004953271243721247,
        0.004600852262228727,
        0.004412940237671137,
        0.0045529985800385475,
        0.00460086390376091,
        0.004559780936688185,
        0.0045559946447610855,
        0.004726490471512079,
        0.004897467792034149,
        0.004892891272902489,
        0.004866886418312788,
        0.005111449398100376,
        0.005062075797468424,
        0.0049842665903270245,
        0.00495236786082387,
        0.004793588537722826,
        0.004652482457458973,
        0.0045644124038517475,
        0.004477235954254866,
        0.0045055001974105835,
        0.0044941226951777935,
        0.00455905357375741,
        0.004612059332430363,
        0.004551081918179989,
        0.0044820369221270084,
        0.0043823798187077045,
        0.0043137106113135815,
        0.004297628067433834,
        0.004291670862585306,
        0.0042828344739973545,
        0.004286451265215874,
        0.0042953165248036385,
        0.004302423447370529,
        0.004293982870876789,
        0.004338157828897238,
        0.004407272208482027,
        0.004405336920171976,
        0.00441332021728158,
        0.004421709571033716,
        0.004433681722730398,
        0.004438081756234169,
        0.0044285948388278484,
        0.004417662043124437,
        0.004406556487083435,
        0.0043842243030667305,
        0.004342082422226667,
        0.004359093960374594,
        0.004363120533525944,
        0.004330014809966087,
        0.004334671422839165,
        0.004414775874465704,
        0.004488981328904629,
        0.0045497845858335495,
        0.004604819696396589,
        0.0046477774158120155,
        0.00461512990295887,
        0.004609156399965286,
        0.004599644802510738,
        0.004520927555859089,
        0.004453301429748535,
        0.004382495302706957,
        0.004340842831879854,
        0.004339184612035751,
        0.00433528795838356,
        0.004347538109868765,
        0.004396310541778803,
        0.0044242036528885365,
        0.00443112850189209,
        0.004465457051992416,
        0.0045169745571911335,
        0.004564367234706879,
        0.004610453732311726,
        0.00461057061329484,
        0.004568913951516151,
        0.004532055929303169,
        0.004533851984888315,
        0.004532996565103531,
        0.004527425859123468
    ]
}