{
    "epoch": [
        0,
        1,
        2,
        3,
        4,
        5,
        6,
        7,
        8,
        9,
        10,
        11,
        12,
        13,
        14,
        15,
        16,
        17,
        18,
        19,
        20,
        21,
        22,
        23,
        24,
        25,
        26,
        27,
        28,
        29,
        30,
        31,
        32,
        33,
        34,
        35,
        36,
        37,
        38,
        39,
        40,
        41,
        42,
        43,
        44,
        45,
        46,
        47,
        48,
        49,
        50,
        51,
        52,
        53,
        54,
        55,
        56,
        57,
        58,
        59,
        60,
        61,
        62,
        63,
        64,
        65,
        66,
        67,
        68,
        69,
        70,
        71,
        72,
        73,
        74,
        75,
        76,
        77,
        78,
        79,
        80,
        81,
        82,
        83,
        84,
        85,
        86,
        87,
        88,
        89,
        90,
        91,
        92,
        93,
        94,
        95,
        96,
        97,
        98,
        99
    ],
    "train_loss": [
        0.0539407804608345,
        0.027224764227867126,
        0.01909160427749157,
        0.01556598860770464,
        0.016377167776226997,
        0.013866049237549305,
        0.012934030964970589,
        0.012883535586297512,
        0.011800728738307953,
        0.012804959900677204,
        0.011631215922534466,
        0.011865375563502312,
        0.010867604985833168,
        0.010870499536395073,
        0.011103341355919838,
        0.010846378281712532,
        0.010805659927427769,
        0.010687039233744144,
        0.010645883157849312,
        0.01071005780249834,
        0.010652066208422184,
        0.010576823726296425,
        0.010596216656267643,
        0.010643471963703632,
        0.010596249252557755,
        0.010576323606073856,
        0.010570029728114605,
        0.010584579780697823,
        0.010607643984258175,
        0.010599732398986816,
        0.01058640144765377,
        0.01054163184016943,
        0.010503806173801422,
        0.010515899397432804,
        0.010525383986532688,
        0.010524781420826912,
        0.010544847697019577,
        0.01049775443971157,
        0.010772879235446453,
        0.010736890137195587,
        0.01076464168727398,
        0.010871393606066704,
        0.011025327257812023,
        0.01134528499096632,
        0.011233706027269363,
        0.011429431848227978,
        0.011831482872366905,
        0.011896607466042042,
        0.011879504658281803,
        0.011898281052708626,
        0.01229105144739151,
        0.012398998253047466,
        0.012153581716120243,
        0.011995322071015835,
        0.011453458108007908,
        0.011398980394005775,
        0.011428352445363998,
        0.01177150383591652,
        0.011611156165599823,
        0.010735675692558289,
        0.010395740158855915,
        0.010048472322523594,
        0.009880580939352512,
        0.009781312197446823,
        0.009696985594928265,
        0.009586854837834835,
        0.009467491880059242,
        0.009365219622850418,
        0.009362367913126945,
        0.009474876336753368,
        0.0093766488134861,
        0.00935700535774231,
        0.00951185543090105,
        0.009732197970151901,
        0.009542272426187992,
        0.009471412748098373,
        0.009651041589677334,
        0.009331448934972286,
        0.009138178080320358,
        0.008758350275456905,
        0.008406396023929119,
        0.0092936921864748,
        0.008486246690154076,
        0.007283616811037064,
        0.006418105214834213,
        0.006095550954341888,
        0.005828251596540213,
        0.00569139514118433,
        0.005520696751773357,
        0.005530195310711861,
        0.005380744114518166,
        0.0053839655593037605,
        0.006036900449544191,
        0.0059727816842496395,
        0.006275767460465431,
        0.0062585617415606976,
        0.006392117589712143,
        0.006054979749023914,
        0.0057427724823355675,
        0.005725957918912172
    ]
}