{
    "epoch": [
        0,
        1,
        2,
        3,
        4,
        5,
        6,
        7,
        8,
        9,
        10,
        11,
        12,
        13,
        14,
        15,
        16,
        17,
        18,
        19,
        20,
        21,
        22,
        23,
        24,
        25,
        26,
        27,
        28,
        29,
        30,
        31,
        32,
        33,
        34,
        35,
        36,
        37,
        38,
        39,
        40,
        41,
        42,
        43,
        44,
        45,
        46,
        47,
        48,
        49,
        50,
        51,
        52,
        53,
        54,
        55,
        56,
        57,
        58,
        59,
        60,
        61,
        62,
        63,
        64,
        65,
        66,
        67,
        68,
        69,
        70,
        71,
        72,
        73,
        74,
        75,
        76,
        77,
        78,
        79,
        80,
        81,
        82,
        83,
        84,
        85,
        86,
        87,
        88,
        89,
        90,
        91,
        92,
        93,
        94,
        95,
        96,
        97,
        98,
        99
    ],
    "train_loss": [
        0.5390108227729797,
        0.41468101739883423,
        0.34142711758613586,
        0.305656373500824,
        0.2939080595970154,
        0.23654240369796753,
        0.2100660800933838,
        0.19777031242847443,
        0.186568021774292,
        0.18172720074653625,
        0.17575836181640625,
        0.17063772678375244,
        0.16723321378231049,
        0.16495153307914734,
        0.16285356879234314,
        0.16774852573871613,
        0.16540925204753876,
        0.1637537032365799,
        0.16216307878494263,
        0.16153286397457123,
        0.16719508171081543,
        0.1600140631198883,
        0.1543673425912857,
        0.15053977072238922,
        0.14847709238529205,
        0.14322562515735626,
        0.12652193009853363,
        0.10537438839673996,
        0.09693699330091476,
        0.08724689483642578,
        0.0884656310081482,
        0.07815620303153992,
        0.06980245560407639,
        0.06566537916660309,
        0.060907721519470215,
        0.05902146175503731,
        0.05422518774867058,
        0.05211417004466057,
        0.049539029598236084,
        0.047240499407052994,
        0.04823566973209381,
        0.04528951644897461,
        0.04275069758296013,
        0.04122655838727951,
        0.03951949626207352,
        0.04140566661953926,
        0.03924320265650749,
        0.03732771426439285,
        0.03545161709189415,
        0.034418508410453796,
        0.03315884619951248,
        0.03174464777112007,
        0.02998695895075798,
        0.028194308280944824,
        0.026283906772732735,
        0.025375016033649445,
        0.023043304681777954,
        0.022453095763921738,
        0.0220786202698946,
        0.02080787532031536,
        0.01963783986866474,
        0.01775265857577324,
        0.01740184985101223,
        0.016782796010375023,
        0.01648998074233532,
        0.015732809901237488,
        0.014732842333614826,
        0.014200850389897823,
        0.013915219344198704,
        0.013554021716117859,
        0.014263471588492393,
        0.014629270881414413,
        0.014650014229118824,
        0.01455693133175373,
        0.013173515908420086,
        0.012025857344269753,
        0.012319838628172874,
        0.01145786140114069,
        0.01060220506042242,
        0.01126253791153431,
        0.011472467333078384,
        0.010957415215671062,
        0.009611851535737514,
        0.00998950656503439,
        0.011120752431452274,
        0.011112567968666553,
        0.011376798152923584,
        0.011940142139792442,
        0.011069907806813717,
        0.011408732272684574,
        0.010492848232388496,
        0.010968168266117573,
        0.010272586718201637,
        0.00974295660853386,
        0.010193190537393093,
        0.01129182893782854,
        0.010361291468143463,
        0.010119684971868992,
        0.01129643339663744,
        0.01015988364815712
    ]
}