{
    "epoch": [
        0,
        1,
        2,
        3,
        4,
        5,
        6,
        7,
        8,
        9,
        10,
        11,
        12,
        13,
        14,
        15,
        16,
        17,
        18,
        19,
        20,
        21,
        22,
        23,
        24,
        25,
        26,
        27,
        28,
        29,
        30,
        31,
        32,
        33,
        34,
        35,
        36,
        37,
        38,
        39,
        40,
        41,
        42,
        43,
        44,
        45,
        46,
        47,
        48,
        49,
        50,
        51,
        52,
        53,
        54,
        55,
        56,
        57,
        58,
        59,
        60,
        61,
        62,
        63,
        64,
        65,
        66,
        67,
        68,
        69,
        70,
        71,
        72,
        73,
        74,
        75,
        76,
        77,
        78,
        79,
        80,
        81,
        82,
        83,
        84,
        85,
        86,
        87,
        88,
        89,
        90,
        91,
        92,
        93,
        94,
        95,
        96,
        97,
        98,
        99
    ],
    "train_loss": [
        0.021831635385751724,
        0.012103837914764881,
        0.01338582206517458,
        0.008515851572155952,
        0.007295818068087101,
        0.007373788859695196,
        0.007374498061835766,
        0.007389763370156288,
        0.0075800796039402485,
        0.007652082480490208,
        0.007703083101660013,
        0.007750127464532852,
        0.007579009048640728,
        0.007626543287187815,
        0.007618935778737068,
        0.00759437819942832,
        0.007468326482921839,
        0.007541775703430176,
        0.00761447474360466,
        0.007619607262313366,
        0.007636390160769224,
        0.007647580001503229,
        0.007648562081158161,
        0.00764029985293746,
        0.00762866111472249,
        0.007633510045707226,
        0.007638865616172552,
        0.007629153784364462,
        0.00763380853459239,
        0.0076351528987288475,
        0.007745926734060049,
        0.007772197015583515,
        0.007753737736493349,
        0.007746715564280748,
        0.0077355606481432915,
        0.007736682426184416,
        0.007697234861552715,
        0.007666340097784996,
        0.007632357068359852,
        0.00764098484069109,
        0.0076865991577506065,
        0.0076874615624547005,
        0.007679200731217861,
        0.00766378128901124,
        0.0076569137163460255,
        0.007683399599045515,
        0.007693559862673283,
        0.007699125912040472,
        0.007720499765127897,
        0.007724263705313206,
        0.007677048910409212,
        0.007664965000003576,
        0.007662189658731222,
        0.0076819187961518764,
        0.0076782857067883015,
        0.007679745089262724,
        0.0076887053437530994,
        0.007693419232964516,
        0.007692939601838589,
        0.007692025974392891,
        0.007689811289310455,
        0.007692549377679825,
        0.0076973941177129745,
        0.007708070334047079,
        0.007712460123002529,
        0.0077475374564528465,
        0.007752669509500265,
        0.007756031583994627,
        0.007765608374029398,
        0.007776007521897554,
        0.007783378008753061,
        0.007783398497849703,
        0.0077844057232141495,
        0.007784405257552862,
        0.0077844057232141495,
        0.0077844057232141495,
        0.007787404581904411,
        0.007790364325046539,
        0.007790290750563145,
        0.007789748255163431,
        0.007789496332406998,
        0.0077889179810881615,
        0.007788810878992081,
        0.007788810878992081,
        0.007788810878992081,
        0.007788791786879301,
        0.007787395268678665,
        0.007787179201841354,
        0.0077872551046311855,
        0.007787283509969711,
        0.007787284906953573,
        0.007787287700921297,
        0.007787316106259823,
        0.007787337526679039,
        0.007788513787090778,
        0.007788513787090778,
        0.007788513787090778,
        0.007788513787090778,
        0.007788513787090778,
        0.007788514252752066
    ]
}