{
    "epoch": [
        0,
        1,
        2,
        3,
        4,
        5,
        6,
        7,
        8,
        9,
        10,
        11,
        12,
        13,
        14,
        15,
        16,
        17,
        18,
        19,
        20,
        21,
        22,
        23,
        24,
        25,
        26,
        27,
        28,
        29,
        30,
        31,
        32,
        33,
        34,
        35,
        36,
        37,
        38,
        39,
        40,
        41,
        42,
        43,
        44,
        45,
        46,
        47,
        48,
        49,
        50,
        51,
        52,
        53,
        54,
        55,
        56,
        57,
        58,
        59,
        60,
        61,
        62,
        63,
        64,
        65,
        66,
        67,
        68,
        69,
        70,
        71,
        72,
        73,
        74,
        75,
        76,
        77,
        78,
        79,
        80,
        81,
        82,
        83,
        84,
        85,
        86,
        87,
        88,
        89,
        90,
        91,
        92,
        93,
        94,
        95,
        96,
        97,
        98,
        99
    ],
    "train_loss": [
        0.03871579468250275,
        0.016307000070810318,
        0.014491441659629345,
        0.011201427318155766,
        0.009169028140604496,
        0.008835204876959324,
        0.009003340266644955,
        0.00890884455293417,
        0.00817954447120428,
        0.008843242190778255,
        0.008397975005209446,
        0.00834011659026146,
        0.008366458117961884,
        0.008588810451328754,
        0.00832387711852789,
        0.008317805826663971,
        0.008138515055179596,
        0.008423072285950184,
        0.008346889168024063,
        0.008752482943236828,
        0.008371304720640182,
        0.008530979044735432,
        0.00839983019977808,
        0.008923324756324291,
        0.009842627681791782,
        0.009868123568594456,
        0.009858177043497562,
        0.010595670901238918,
        0.011488127522170544,
        0.01112310029566288,
        0.011181940324604511,
        0.011431591585278511,
        0.010834133252501488,
        0.010642207227647305,
        0.009936537593603134,
        0.010126089677214622,
        0.010189276188611984,
        0.01019861176609993,
        0.010272316634654999,
        0.01031163614243269,
        0.01030542328953743,
        0.01034805178642273,
        0.010521773248910904,
        0.010785779915750027,
        0.011054166592657566,
        0.011172743514180183,
        0.01136760599911213,
        0.011648029088973999,
        0.011908164247870445,
        0.012202718295156956,
        0.012297318316996098,
        0.012552698142826557,
        0.012840782292187214,
        0.01297177653759718,
        0.013204678893089294,
        0.013404719531536102,
        0.013459226116538048,
        0.013544498942792416,
        0.01383721362799406,
        0.014148317277431488,
        0.014459345489740372,
        0.014920923858880997,
        0.015114601701498032,
        0.015161233022809029,
        0.015237166546285152,
        0.015366981737315655,
        0.015487391501665115,
        0.015504373237490654,
        0.015432534739375114,
        0.015094700269401073,
        0.014508157037198544,
        0.014127145521342754,
        0.014074008911848068,
        0.014226077124476433,
        0.01400887779891491,
        0.0137770501896739,
        0.013709455728530884,
        0.013434388674795628,
        0.013203825801610947,
        0.01312356349080801,
        0.012962792068719864,
        0.012773844413459301,
        0.012626021169126034,
        0.01260379422456026,
        0.012563747353851795,
        0.012538903392851353,
        0.01251317746937275,
        0.01248204242438078,
        0.012394641526043415,
        0.01233880314975977,
        0.012225227430462837,
        0.012131236493587494,
        0.012052331119775772,
        0.012003983370959759,
        0.011947380378842354,
        0.011926267296075821,
        0.011926267296075821,
        0.01190542709082365,
        0.011735509149730206,
        0.011597818695008755
    ]
}