{
    "epoch": [
        0,
        1,
        2,
        3,
        4,
        5,
        6,
        7,
        8,
        9,
        10,
        11,
        12,
        13,
        14,
        15,
        16,
        17,
        18,
        19,
        20,
        21,
        22,
        23,
        24,
        25,
        26,
        27,
        28,
        29,
        30,
        31,
        32,
        33,
        34,
        35,
        36,
        37,
        38,
        39,
        40,
        41,
        42,
        43,
        44,
        45,
        46,
        47,
        48,
        49,
        50,
        51,
        52,
        53,
        54,
        55,
        56,
        57,
        58,
        59,
        60,
        61,
        62,
        63,
        64,
        65,
        66,
        67,
        68,
        69,
        70,
        71,
        72,
        73,
        74,
        75,
        76,
        77,
        78,
        79,
        80,
        81,
        82,
        83,
        84,
        85,
        86,
        87,
        88,
        89,
        90,
        91,
        92,
        93,
        94,
        95,
        96,
        97,
        98,
        99
    ],
    "train_loss": [
        0.04315190017223358,
        0.028261180967092514,
        0.01587054878473282,
        0.014271397143602371,
        0.017222287133336067,
        0.012136929668486118,
        0.012165907770395279,
        0.010879394598305225,
        0.009916002862155437,
        0.009097667410969734,
        0.010071217082440853,
        0.008886807598173618,
        0.008728288114070892,
        0.008812380023300648,
        0.009053252637386322,
        0.010148425586521626,
        0.010331288911402225,
        0.010615270584821701,
        0.01230806577950716,
        0.011181025765836239,
        0.011241433210670948,
        0.009295093826949596,
        0.007733326405286789,
        0.007880422286689281,
        0.007210301235318184,
        0.007265555672347546,
        0.007924252189695835,
        0.008380846120417118,
        0.007403598167002201,
        0.00674922950565815,
        0.00665264343842864,
        0.0064208898693323135,
        0.006117767654359341,
        0.006389415357261896,
        0.006561011541634798,
        0.006506986450403929,
        0.007465607952326536,
        0.008322895504534245,
        0.008429699577391148,
        0.008111325092613697,
        0.008362874388694763,
        0.008275741711258888,
        0.008499527350068092,
        0.007872944697737694,
        0.0070626940578222275,
        0.0067158290185034275,
        0.007190581876784563,
        0.007759822532534599,
        0.007307164836674929,
        0.006588954944163561,
        0.006246807985007763,
        0.006252528168261051,
        0.006777046248316765,
        0.007565798703581095,
        0.007818031124770641,
        0.008379745297133923,
        0.008111279457807541,
        0.007576738018542528,
        0.007081334013491869,
        0.00658047990873456,
        0.006829290650784969,
        0.006869534961879253,
        0.007080668117851019,
        0.007710205391049385,
        0.007938052527606487,
        0.007834851741790771,
        0.007460395805537701,
        0.007132863625884056,
        0.007259521633386612,
        0.007682932075113058,
        0.008326985873281956,
        0.008661367930471897,
        0.007983178831636906,
        0.008291330188512802,
        0.0077099367044866085,
        0.007380484603345394,
        0.0070922402665019035,
        0.006704339757561684,
        0.006500778719782829,
        0.006469049956649542,
        0.006581476423889399,
        0.007026405073702335,
        0.0071240561082959175,
        0.006840446963906288,
        0.006614211015403271,
        0.006246698554605246,
        0.005982501432299614,
        0.005745015572756529,
        0.005326136481016874,
        0.005134585313498974,
        0.00520267803221941,
        0.005451058503240347,
        0.005781050771474838,
        0.005820192862302065,
        0.005715630017220974,
        0.005750782787799835,
        0.005669205449521542,
        0.005343748722225428,
        0.005248463712632656,
        0.005401469301432371
    ]
}