{
    "epoch": [
        0,
        1,
        2,
        3,
        4,
        5,
        6,
        7,
        8,
        9,
        10,
        11,
        12,
        13,
        14,
        15,
        16,
        17,
        18,
        19,
        20,
        21,
        22,
        23,
        24,
        25,
        26,
        27,
        28,
        29,
        30,
        31,
        32,
        33,
        34,
        35,
        36,
        37,
        38,
        39,
        40,
        41,
        42,
        43,
        44,
        45,
        46,
        47,
        48,
        49,
        50,
        51,
        52,
        53,
        54,
        55,
        56,
        57,
        58,
        59,
        60,
        61,
        62,
        63,
        64,
        65,
        66,
        67,
        68,
        69,
        70,
        71,
        72,
        73,
        74,
        75,
        76,
        77,
        78,
        79,
        80,
        81,
        82,
        83,
        84,
        85,
        86,
        87,
        88,
        89,
        90,
        91,
        92,
        93,
        94,
        95,
        96,
        97,
        98,
        99
    ],
    "train_loss": [
        0.018906384706497192,
        0.02002071402966976,
        0.011369248852133751,
        0.0076152305118739605,
        0.007077611517161131,
        0.00930307898670435,
        0.007263164967298508,
        0.007575323339551687,
        0.007223578169941902,
        0.007540782913565636,
        0.008591940626502037,
        0.009756204672157764,
        0.012695341370999813,
        0.010382818058133125,
        0.01142407488077879,
        0.011301902122795582,
        0.010739398188889027,
        0.010401089675724506,
        0.009443852119147778,
        0.008450550027191639,
        0.008112349547445774,
        0.007329598534852266,
        0.006749247666448355,
        0.006401645019650459,
        0.006403299514204264,
        0.006597340106964111,
        0.00659017451107502,
        0.006505144760012627,
        0.006465455982834101,
        0.006630463059991598,
        0.0071884579956531525,
        0.007150920573621988,
        0.006980283185839653,
        0.0069261109456419945,
        0.006600741297006607,
        0.006368203088641167,
        0.006276396568864584,
        0.006011820863932371,
        0.006133685354143381,
        0.006367141380906105,
        0.006354665383696556,
        0.006022363435477018,
        0.00582518195733428,
        0.005853004287928343,
        0.0054824575781822205,
        0.00526008103042841,
        0.004788537044078112,
        0.0048110270872712135,
        0.0048902868293225765,
        0.00486915186047554,
        0.00493525480851531,
        0.004656028933823109,
        0.004466858226805925,
        0.0044991690665483475,
        0.004293634090572596,
        0.004276505205780268,
        0.004063484724611044,
        0.0038940345402806997,
        0.003971167840063572,
        0.0038984583225101233,
        0.003982787486165762,
        0.00394986430183053,
        0.0037747544702142477,
        0.0037397677078843117,
        0.0038600671105086803,
        0.003907392732799053,
        0.0037989597767591476,
        0.0037372678052634,
        0.0037765749730169773,
        0.0038160153198987246,
        0.00398164801299572,
        0.004083738662302494,
        0.003978355787694454,
        0.003959659021347761,
        0.003934734966605902,
        0.003967382479459047,
        0.00412755087018013,
        0.004262162838131189,
        0.004159277770668268,
        0.003991916310042143,
        0.003834532108157873,
        0.004020937252789736,
        0.0042590065859258175,
        0.004108572844415903,
        0.003936214838176966,
        0.003902025520801544,
        0.003968105651438236,
        0.003706550458446145,
        0.0036089380737394094,
        0.0037690538447350264,
        0.003646503435447812,
        0.003507566172629595,
        0.003495094133540988,
        0.0035587274469435215,
        0.0035457119811326265,
        0.003428285475820303,
        0.003361367853358388,
        0.0033342745155096054,
        0.0033149661030620337,
        0.003322341712191701
    ]
}