{
    "epoch": [
        0,
        1,
        2,
        3,
        4,
        5,
        6,
        7,
        8,
        9,
        10,
        11,
        12,
        13,
        14,
        15,
        16,
        17,
        18,
        19,
        20,
        21,
        22,
        23,
        24,
        25,
        26,
        27,
        28,
        29,
        30,
        31,
        32,
        33,
        34,
        35,
        36,
        37,
        38,
        39,
        40,
        41,
        42,
        43,
        44,
        45,
        46,
        47,
        48,
        49,
        50,
        51,
        52,
        53,
        54,
        55,
        56,
        57,
        58,
        59,
        60,
        61,
        62,
        63,
        64,
        65,
        66,
        67,
        68,
        69,
        70,
        71,
        72,
        73,
        74,
        75,
        76,
        77,
        78,
        79,
        80,
        81,
        82,
        83,
        84,
        85,
        86,
        87,
        88,
        89,
        90,
        91,
        92,
        93,
        94,
        95,
        96,
        97,
        98,
        99
    ],
    "train_loss": [
        0.15694087743759155,
        0.07516860961914062,
        0.04948820173740387,
        0.036063723266124725,
        0.03018108941614628,
        0.04568738117814064,
        0.02743455581367016,
        0.021397341042757034,
        0.02089640498161316,
        0.0169402863830328,
        0.02937852405011654,
        0.022667191922664642,
        0.022586021572351456,
        0.021094102412462234,
        0.0164018701761961,
        0.016899360343813896,
        0.013233773410320282,
        0.011125375516712666,
        0.01612544246017933,
        0.01429328415542841,
        0.013265537098050117,
        0.011203273199498653,
        0.010758847929537296,
        0.010415750555694103,
        0.011363458819687366,
        0.011782772839069366,
        0.012480686418712139,
        0.01246742531657219,
        0.013770618475973606,
        0.013688870705664158,
        0.014606203883886337,
        0.012251441366970539,
        0.011102395132184029,
        0.010330011136829853,
        0.00976567342877388,
        0.010777756571769714,
        0.01004788652062416,
        0.01055904757231474,
        0.009899318218231201,
        0.009749733842909336,
        0.010496302507817745,
        0.010644681751728058,
        0.010964833199977875,
        0.010597462765872478,
        0.010219098068773746,
        0.009948628954589367,
        0.009475179947912693,
        0.009351927787065506,
        0.009781798347830772,
        0.010172870941460133,
        0.010274159722030163,
        0.009535285644233227,
        0.009579834528267384,
        0.009706794284284115,
        0.009229997172951698,
        0.009201104752719402,
        0.009388257749378681,
        0.009959273971617222,
        0.009017027914524078,
        0.008953943848609924,
        0.008358001708984375,
        0.00856736209243536,
        0.008678696118295193,
        0.00929156132042408,
        0.009376432746648788,
        0.009507300332188606,
        0.010451738722622395,
        0.01010945625603199,
        0.009669863618910313,
        0.009612221270799637,
        0.01022004708647728,
        0.010181726887822151,
        0.00993716437369585,
        0.00954729225486517,
        0.009405829943716526,
        0.009379098191857338,
        0.009130970574915409,
        0.008787338621914387,
        0.008743859827518463,
        0.008451052941381931,
        0.008405541069805622,
        0.008295799605548382,
        0.008357427082955837,
        0.008296182379126549,
        0.007959604263305664,
        0.007846135646104813,
        0.007968747057020664,
        0.00785073358565569,
        0.00810143444687128,
        0.007753485348075628,
        0.007718725595623255,
        0.007844015024602413,
        0.007819396443665028,
        0.007402550894767046,
        0.007203868590295315,
        0.007281885948032141,
        0.007266824599355459,
        0.00731478538364172,
        0.007160472217947245,
        0.006859756540507078
    ]
}