{
    "epoch": [
        0,
        1,
        2,
        3,
        4,
        5,
        6,
        7,
        8,
        9,
        10,
        11,
        12,
        13,
        14,
        15,
        16,
        17,
        18,
        19,
        20,
        21,
        22,
        23,
        24,
        25,
        26,
        27,
        28,
        29,
        30,
        31,
        32,
        33,
        34,
        35,
        36,
        37,
        38,
        39,
        40,
        41,
        42,
        43,
        44,
        45,
        46,
        47,
        48,
        49,
        50,
        51,
        52,
        53,
        54,
        55,
        56,
        57,
        58,
        59,
        60,
        61,
        62,
        63,
        64,
        65,
        66,
        67,
        68,
        69,
        70,
        71,
        72,
        73,
        74,
        75,
        76,
        77,
        78,
        79,
        80,
        81,
        82,
        83,
        84,
        85,
        86,
        87,
        88,
        89,
        90,
        91,
        92,
        93,
        94,
        95,
        96,
        97,
        98,
        99
    ],
    "train_loss": [
        0.04602702707052231,
        0.021354060620069504,
        0.012854884378612041,
        0.015454461798071861,
        0.013209698721766472,
        0.013232863508164883,
        0.01090041920542717,
        0.010829475708305836,
        0.010468948632478714,
        0.010083935223519802,
        0.010329632088541985,
        0.010321229696273804,
        0.010307088494300842,
        0.01024413201957941,
        0.010232591070234776,
        0.0101460050791502,
        0.010053160600364208,
        0.00994101632386446,
        0.009576523676514626,
        0.00949156004935503,
        0.009508567862212658,
        0.009472355246543884,
        0.009515439160168171,
        0.009530567564070225,
        0.00949886441230774,
        0.009513799101114273,
        0.00953562930226326,
        0.00955149158835411,
        0.009549438022077084,
        0.009527132846415043,
        0.009546186774969101,
        0.009567198343575,
        0.009563049301505089,
        0.009559555910527706,
        0.009553520008921623,
        0.009596372954547405,
        0.009608110412955284,
        0.00955993216484785,
        0.009571042843163013,
        0.009572668932378292,
        0.009568427689373493,
        0.009574437513947487,
        0.009577964432537556,
        0.009572308510541916,
        0.009553632698953152,
        0.009546441026031971,
        0.009545436128973961,
        0.009535255841910839,
        0.009476802311837673,
        0.00941882748156786,
        0.009387548081576824,
        0.00933699868619442,
        0.009254069067537785,
        0.009265840984880924,
        0.009235715493559837,
        0.009259122423827648,
        0.009259707294404507,
        0.009266340173780918,
        0.009303632192313671,
        0.009305750951170921,
        0.009327969513833523,
        0.009382998570799828,
        0.009420237503945827,
        0.009548029862344265,
        0.009527014568448067,
        0.009510871022939682,
        0.009534865617752075,
        0.009551404044032097,
        0.009537016041576862,
        0.009499302133917809,
        0.009460531175136566,
        0.009419229812920094,
        0.009339915588498116,
        0.009307578206062317,
        0.009282127022743225,
        0.00928059034049511,
        0.009236741811037064,
        0.009174194186925888,
        0.009068644605576992,
        0.009022881276905537,
        0.008884650655090809,
        0.008600211702287197,
        0.008539806120097637,
        0.008493714965879917,
        0.008474952541291714,
        0.008308819495141506,
        0.008181304670870304,
        0.008000490255653858,
        0.007888266816735268,
        0.007868246175348759,
        0.007832933217287064,
        0.00785946287214756,
        0.007868567481637001,
        0.007847399450838566,
        0.007871638983488083,
        0.007866392843425274,
        0.007866975851356983,
        0.007870449684560299,
        0.00788181833922863,
        0.007891928777098656
    ]
}