{
    "epoch": [
        0,
        1,
        2,
        3,
        4,
        5,
        6,
        7,
        8,
        9,
        10,
        11,
        12,
        13,
        14,
        15,
        16,
        17,
        18,
        19,
        20,
        21,
        22,
        23,
        24,
        25,
        26,
        27,
        28,
        29,
        30,
        31,
        32,
        33,
        34,
        35,
        36,
        37,
        38,
        39,
        40,
        41,
        42,
        43,
        44,
        45,
        46,
        47,
        48,
        49,
        50,
        51,
        52,
        53,
        54,
        55,
        56,
        57,
        58,
        59,
        60,
        61,
        62,
        63,
        64,
        65,
        66,
        67,
        68,
        69,
        70,
        71,
        72,
        73,
        74,
        75,
        76,
        77,
        78,
        79,
        80,
        81,
        82,
        83,
        84,
        85,
        86,
        87,
        88,
        89,
        90,
        91,
        92,
        93,
        94,
        95,
        96,
        97,
        98,
        99
    ],
    "train_loss": [
        0.03647026792168617,
        0.018953798338770866,
        0.015581982210278511,
        0.013999636285007,
        0.012343880720436573,
        0.0099483085796237,
        0.009998744353652,
        0.009871470741927624,
        0.009801339358091354,
        0.009764445945620537,
        0.00966724194586277,
        0.00959479995071888,
        0.009636051952838898,
        0.009639292024075985,
        0.009643497876822948,
        0.009676835499703884,
        0.009629569016397,
        0.009565849788486958,
        0.00958324410021305,
        0.009581378661096096,
        0.009501435793936253,
        0.0094754071906209,
        0.009499707259237766,
        0.009455598890781403,
        0.009380774572491646,
        0.009365254081785679,
        0.009365254081785679,
        0.009365254081785679,
        0.009319398552179337,
        0.009249873459339142,
        0.009227747097611427,
        0.009170888923108578,
        0.008980154059827328,
        0.008990506641566753,
        0.008970274589955807,
        0.008866706863045692,
        0.008828967809677124,
        0.00884527713060379,
        0.00899082887917757,
        0.009219366125762463,
        0.009290296584367752,
        0.009246153756976128,
        0.009301580488681793,
        0.00916014239192009,
        0.008910050615668297,
        0.008790690451860428,
        0.008738627657294273,
        0.008704655803740025,
        0.00867528934031725,
        0.00863438006490469,
        0.008615340106189251,
        0.008583096787333488,
        0.008521209470927715,
        0.008457298390567303,
        0.008402818813920021,
        0.00839265901595354,
        0.008343027904629707,
        0.008301976136863232,
        0.008268983103334904,
        0.008128650486469269,
        0.008154458366334438,
        0.008034735918045044,
        0.008384010754525661,
        0.009044432081282139,
        0.009259527549147606,
        0.009360757656395435,
        0.009242466650903225,
        0.009759031236171722,
        0.010175754316151142,
        0.0107793053612113,
        0.010872649028897285,
        0.011140447109937668,
        0.0117388516664505,
        0.013035130687057972,
        0.013264535926282406,
        0.01569085568189621,
        0.01731501892209053,
        0.01693381927907467,
        0.016132622957229614,
        0.01506791915744543,
        0.014153347350656986,
        0.01325184851884842,
        0.012749399989843369,
        0.012302480638027191,
        0.011993912979960442,
        0.011633738875389099,
        0.011516996659338474,
        0.011373932473361492,
        0.011204274371266365,
        0.01106306817382574,
        0.010934832505881786,
        0.010671895928680897,
        0.010475208051502705,
        0.010270800441503525,
        0.010111821815371513,
        0.009892391972243786,
        0.009847458451986313,
        0.009854310192167759,
        0.009826733730733395,
        0.009882955811917782
    ]
}