{
    "epoch": [
        0,
        1,
        2,
        3,
        4,
        5,
        6,
        7,
        8,
        9,
        10,
        11,
        12,
        13,
        14,
        15,
        16,
        17,
        18,
        19,
        20,
        21,
        22,
        23,
        24,
        25,
        26,
        27,
        28,
        29,
        30,
        31,
        32,
        33,
        34,
        35,
        36,
        37,
        38,
        39,
        40,
        41,
        42,
        43,
        44,
        45,
        46,
        47,
        48,
        49,
        50,
        51,
        52,
        53,
        54,
        55,
        56,
        57,
        58,
        59,
        60,
        61,
        62,
        63,
        64,
        65,
        66,
        67,
        68,
        69,
        70,
        71,
        72,
        73,
        74,
        75,
        76,
        77,
        78,
        79,
        80,
        81,
        82,
        83,
        84,
        85,
        86,
        87,
        88,
        89,
        90,
        91,
        92,
        93,
        94,
        95,
        96,
        97,
        98,
        99
    ],
    "train_loss": [
        0.024953380227088928,
        0.011501076631247997,
        0.012401468120515347,
        0.007474987767636776,
        0.012369150295853615,
        0.014408296905457973,
        0.012886515818536282,
        0.011401292867958546,
        0.010996059514582157,
        0.011055228300392628,
        0.010651420801877975,
        0.011138048954308033,
        0.011084495112299919,
        0.011126874014735222,
        0.011941323056817055,
        0.01288556307554245,
        0.013390296138823032,
        0.012592711485922337,
        0.012401685118675232,
        0.013083410449326038,
        0.014648997224867344,
        0.013930777087807655,
        0.01166275329887867,
        0.010686607100069523,
        0.01044931448996067,
        0.01068020612001419,
        0.010547583922743797,
        0.010488881729543209,
        0.010693546384572983,
        0.010825594887137413,
        0.010947389528155327,
        0.011001980863511562,
        0.01110963523387909,
        0.011323991231620312,
        0.01132847648113966,
        0.01142849214375019,
        0.011522102169692516,
        0.011422588489949703,
        0.010717546567320824,
        0.010470662266016006,
        0.010243949480354786,
        0.01029273308813572,
        0.010288877412676811,
        0.010322454385459423,
        0.010213218629360199,
        0.010071215219795704,
        0.010032414458692074,
        0.01001555286347866,
        0.009897910058498383,
        0.009775802493095398,
        0.009677133522927761,
        0.009614511393010616,
        0.009540393948554993,
        0.009522962383925915,
        0.009545115754008293,
        0.009487967006862164,
        0.009331554174423218,
        0.009259887039661407,
        0.00913864653557539,
        0.008977045305073261,
        0.008893110789358616,
        0.008824273012578487,
        0.008627761155366898,
        0.00841823685914278,
        0.008293579332530499,
        0.008164041675627232,
        0.008106207475066185,
        0.007999259047210217,
        0.007961868308484554,
        0.007745863404124975,
        0.007773727644234896,
        0.007853290997445583,
        0.007931996136903763,
        0.00799883995205164,
        0.00804639607667923,
        0.008062601089477539,
        0.008061878383159637,
        0.00808368343859911,
        0.008125122636556625,
        0.008078272454440594,
        0.008064131252467632,
        0.008042571134865284,
        0.008016640320420265,
        0.007972754538059235,
        0.007826955057680607,
        0.007783089764416218,
        0.007662574294954538,
        0.00753394840285182,
        0.00731669832020998,
        0.007298810873180628,
        0.00724222743883729,
        0.007202282082289457,
        0.007149589713662863,
        0.007105563301593065,
        0.0070885950699448586,
        0.007069170009344816,
        0.007020893041044474,
        0.007003091275691986,
        0.007000849116593599,
        0.007035467773675919
    ]
}