{
    "epoch": [
        0,
        1,
        2,
        3,
        4,
        5,
        6,
        7,
        8,
        9,
        10,
        11,
        12,
        13,
        14,
        15,
        16,
        17,
        18,
        19,
        20,
        21,
        22,
        23,
        24,
        25,
        26,
        27,
        28,
        29,
        30,
        31,
        32,
        33,
        34,
        35,
        36,
        37,
        38,
        39,
        40,
        41,
        42,
        43,
        44,
        45,
        46,
        47,
        48,
        49,
        50,
        51,
        52,
        53,
        54,
        55,
        56,
        57,
        58,
        59,
        60,
        61,
        62,
        63,
        64,
        65,
        66,
        67,
        68,
        69,
        70,
        71,
        72,
        73,
        74,
        75,
        76,
        77,
        78,
        79,
        80,
        81,
        82,
        83,
        84,
        85,
        86,
        87,
        88,
        89,
        90,
        91,
        92,
        93,
        94,
        95,
        96,
        97,
        98,
        99
    ],
    "train_loss": [
        0.03280656784772873,
        0.02005079947412014,
        0.014519636519253254,
        0.011810594238340855,
        0.011953228153288364,
        0.012203759513795376,
        0.011605678126215935,
        0.010930495336651802,
        0.010916558094322681,
        0.01078402902930975,
        0.01097590196877718,
        0.010469388216733932,
        0.010189423337578773,
        0.010065066628158092,
        0.0099097965285182,
        0.009340930730104446,
        0.009366888552904129,
        0.009817331098020077,
        0.009138564579188824,
        0.00817990954965353,
        0.008800538256764412,
        0.008875774219632149,
        0.00840125884860754,
        0.008342988789081573,
        0.008335334248840809,
        0.00833104271441698,
        0.007975038141012192,
        0.008063256740570068,
        0.007802761625498533,
        0.00879736989736557,
        0.009444868192076683,
        0.00937670934945345,
        0.009611498564481735,
        0.009745161049067974,
        0.00945491623133421,
        0.00985843874514103,
        0.0097423130646348,
        0.009613949805498123,
        0.00965412613004446,
        0.00961676798760891,
        0.00944975484162569,
        0.00917826872318983,
        0.00962144322693348,
        0.00980616919696331,
        0.009945468977093697,
        0.009884435683488846,
        0.009786388836801052,
        0.009685851633548737,
        0.009604635648429394,
        0.009872395545244217,
        0.010017012245953083,
        0.009807931259274483,
        0.009697944857180119,
        0.009721030481159687,
        0.009644165635108948,
        0.009547152556478977,
        0.009351846762001514,
        0.009352671913802624,
        0.009295136667788029,
        0.009359677322208881,
        0.0093429796397686,
        0.009230369701981544,
        0.008855020627379417,
        0.00877250637859106,
        0.008627899922430515,
        0.008609338663518429,
        0.008670818991959095,
        0.008709455840289593,
        0.008799978531897068,
        0.008834964595735073,
        0.008696014061570168,
        0.008618482388556004,
        0.008583751507103443,
        0.008591758087277412,
        0.008648364804685116,
        0.008757728151977062,
        0.00876056682318449,
        0.008725574240088463,
        0.008805159479379654,
        0.008897490799427032,
        0.00889828335493803,
        0.008862246759235859,
        0.008862728253006935,
        0.00888180360198021,
        0.008827261626720428,
        0.008796353824436665,
        0.008775184862315655,
        0.008834455162286758,
        0.008921344764530659,
        0.009196363389492035,
        0.009677764028310776,
        0.009629861451685429,
        0.009851931594312191,
        0.009849906899034977,
        0.010033706203103065,
        0.010294732637703419,
        0.01059649232774973,
        0.010851443745195866,
        0.011080421507358551,
        0.0110963499173522
    ]
}