{
    "epoch": [
        0,
        1,
        2,
        3,
        4,
        5,
        6,
        7,
        8,
        9,
        10,
        11,
        12,
        13,
        14,
        15,
        16,
        17,
        18,
        19,
        20,
        21,
        22,
        23,
        24,
        25,
        26,
        27,
        28,
        29,
        30,
        31,
        32,
        33,
        34
    ],
    "train_loss": [
        0.02868565358221531,
        0.012889605015516281,
        0.015931012108922005,
        0.01140051893889904,
        0.0098029226064682,
        0.009847904555499554,
        0.006868842523545027,
        0.013538776896893978,
        0.012199679389595985,
        0.0094301151111722,
        0.010518508031964302,
        0.00841666478663683,
        0.0076770298182964325,
        0.009198217652738094,
        0.007948908023536205,
        0.007502579130232334,
        0.006792664993554354,
        0.0066910176537930965,
        0.0062027848325669765,
        0.0054797763004899025,
        0.0058842189610004425,
        0.005118452478200197,
        0.00596247473731637,
        0.006886586546897888,
        0.008092409931123257,
        0.007240419741719961,
        0.008781160227954388,
        0.009036239236593246,
        0.008410521782934666,
        0.007788985967636108,
        0.007193122059106827,
        0.006560606881976128,
        0.006013314239680767,
        0.005497746169567108,
        0.005730731412768364
    ]
}