{
    "epoch": [
        0,
        1,
        2,
        3,
        4,
        5,
        6,
        7,
        8,
        9,
        10,
        11,
        12,
        13,
        14,
        15,
        16,
        17,
        18,
        19,
        20,
        21,
        22,
        23,
        24,
        25,
        26,
        27,
        28,
        29,
        30,
        31,
        32,
        33,
        34,
        35,
        36,
        37,
        38,
        39,
        40,
        41,
        42,
        43,
        44,
        45,
        46,
        47,
        48,
        49,
        50,
        51,
        52,
        53,
        54,
        55,
        56,
        57,
        58,
        59,
        60,
        61,
        62,
        63,
        64,
        65,
        66,
        67,
        68,
        69,
        70,
        71,
        72,
        73,
        74,
        75,
        76,
        77,
        78,
        79,
        80,
        81,
        82,
        83,
        84,
        85,
        86,
        87,
        88,
        89,
        90,
        91,
        92,
        93,
        94,
        95,
        96,
        97,
        98,
        99
    ],
    "train_loss": [
        0.029111137613654137,
        0.016328291967511177,
        0.01267951913177967,
        0.012774606235325336,
        0.011258390732109547,
        0.01118776760995388,
        0.01164809986948967,
        0.015065775252878666,
        0.01242886483669281,
        0.011674129404127598,
        0.010577313601970673,
        0.010702493600547314,
        0.012505498714745045,
        0.009850770235061646,
        0.008617613464593887,
        0.009169402532279491,
        0.008255155757069588,
        0.010859079658985138,
        0.011107686907052994,
        0.008887366391718388,
        0.008430233225226402,
        0.008320062421262264,
        0.008668101392686367,
        0.008466673083603382,
        0.007974366657435894,
        0.0071504367515444756,
        0.006850096397101879,
        0.00676087848842144,
        0.0068267351016402245,
        0.007257083430886269,
        0.008105777204036713,
        0.007920138537883759,
        0.007710712030529976,
        0.007666232530027628,
        0.007649552077054977,
        0.007528399582952261,
        0.007486212998628616,
        0.007340686395764351,
        0.007151186000555754,
        0.007067531812936068,
        0.007077286019921303,
        0.0070610130205750465,
        0.007053210865706205,
        0.007131374441087246,
        0.007115593645721674,
        0.00711938738822937,
        0.0070667564868927,
        0.0070633841678500175,
        0.007088420446962118,
        0.007101789582520723,
        0.007124633528292179,
        0.0071319215930998325,
        0.007125214207917452,
        0.007126585114747286,
        0.007096142042428255,
        0.007102576550096273,
        0.007119201589375734,
        0.00712292455136776,
        0.00713817123323679,
        0.007162252441048622,
        0.007102109491825104,
        0.007062250282615423,
        0.007033966016024351,
        0.007018577307462692,
        0.0070134541019797325,
        0.007005602121353149,
        0.006975122727453709,
        0.006931329146027565,
        0.0069031487219035625,
        0.006877198349684477,
        0.006927297450602055,
        0.006924991030246019,
        0.006931375712156296,
        0.006930047646164894,
        0.006951174698770046,
        0.006920663174241781,
        0.00691961171105504,
        0.006919073406606913,
        0.006908008828759193,
        0.006908004637807608,
        0.006908004637807608,
        0.006908004637807608,
        0.006908004637807608,
        0.006908004637807608,
        0.006908004637807608,
        0.006908004637807608,
        0.006908004637807608,
        0.006908004637807608,
        0.006908004637807608,
        0.006908004637807608,
        0.006908004637807608,
        0.006908004637807608,
        0.006908004637807608,
        0.006908004637807608,
        0.006908004637807608,
        0.006908004637807608,
        0.006908004637807608,
        0.006907974369823933,
        0.006907999981194735,
        0.006906524300575256
    ]
}