{
    "epoch": [
        0,
        1,
        2,
        3,
        4,
        5,
        6,
        7,
        8,
        9,
        10,
        11,
        12,
        13,
        14,
        15,
        16,
        17,
        18,
        19,
        20,
        21,
        22,
        23,
        24,
        25,
        26,
        27,
        28,
        29,
        30,
        31,
        32,
        33,
        34,
        35,
        36,
        37,
        38,
        39,
        40,
        41,
        42,
        43,
        44,
        45,
        46,
        47,
        48,
        49,
        50,
        51,
        52,
        53,
        54,
        55,
        56,
        57,
        58,
        59,
        60,
        61,
        62,
        63,
        64,
        65,
        66,
        67,
        68,
        69,
        70,
        71,
        72,
        73,
        74,
        75,
        76,
        77,
        78,
        79,
        80,
        81,
        82,
        83,
        84,
        85,
        86,
        87,
        88,
        89,
        90,
        91,
        92,
        93,
        94,
        95,
        96,
        97,
        98,
        99
    ],
    "train_loss": [
        0.15432631969451904,
        0.051838651299476624,
        0.03038964606821537,
        0.02722320891916752,
        0.02024703472852707,
        0.017173053696751595,
        0.01740763522684574,
        0.016031013801693916,
        0.015843549743294716,
        0.014597388915717602,
        0.01392030157148838,
        0.012648900970816612,
        0.012535500340163708,
        0.011899746023118496,
        0.011406613513827324,
        0.01107474323362112,
        0.010848019272089005,
        0.01078304648399353,
        0.010461576282978058,
        0.010274099186062813,
        0.01051844097673893,
        0.010248224250972271,
        0.010072702541947365,
        0.009805159643292427,
        0.009670915082097054,
        0.010798604227602482,
        0.010530196130275726,
        0.01041942834854126,
        0.009774032048881054,
        0.009666209109127522,
        0.010001963935792446,
        0.009953002445399761,
        0.010014750994741917,
        0.009885301813483238,
        0.009834432043135166,
        0.010755762457847595,
        0.010675936937332153,
        0.01063326932489872,
        0.010390404611825943,
        0.010331257246434689,
        0.010502927005290985,
        0.01047445461153984,
        0.010422341525554657,
        0.010308903641998768,
        0.01026846282184124,
        0.010243399068713188,
        0.010211421176791191,
        0.010230669751763344,
        0.010230669751763344,
        0.010230669751763344,
        0.010233624838292599,
        0.01023610308766365,
        0.010258736088871956,
        0.010275902226567268,
        0.010289203375577927,
        0.01034233346581459,
        0.010333394631743431,
        0.010207126848399639,
        0.010160727426409721,
        0.010196762159466743,
        0.010199010372161865,
        0.010199010372161865,
        0.01019901130348444,
        0.010199010372161865,
        0.010199010372161865,
        0.010199010372161865,
        0.010199010372161865,
        0.010199010372161865,
        0.01019901130348444,
        0.010199010372161865,
        0.010199010372161865,
        0.010199010372161865,
        0.01019901130348444,
        0.01019901130348444,
        0.010199010372161865,
        0.010199010372161865,
        0.010199010372161865,
        0.01019901130348444,
        0.010199010372161865,
        0.01019901130348444,
        0.01019901130348444,
        0.01019901130348444,
        0.01019901130348444,
        0.010199010372161865,
        0.01019901130348444,
        0.01019901130348444,
        0.01019901130348444,
        0.010210719890892506,
        0.010249145328998566,
        0.010173598304390907,
        0.010141221806406975,
        0.010141221806406975,
        0.010179072618484497,
        0.010204631835222244,
        0.010219874791800976,
        0.010190961882472038,
        0.010190961882472038,
        0.010151778347790241,
        0.010218387469649315,
        0.010196098126471043
    ]
}