{
    "epoch": [
        0,
        1,
        2,
        3,
        4,
        5,
        6,
        7,
        8,
        9,
        10,
        11,
        12,
        13,
        14,
        15,
        16,
        17,
        18,
        19,
        20,
        21,
        22,
        23,
        24,
        25,
        26,
        27,
        28,
        29,
        30,
        31,
        32,
        33,
        34,
        35,
        36,
        37,
        38,
        39,
        40,
        41,
        42,
        43,
        44,
        45,
        46,
        47,
        48,
        49,
        50,
        51,
        52,
        53,
        54,
        55,
        56,
        57,
        58,
        59,
        60,
        61,
        62,
        63,
        64,
        65,
        66,
        67,
        68,
        69,
        70,
        71,
        72,
        73,
        74,
        75,
        76,
        77,
        78,
        79,
        80,
        81,
        82,
        83,
        84,
        85,
        86,
        87,
        88,
        89,
        90,
        91,
        92,
        93,
        94,
        95,
        96,
        97,
        98,
        99
    ],
    "train_loss": [
        0.33710023760795593,
        0.05058616027235985,
        0.017518872395157814,
        0.01646052673459053,
        0.014380257576704025,
        0.013618814758956432,
        0.011278747580945492,
        0.008740361779928207,
        0.012695735320448875,
        0.009144525974988937,
        0.009507302194833755,
        0.007655732799321413,
        0.011156028136610985,
        0.008588146418333054,
        0.01314579602330923,
        0.013023078441619873,
        0.008375857956707478,
        0.008647000417113304,
        0.008374275639653206,
        0.0075147380121052265,
        0.008000461384654045,
        0.007369476370513439,
        0.0061328052543103695,
        0.006585077848285437,
        0.007060679607093334,
        0.005773794371634722,
        0.006610912270843983,
        0.00661995867267251,
        0.006652011536061764,
        0.007137970998883247,
        0.007446733303368092,
        0.007292028050869703,
        0.007229439448565245,
        0.007206479087471962,
        0.005840460769832134,
        0.006392194423824549,
        0.006329569965600967,
        0.007202476263046265,
        0.00926029123365879,
        0.011976638808846474,
        0.010714778676629066,
        0.01158320065587759,
        0.010616661980748177,
        0.010511715896427631,
        0.010981430299580097,
        0.011109335348010063,
        0.01103852316737175,
        0.011504493653774261,
        0.011132987216114998,
        0.01109752431511879,
        0.011010692454874516,
        0.010881811380386353,
        0.01058390736579895,
        0.010345431976020336,
        0.010132471099495888,
        0.010173818096518517,
        0.010235949419438839,
        0.010049937292933464,
        0.010087438859045506,
        0.009907962754368782,
        0.009806274436414242,
        0.009212757460772991,
        0.00927634909749031,
        0.0095421327278018,
        0.009237960912287235,
        0.009284981526434422,
        0.00917106494307518,
        0.009263514541089535,
        0.009193159639835358,
        0.009017139673233032,
        0.008525103330612183,
        0.00860532559454441,
        0.008696368895471096,
        0.008736188523471355,
        0.008595838211476803,
        0.00835737120360136,
        0.008199155330657959,
        0.008327949792146683,
        0.008193429559469223,
        0.0077470289543271065,
        0.0077277617529034615,
        0.007456445600837469,
        0.007559716701507568,
        0.00711855897679925,
        0.007198415230959654,
        0.00702734524384141,
        0.00691359955817461,
        0.0070631662383675575,
        0.00675949128344655,
        0.006717344745993614,
        0.006682106293737888,
        0.006626905873417854,
        0.006463588215410709,
        0.0065645575523376465,
        0.006742139812558889,
        0.006645502522587776,
        0.006589062046259642,
        0.006745926104485989,
        0.006488719955086708,
        0.006577774882316589
    ]
}