{
    "epoch": [
        0,
        1,
        2,
        3,
        4,
        5,
        6,
        7,
        8,
        9,
        10,
        11,
        12,
        13,
        14,
        15,
        16,
        17,
        18,
        19,
        20,
        21,
        22,
        23,
        24,
        25,
        26,
        27,
        28,
        29,
        30,
        31,
        32,
        33,
        34,
        35,
        36,
        37,
        38,
        39,
        40,
        41,
        42,
        43,
        44,
        45,
        46,
        47,
        48,
        49,
        50,
        51,
        52,
        53,
        54,
        55,
        56,
        57,
        58,
        59,
        60,
        61,
        62,
        63,
        64,
        65,
        66,
        67,
        68,
        69,
        70,
        71,
        72,
        73,
        74,
        75,
        76,
        77,
        78,
        79,
        80,
        81,
        82,
        83,
        84,
        85,
        86,
        87,
        88,
        89,
        90,
        91,
        92,
        93,
        94,
        95,
        96,
        97,
        98,
        99
    ],
    "train_loss": [
        0.09502051025629044,
        0.02767299860715866,
        0.01854054257273674,
        0.015390502288937569,
        0.01565229333937168,
        0.01391251478344202,
        0.016249332576990128,
        0.018415888771414757,
        0.013028341345489025,
        0.011989970691502094,
        0.01429253350943327,
        0.011062459088861942,
        0.01025649905204773,
        0.010341200046241283,
        0.010324405506253242,
        0.009863811545073986,
        0.009858295321464539,
        0.009925526566803455,
        0.00999197456985712,
        0.009773884899914265,
        0.009564278647303581,
        0.009441925212740898,
        0.009396545588970184,
        0.009495140984654427,
        0.009675354696810246,
        0.009806410409510136,
        0.009683710522949696,
        0.009644020348787308,
        0.009684679098427296,
        0.00988356489688158,
        0.010134895332157612,
        0.010400431230664253,
        0.010891306214034557,
        0.011101718991994858,
        0.011005301028490067,
        0.01112215407192707,
        0.011705990880727768,
        0.011491317301988602,
        0.010996123775839806,
        0.010638353414833546,
        0.009972723200917244,
        0.009848830290138721,
        0.009673080407083035,
        0.009581737220287323,
        0.009614413604140282,
        0.009550630114972591,
        0.009880250319838524,
        0.009593123570084572,
        0.009371035732328892,
        0.008163800463080406,
        0.007993031293153763,
        0.007614533882588148,
        0.007384172640740871,
        0.007180635817348957,
        0.007156353909522295,
        0.0073674446903169155,
        0.007518791127949953,
        0.007127574644982815,
        0.007000922691076994,
        0.007072415668517351,
        0.006984907668083906,
        0.006736215204000473,
        0.006672820076346397,
        0.006701328791677952,
        0.006720742676407099,
        0.006853069178760052,
        0.006707018241286278,
        0.006993930321186781,
        0.007419069763273001,
        0.008305552415549755,
        0.008210381492972374,
        0.007565752137452364,
        0.007275078911334276,
        0.007017632946372032,
        0.006948687601834536,
        0.006811871193349361,
        0.006728717125952244,
        0.006634543649852276,
        0.006599292624741793,
        0.006521189119666815,
        0.006417179014533758,
        0.006401928141713142,
        0.006391465663909912,
        0.006409108638763428,
        0.006348807830363512,
        0.006457901559770107,
        0.0065305642783641815,
        0.006687638349831104,
        0.007305680774152279,
        0.007601856719702482,
        0.007310903165489435,
        0.007311685010790825,
        0.007279914803802967,
        0.007140172645449638,
        0.006851901765912771,
        0.006403847131878138,
        0.006130271591246128,
        0.006056577432900667,
        0.005884325597435236,
        0.0057825627736747265
    ]
}