{
    "epoch": [
        0,
        1,
        2,
        3,
        4,
        5,
        6,
        7,
        8,
        9,
        10,
        11,
        12,
        13,
        14,
        15,
        16,
        17,
        18,
        19,
        20,
        21,
        22,
        23,
        24,
        25,
        26,
        27,
        28,
        29,
        30,
        31,
        32,
        33,
        34,
        35,
        36,
        37,
        38,
        39,
        40,
        41,
        42,
        43,
        44,
        45,
        46,
        47,
        48,
        49,
        50,
        51,
        52,
        53,
        54,
        55,
        56,
        57,
        58,
        59,
        60,
        61,
        62,
        63,
        64,
        65,
        66,
        67,
        68,
        69,
        70,
        71,
        72,
        73,
        74,
        75,
        76,
        77,
        78,
        79,
        80,
        81,
        82,
        83,
        84,
        85,
        86,
        87,
        88,
        89,
        90,
        91,
        92,
        93,
        94,
        95,
        96,
        97,
        98,
        99
    ],
    "train_loss": [
        0.4922765791416168,
        0.25774872303009033,
        0.17964519560337067,
        0.14909031987190247,
        0.13544592261314392,
        0.13372693955898285,
        0.09889192879199982,
        0.08234681189060211,
        0.07242798805236816,
        0.05953994393348694,
        0.056410010904073715,
        0.049556080251932144,
        0.044468119740486145,
        0.04106251522898674,
        0.03786012530326843,
        0.03847670927643776,
        0.03432236239314079,
        0.031194305047392845,
        0.030524780973792076,
        0.02759205922484398,
        0.029954152181744576,
        0.029273347929120064,
        0.026244807988405228,
        0.02538694068789482,
        0.023168718442320824,
        0.02448214404284954,
        0.024578098207712173,
        0.02289142832159996,
        0.025911003351211548,
        0.024247974157333374,
        0.024669619277119637,
        0.021515922620892525,
        0.02093600668013096,
        0.01947033777832985,
        0.023058641701936722,
        0.02091672271490097,
        0.018906088545918465,
        0.018814461305737495,
        0.01749851182103157,
        0.018748199567198753,
        0.01808891072869301,
        0.01946253329515457,
        0.015332403592765331,
        0.014112869277596474,
        0.013372029177844524,
        0.01295455452054739,
        0.01260820310562849,
        0.012283963151276112,
        0.01214171014726162,
        0.011872224509716034,
        0.011837024241685867,
        0.011851638555526733,
        0.011727525852620602,
        0.011725311167538166,
        0.011721475049853325,
        0.011676162481307983,
        0.011279191821813583,
        0.010795360431075096,
        0.010671048425137997,
        0.010685093700885773,
        0.010527643375098705,
        0.010567053221166134,
        0.010497775860130787,
        0.010288516990840435,
        0.010592510923743248,
        0.010494057089090347,
        0.010668447241187096,
        0.01032342854887247,
        0.010129566304385662,
        0.010308656841516495,
        0.010387263260781765,
        0.010639999061822891,
        0.010531623847782612,
        0.010637217201292515,
        0.010864729061722755,
        0.010964827612042427,
        0.01089849229902029,
        0.010861923918128014,
        0.01082784216850996,
        0.010827843099832535,
        0.01082784216850996,
        0.01082784216850996,
        0.010827843099832535,
        0.01082784216850996,
        0.01082784216850996,
        0.01082784216850996,
        0.010848094709217548,
        0.010725727304816246,
        0.010673179291188717,
        0.010629366151988506,
        0.010491800494492054,
        0.010494960471987724,
        0.010489278472959995,
        0.01045435480773449,
        0.01037361565977335,
        0.010323463939130306,
        0.010323463939130306,
        0.010323463939130306,
        0.010323463939130306,
        0.010323477908968925
    ]
}