{
    "epoch": [
        0,
        1,
        2,
        3,
        4,
        5,
        6,
        7,
        8,
        9,
        10,
        11,
        12,
        13,
        14,
        15,
        16,
        17,
        18,
        19,
        20,
        21,
        22,
        23,
        24,
        25,
        26,
        27,
        28,
        29,
        30,
        31,
        32,
        33,
        34,
        35,
        36,
        37,
        38,
        39,
        40,
        41,
        42,
        43,
        44,
        45,
        46,
        47,
        48,
        49,
        50,
        51,
        52,
        53,
        54,
        55,
        56,
        57,
        58,
        59,
        60,
        61,
        62,
        63,
        64,
        65,
        66,
        67,
        68,
        69,
        70,
        71,
        72,
        73,
        74,
        75,
        76,
        77,
        78,
        79,
        80,
        81,
        82,
        83,
        84,
        85,
        86,
        87,
        88,
        89,
        90,
        91,
        92,
        93,
        94,
        95,
        96,
        97,
        98,
        99
    ],
    "train_loss": [
        0.02639222890138626,
        0.011272713541984558,
        0.009927027858793736,
        0.010366521775722504,
        0.009280206635594368,
        0.008701489306986332,
        0.008767561987042427,
        0.00833294726908207,
        0.007880684919655323,
        0.008253938518464565,
        0.008029830642044544,
        0.00781670305877924,
        0.008111996576189995,
        0.008105446584522724,
        0.009827511385083199,
        0.010114431381225586,
        0.012102304957807064,
        0.014231469482183456,
        0.014019523747265339,
        0.013344917446374893,
        0.009176633320748806,
        0.007404833100736141,
        0.009333343245089054,
        0.007204089313745499,
        0.008729496039450169,
        0.009122014977037907,
        0.009108040481805801,
        0.00772519875317812,
        0.007413944695144892,
        0.0067515140399336815,
        0.006810467224568129,
        0.0076234894804656506,
        0.007581299636512995,
        0.007158834021538496,
        0.0068401675671339035,
        0.007900560274720192,
        0.006826745346188545,
        0.007725057657808065,
        0.00700762402266264,
        0.007009447086602449,
        0.0070488364435732365,
        0.007031187880784273,
        0.006892725359648466,
        0.006589679047465324,
        0.00638556806370616,
        0.006385571788996458,
        0.0065272413194179535,
        0.006548227276653051,
        0.006629870738834143,
        0.006632277276366949,
        0.006632277276366949,
        0.0066291168332099915,
        0.006614715792238712,
        0.006600625347346067,
        0.006596745457500219,
        0.0065984646789729595,
        0.0066032083705067635,
        0.006612619385123253,
        0.0066541279666125774,
        0.006756440736353397,
        0.006741252262145281,
        0.006737038027495146,
        0.006735985167324543,
        0.006735697388648987,
        0.006735697388648987,
        0.006735718809068203,
        0.0067359767854213715,
        0.00674256170168519,
        0.006739865522831678,
        0.006739543750882149,
        0.006731884088367224,
        0.0067222448997199535,
        0.006714120972901583,
        0.006712665781378746,
        0.006712702568620443,
        0.006712714210152626,
        0.006712691392749548,
        0.006712691392749548,
        0.006712691392749548,
        0.006712690927088261,
        0.006712691392749548,
        0.006712691392749548,
        0.006712691392749548,
        0.006712690927088261,
        0.006712691392749548,
        0.006712691392749548,
        0.006712690927088261,
        0.006712690927088261,
        0.006712691392749548,
        0.006712691392749548,
        0.006712673231959343,
        0.006712674628943205,
        0.006712661124765873,
        0.0067056468687951565,
        0.006702066399157047,
        0.006702024023979902,
        0.006702024023979902,
        0.006702459417283535,
        0.006702147889882326,
        0.006700906902551651
    ]
}