{
    "epoch": [
        0,
        1,
        2,
        3,
        4,
        5,
        6,
        7,
        8,
        9,
        10,
        11,
        12,
        13,
        14,
        15,
        16,
        17,
        18,
        19,
        20,
        21,
        22,
        23,
        24,
        25,
        26,
        27,
        28,
        29,
        30,
        31,
        32,
        33,
        34,
        35,
        36,
        37,
        38,
        39,
        40,
        41,
        42,
        43,
        44,
        45,
        46,
        47,
        48,
        49,
        50,
        51,
        52,
        53,
        54,
        55,
        56,
        57,
        58,
        59,
        60,
        61,
        62,
        63,
        64,
        65,
        66,
        67,
        68,
        69,
        70,
        71,
        72,
        73,
        74,
        75,
        76,
        77,
        78,
        79,
        80,
        81,
        82,
        83,
        84,
        85,
        86,
        87,
        88,
        89,
        90,
        91,
        92,
        93,
        94,
        95,
        96,
        97,
        98,
        99
    ],
    "train_loss": [
        0.06375806033611298,
        0.021983060985803604,
        0.017467960715293884,
        0.012621414847671986,
        0.006093593314290047,
        0.006435512099415064,
        0.0057863350957632065,
        0.005489065311849117,
        0.00565649289637804,
        0.005592760629951954,
        0.005219298414885998,
        0.004944107960909605,
        0.004741727374494076,
        0.005041757598519325,
        0.0047071827575564384,
        0.004513635765761137,
        0.004609883297234774,
        0.005117614287883043,
        0.005342832766473293,
        0.005351172294467688,
        0.006051751784980297,
        0.006647222675383091,
        0.006913166493177414,
        0.007547267712652683,
        0.006402961909770966,
        0.005988697521388531,
        0.005504242610186338,
        0.005258938763290644,
        0.005572264548391104,
        0.005174995865672827,
        0.005408252589404583,
        0.005340938456356525,
        0.004998392425477505,
        0.004820808302611113,
        0.004432861227542162,
        0.004029241390526295,
        0.00406039971858263,
        0.0040172310546040535,
        0.003910277970135212,
        0.0038016403559595346,
        0.0038060315418988466,
        0.003811023198068142,
        0.0036918395198881626,
        0.003712872276082635,
        0.003731079865247011,
        0.003693575505167246,
        0.0035727021750062704,
        0.0036213642451912165,
        0.003539854194968939,
        0.00352256721816957,
        0.0034548675175756216,
        0.0035284387413412333,
        0.0034834810066968203,
        0.003486622590571642,
        0.0034694583155214787,
        0.0036366370040923357,
        0.003528633853420615,
        0.0034814896062016487,
        0.0036464619915932417,
        0.003775146557018161,
        0.0036350605078041553,
        0.0036869696341454983,
        0.003757102182134986,
        0.0038518391083925962,
        0.003933529835194349,
        0.003978601191192865,
        0.0038995943032205105,
        0.0038736171554774046,
        0.0038465471006929874,
        0.0038674657698720694,
        0.0038346066139638424,
        0.0037792061921209097,
        0.0037036645226180553,
        0.003650193801149726,
        0.0036104086320847273,
        0.0036152813117951155,
        0.003640366019681096,
        0.0037746962625533342,
        0.0037285974249243736,
        0.0037253298796713352,
        0.003710167482495308,
        0.0036055012606084347,
        0.003501555183902383,
        0.003405387047678232,
        0.0033773398026823997,
        0.003347079735249281,
        0.00331097561866045,
        0.00331710884347558,
        0.003311942098662257,
        0.0033194655552506447,
        0.0033187568187713623,
        0.0032951158937066793,
        0.003202700288966298,
        0.003175226040184498,
        0.0031544724479317665,
        0.0031447038054466248,
        0.0032145658042281866,
        0.003209412097930908,
        0.003036682726815343,
        0.0029471663292497396
    ]
}