{
    "epoch": [
        0,
        1,
        2,
        3,
        4,
        5,
        6,
        7,
        8,
        9,
        10,
        11,
        12,
        13,
        14,
        15,
        16,
        17,
        18,
        19,
        20,
        21,
        22,
        23,
        24,
        25,
        26,
        27,
        28,
        29,
        30,
        31,
        32,
        33,
        34,
        35,
        36,
        37,
        38,
        39,
        40,
        41,
        42,
        43,
        44,
        45,
        46,
        47,
        48,
        49,
        50,
        51,
        52,
        53,
        54,
        55,
        56,
        57,
        58,
        59,
        60,
        61,
        62,
        63,
        64,
        65,
        66,
        67,
        68,
        69,
        70,
        71,
        72,
        73,
        74,
        75,
        76,
        77,
        78,
        79,
        80,
        81,
        82,
        83,
        84,
        85,
        86,
        87,
        88,
        89,
        90,
        91,
        92,
        93,
        94,
        95,
        96,
        97,
        98,
        99
    ],
    "train_loss": [
        0.5624389052391052,
        0.29612213373184204,
        0.17727030813694,
        0.13051964342594147,
        0.10980553179979324,
        0.0908903107047081,
        0.063575878739357,
        0.049782585352659225,
        0.0390208475291729,
        0.03252474591135979,
        0.03712610900402069,
        0.03019588626921177,
        0.02699408121407032,
        0.02476027049124241,
        0.021518826484680176,
        0.027793128043413162,
        0.02135549485683441,
        0.019314173609018326,
        0.020300259813666344,
        0.019381936639547348,
        0.026863345876336098,
        0.02081860415637493,
        0.01888778805732727,
        0.017950210720300674,
        0.01894976943731308,
        0.019785892218351364,
        0.01805485226213932,
        0.0166776105761528,
        0.017640287056565285,
        0.016643308103084564,
        0.0194843802601099,
        0.01634816639125347,
        0.015889013186097145,
        0.01582031510770321,
        0.017325205728411674,
        0.01990378089249134,
        0.016787899658083916,
        0.015581231564283371,
        0.015965264290571213,
        0.015369744971394539,
        0.015898535028100014,
        0.015546722337603569,
        0.016074122861027718,
        0.015225891023874283,
        0.014749271795153618,
        0.01688550040125847,
        0.01571197807788849,
        0.01599973440170288,
        0.016608580946922302,
        0.01726328581571579,
        0.017996106296777725,
        0.01775054633617401,
        0.017959721386432648,
        0.019488850608468056,
        0.01862679049372673,
        0.018040208145976067,
        0.017425796017050743,
        0.016932586207985878,
        0.016925280913710594,
        0.017008423805236816,
        0.01652694307267666,
        0.016579264774918556,
        0.016965968534350395,
        0.016662554815411568,
        0.016311727464199066,
        0.015749212354421616,
        0.015114251524209976,
        0.015188759192824364,
        0.015645479783415794,
        0.01644122786819935,
        0.016122885048389435,
        0.0157267265021801,
        0.015947557985782623,
        0.015592734329402447,
        0.015506031922996044,
        0.015278863720595837,
        0.015412001870572567,
        0.015176283195614815,
        0.015749391168355942,
        0.015906428918242455,
        0.015758996829390526,
        0.015697458758950233,
        0.015983395278453827,
        0.01604088954627514,
        0.01655656285583973,
        0.016788100823760033,
        0.017120473086833954,
        0.017288101837038994,
        0.01671769469976425,
        0.01659310795366764,
        0.0167081281542778,
        0.016879970207810402,
        0.01672808825969696,
        0.016654474660754204,
        0.016510967165231705,
        0.017059912905097008,
        0.016900233924388885,
        0.01652517355978489,
        0.016030121594667435,
        0.015629218891263008
    ]
}