{
    "epoch": [
        0,
        1,
        2,
        3,
        4,
        5,
        6,
        7,
        8,
        9,
        10,
        11,
        12,
        13,
        14,
        15,
        16,
        17,
        18,
        19,
        20,
        21,
        22,
        23,
        24,
        25,
        26,
        27,
        28,
        29,
        30,
        31,
        32,
        33,
        34,
        35,
        36,
        37,
        38,
        39,
        40,
        41,
        42,
        43,
        44,
        45,
        46,
        47,
        48,
        49,
        50,
        51,
        52,
        53,
        54,
        55,
        56,
        57,
        58,
        59,
        60,
        61,
        62,
        63,
        64,
        65,
        66,
        67,
        68,
        69,
        70,
        71,
        72,
        73,
        74,
        75,
        76,
        77,
        78,
        79,
        80,
        81,
        82,
        83,
        84,
        85,
        86,
        87,
        88,
        89,
        90,
        91,
        92,
        93,
        94,
        95,
        96,
        97,
        98,
        99
    ],
    "train_loss": [
        0.08018019050359726,
        0.03664739429950714,
        0.025441596284508705,
        0.02206241711974144,
        0.016899587586522102,
        0.01659850776195526,
        0.013765341602265835,
        0.014020120725035667,
        0.01201441790908575,
        0.011249464936554432,
        0.011128024198114872,
        0.010750388726592064,
        0.010847385972738266,
        0.011068660765886307,
        0.011552845127880573,
        0.010838747024536133,
        0.010612567886710167,
        0.010426965542137623,
        0.010089034214615822,
        0.00979688111692667,
        0.009828266687691212,
        0.010359448380768299,
        0.010353256948292255,
        0.010070422664284706,
        0.009993499144911766,
        0.009740634821355343,
        0.009523064829409122,
        0.009546911343932152,
        0.009490481577813625,
        0.009536299854516983,
        0.009882865473628044,
        0.010042726993560791,
        0.00983423925936222,
        0.00979760754853487,
        0.010809017345309258,
        0.013046171516180038,
        0.014192524366080761,
        0.011326962150633335,
        0.009353572502732277,
        0.00920873787254095,
        0.009436076506972313,
        0.00908804964274168,
        0.00980023480951786,
        0.009647876024246216,
        0.009132509119808674,
        0.008643661625683308,
        0.008637906052172184,
        0.008436979725956917,
        0.008213398978114128,
        0.008222732692956924,
        0.007984570227563381,
        0.007983722724020481,
        0.007933399640023708,
        0.008186277002096176,
        0.007970033213496208,
        0.008260694332420826,
        0.008223590441048145,
        0.008177771233022213,
        0.008259499445557594,
        0.0081785274669528,
        0.008228394202888012,
        0.008319895714521408,
        0.008403094485402107,
        0.008487861603498459,
        0.008429956622421741,
        0.008421320468187332,
        0.008397828787565231,
        0.008359698578715324,
        0.008312332443892956,
        0.008333869278430939,
        0.008357417769730091,
        0.008387577719986439,
        0.008394284173846245,
        0.008441912941634655,
        0.008447232656180859,
        0.008420642465353012,
        0.008457046002149582,
        0.008520486764609814,
        0.008622544817626476,
        0.00865902379155159,
        0.008768646977841854,
        0.0087441336363554,
        0.00935481209307909,
        0.009589260444045067,
        0.009953906759619713,
        0.010076602920889854,
        0.010251431725919247,
        0.010264487005770206,
        0.010167112573981285,
        0.010191569104790688,
        0.010127593763172626,
        0.010238870047032833,
        0.010037998668849468,
        0.009638053365051746,
        0.009385267272591591,
        0.009159417822957039,
        0.008944990113377571,
        0.008866013027727604,
        0.00879000499844551,
        0.008758407086133957
    ]
}