{
    "epoch": [
        0,
        1,
        2,
        3,
        4,
        5,
        6,
        7,
        8,
        9,
        10,
        11,
        12,
        13,
        14,
        15,
        16,
        17,
        18,
        19,
        20,
        21,
        22,
        23,
        24,
        25,
        26,
        27,
        28,
        29,
        30,
        31,
        32,
        33,
        34,
        35,
        36,
        37,
        38,
        39,
        40,
        41,
        42,
        43,
        44,
        45,
        46,
        47,
        48,
        49,
        50,
        51,
        52,
        53,
        54,
        55,
        56,
        57,
        58,
        59,
        60,
        61,
        62,
        63,
        64,
        65,
        66,
        67,
        68,
        69,
        70,
        71,
        72,
        73,
        74,
        75,
        76,
        77,
        78,
        79,
        80,
        81,
        82,
        83,
        84,
        85,
        86,
        87,
        88,
        89,
        90,
        91,
        92,
        93,
        94,
        95,
        96,
        97,
        98,
        99
    ],
    "train_loss": [
        0.04377822205424309,
        0.025537217035889626,
        0.015579949133098125,
        0.00982382521033287,
        0.00689311558380723,
        0.007307897321879864,
        0.006606921553611755,
        0.00534371891990304,
        0.009818038903176785,
        0.006779390852898359,
        0.0065760198049247265,
        0.006001272238790989,
        0.005873782094568014,
        0.006385245826095343,
        0.006273395847529173,
        0.007018547039479017,
        0.0072494191117584705,
        0.0065698944963514805,
        0.006405658554285765,
        0.00627946900203824,
        0.006134746130555868,
        0.005910465493798256,
        0.005499695427715778,
        0.005115829408168793,
        0.00516907824203372,
        0.005113295745104551,
        0.005356717389076948,
        0.005419441964477301,
        0.005374531261622906,
        0.005328574683517218,
        0.005268513690680265,
        0.00520286476239562,
        0.005160433705896139,
        0.005160468630492687,
        0.005219887476414442,
        0.005378291476517916,
        0.005346299149096012,
        0.005423710215836763,
        0.005497234873473644,
        0.005682501010596752,
        0.005644374527037144,
        0.005524997599422932,
        0.005341831129044294,
        0.005224717315286398,
        0.004914825316518545,
        0.00466715544462204,
        0.004711776040494442,
        0.0046632857993245125,
        0.004606029484421015,
        0.004533400293439627,
        0.004523086361587048,
        0.004430759698152542,
        0.004404792562127113,
        0.004348739981651306,
        0.004277276340872049,
        0.004368814639747143,
        0.004483888391405344,
        0.004455522634088993,
        0.004508340731263161,
        0.004551521502435207,
        0.004711047280579805,
        0.004636896774172783,
        0.00468981871381402,
        0.004784894175827503,
        0.004899473395198584,
        0.004989900626242161,
        0.00501057505607605,
        0.00506421085447073,
        0.004999368917196989,
        0.004987458232790232,
        0.004809296689927578,
        0.004723233636468649,
        0.004689984489232302,
        0.004573062527924776,
        0.0044873482547700405,
        0.004383931867778301,
        0.004369135480374098,
        0.004372646100819111,
        0.004364599473774433,
        0.004339643754065037,
        0.004321212414652109,
        0.004294572398066521,
        0.0042899176478385925,
        0.0042843883857131,
        0.0042899311520159245,
        0.004296622704714537,
        0.004305967129766941,
        0.004325370769947767,
        0.004368631634861231,
        0.004411175847053528,
        0.004460614640265703,
        0.004476568661630154,
        0.004480329807847738,
        0.004513661377131939,
        0.004508507438004017,
        0.00452765729278326,
        0.0045402017422020435,
        0.004534240812063217,
        0.004521994385868311,
        0.004525038879364729
    ]
}