{
    "epoch": [
        0,
        1,
        2,
        3,
        4,
        5,
        6,
        7,
        8,
        9,
        10,
        11,
        12,
        13,
        14,
        15,
        16,
        17,
        18,
        19,
        20,
        21,
        22,
        23,
        24,
        25,
        26,
        27,
        28,
        29,
        30,
        31,
        32,
        33,
        34,
        35,
        36,
        37,
        38,
        39,
        40,
        41,
        42,
        43,
        44,
        45,
        46,
        47,
        48,
        49,
        50,
        51,
        52,
        53,
        54,
        55,
        56,
        57,
        58,
        59,
        60,
        61,
        62,
        63,
        64,
        65,
        66,
        67,
        68,
        69,
        70,
        71,
        72,
        73,
        74,
        75,
        76,
        77,
        78,
        79,
        80,
        81,
        82,
        83,
        84,
        85,
        86,
        87,
        88,
        89,
        90,
        91,
        92,
        93,
        94,
        95,
        96,
        97,
        98,
        99
    ],
    "train_loss": [
        0.08977492898702621,
        0.0229470357298851,
        0.017093580216169357,
        0.01814151555299759,
        0.013563903979957104,
        0.012132089585065842,
        0.009830906987190247,
        0.00876542367041111,
        0.007892896421253681,
        0.008507629856467247,
        0.008913911879062653,
        0.008575687184929848,
        0.008723887614905834,
        0.009356660768389702,
        0.010432480834424496,
        0.014032877050340176,
        0.014887002296745777,
        0.014835327863693237,
        0.014233453199267387,
        0.012758717872202396,
        0.011690198443830013,
        0.011428960599005222,
        0.011367874220013618,
        0.01139030884951353,
        0.010976082645356655,
        0.009555991739034653,
        0.009767038747668266,
        0.009530661627650261,
        0.010516870766878128,
        0.012795881368219852,
        0.01547264214605093,
        0.01619386114180088,
        0.016393210738897324,
        0.013628141023218632,
        0.012155682779848576,
        0.01253185048699379,
        0.012277573347091675,
        0.01272076740860939,
        0.012584333308041096,
        0.01283753290772438,
        0.013294029049575329,
        0.01325497217476368,
        0.012277414090931416,
        0.01147124171257019,
        0.011851894669234753,
        0.011729576624929905,
        0.011746751144528389,
        0.011794018559157848,
        0.011762497946619987,
        0.01185670681297779,
        0.011723238974809647,
        0.011699304915964603,
        0.011532673612236977,
        0.011363822035491467,
        0.011159402318298817,
        0.010930346325039864,
        0.010768658481538296,
        0.01071886159479618,
        0.010616502724587917,
        0.01050695963203907,
        0.010174318216741085,
        0.009915153495967388,
        0.009884643368422985,
        0.009793262928724289,
        0.009725075215101242,
        0.00960615649819374,
        0.009524867869913578,
        0.009438096545636654,
        0.009378457441926003,
        0.009260116145014763,
        0.009228290058672428,
        0.009145361371338367,
        0.009054968133568764,
        0.0090066222473979,
        0.008993403986096382,
        0.008979364298284054,
        0.008914266712963581,
        0.008888977579772472,
        0.008866620250046253,
        0.008808925747871399,
        0.008670738898217678,
        0.008565780706703663,
        0.008503269404172897,
        0.008432061411440372,
        0.008368431590497494,
        0.008293642662465572,
        0.008246366865932941,
        0.00811340007930994,
        0.008034797385334969,
        0.007941649295389652,
        0.0077525898814201355,
        0.0076585267670452595,
        0.007640160154551268,
        0.007680543232709169,
        0.0076857032254338264,
        0.007702754344791174,
        0.007727028336375952,
        0.007733299862593412,
        0.007733724545687437,
        0.007733551785349846
    ]
}