{
    "epoch": [
        0,
        1,
        2,
        3,
        4,
        5,
        6,
        7,
        8,
        9,
        10,
        11,
        12,
        13,
        14,
        15,
        16,
        17,
        18,
        19,
        20,
        21,
        22,
        23,
        24,
        25,
        26,
        27,
        28,
        29,
        30,
        31,
        32,
        33,
        34,
        35,
        36,
        37,
        38,
        39,
        40,
        41,
        42,
        43,
        44,
        45,
        46,
        47,
        48,
        49,
        50,
        51,
        52,
        53,
        54,
        55,
        56,
        57,
        58,
        59,
        60,
        61,
        62,
        63,
        64,
        65,
        66,
        67,
        68,
        69,
        70,
        71,
        72,
        73,
        74,
        75,
        76,
        77,
        78,
        79,
        80,
        81,
        82,
        83,
        84,
        85,
        86,
        87,
        88,
        89,
        90,
        91,
        92,
        93,
        94,
        95,
        96,
        97,
        98,
        99
    ],
    "train_loss": [
        0.029123973101377487,
        0.013356231153011322,
        0.013641036115586758,
        0.010716360062360764,
        0.010001365095376968,
        0.010134834796190262,
        0.010309256613254547,
        0.01031619030982256,
        0.010021739639341831,
        0.010233374312520027,
        0.010600518435239792,
        0.010203265585005283,
        0.010418911464512348,
        0.010259917005896568,
        0.010575419291853905,
        0.010162405669689178,
        0.010094047524034977,
        0.009861931204795837,
        0.009576643817126751,
        0.009657029062509537,
        0.009508829563856125,
        0.009455645456910133,
        0.00934880506247282,
        0.009538345038890839,
        0.008804834447801113,
        0.008669385686516762,
        0.008948754519224167,
        0.008888793177902699,
        0.00869606900960207,
        0.008928828872740269,
        0.009193174540996552,
        0.009324847720563412,
        0.009880748577415943,
        0.010757914744317532,
        0.01094015408307314,
        0.01098823081701994,
        0.010735354386270046,
        0.010391736403107643,
        0.009966951794922352,
        0.00978686474263668,
        0.009754888713359833,
        0.009549050591886044,
        0.00930941104888916,
        0.009132366627454758,
        0.00901101715862751,
        0.008963163942098618,
        0.00893564522266388,
        0.00903353001922369,
        0.009160068817436695,
        0.009183340705931187,
        0.009147235192358494,
        0.009202348999679089,
        0.009371770545840263,
        0.00977015309035778,
        0.009918629191815853,
        0.010796567425131798,
        0.011683007702231407,
        0.013038236647844315,
        0.015022452920675278,
        0.01885765790939331,
        0.022136451676487923,
        0.023180898278951645,
        0.023214714601635933,
        0.022534191608428955,
        0.021880868822336197,
        0.021380776539444923,
        0.01981416903436184,
        0.01772378943860531,
        0.01567009463906288,
        0.015240803360939026,
        0.01389517541974783,
        0.013547883369028568,
        0.012906113639473915,
        0.012350711971521378,
        0.011880327016115189,
        0.011520514264702797,
        0.011219668202102184,
        0.011045602150261402,
        0.010890149511396885,
        0.010783161967992783,
        0.010671677999198437,
        0.010639003477990627,
        0.010625684633851051,
        0.010602343827486038,
        0.010596204549074173,
        0.010594334453344345,
        0.010563511401414871,
        0.01054680347442627,
        0.010522047989070415,
        0.010472099296748638,
        0.010466313920915127,
        0.01033828780055046,
        0.01028005313128233,
        0.010212969034910202,
        0.010167558677494526,
        0.010151304304599762,
        0.010178681463003159,
        0.010072610341012478,
        0.009916984476149082,
        0.009723075665533543
    ]
}