{
    "epoch": [
        0,
        1,
        2,
        3,
        4,
        5,
        6,
        7,
        8,
        9,
        10,
        11,
        12,
        13,
        14,
        15,
        16,
        17,
        18,
        19,
        20,
        21,
        22,
        23,
        24,
        25,
        26,
        27,
        28,
        29,
        30,
        31,
        32,
        33,
        34,
        35,
        36,
        37,
        38,
        39,
        40,
        41,
        42,
        43,
        44,
        45,
        46,
        47,
        48,
        49,
        50,
        51,
        52,
        53,
        54,
        55,
        56,
        57,
        58,
        59,
        60,
        61,
        62,
        63,
        64,
        65,
        66,
        67,
        68,
        69,
        70,
        71,
        72,
        73,
        74,
        75,
        76,
        77,
        78,
        79,
        80,
        81,
        82,
        83,
        84,
        85,
        86,
        87,
        88,
        89,
        90,
        91,
        92,
        93,
        94,
        95,
        96,
        97,
        98,
        99
    ],
    "train_loss": [
        0.024662911891937256,
        0.011666027829051018,
        0.009544415399432182,
        0.009349100291728973,
        0.012963161803781986,
        0.013010460883378983,
        0.01220154669135809,
        0.013697924092411995,
        0.012631726451218128,
        0.009773675352334976,
        0.009160204790532589,
        0.009926863014698029,
        0.008830443024635315,
        0.008364320732653141,
        0.007744184695184231,
        0.007673630490899086,
        0.007582513615489006,
        0.007528246380388737,
        0.007530236151069403,
        0.007555700838565826,
        0.007578510325402021,
        0.007576472591608763,
        0.007578634191304445,
        0.007585963234305382,
        0.00758699793368578,
        0.007586929015815258,
        0.007567505352199078,
        0.0075382967479527,
        0.0075181531719863415,
        0.007519458886235952,
        0.007526358123868704,
        0.007500544656068087,
        0.007476122118532658,
        0.0074350652284920216,
        0.007427929434925318,
        0.0074356961995363235,
        0.00740894814953208,
        0.007345384918153286,
        0.007288311142474413,
        0.00729291420429945,
        0.007291767280548811,
        0.007287562359124422,
        0.0072793723084032536,
        0.007274598348885775,
        0.00726314028725028,
        0.0072561269626021385,
        0.007236123085021973,
        0.007174158003181219,
        0.007164492271840572,
        0.007170539349317551,
        0.007111650891602039,
        0.006972707808017731,
        0.006959817837923765,
        0.00697290850803256,
        0.0068101342767477036,
        0.006601692643016577,
        0.006543528754264116,
        0.006604074500501156,
        0.006631412543356419,
        0.006593058817088604,
        0.006550820078700781,
        0.006492015905678272,
        0.006493797060102224,
        0.006476093549281359,
        0.006420094519853592,
        0.006405011750757694,
        0.006334763951599598,
        0.006264589261263609,
        0.006154986098408699,
        0.006043358705937862,
        0.00587641354650259,
        0.0059351688250899315,
        0.005954597610980272,
        0.005924523808062077,
        0.006006672512739897,
        0.005986261647194624,
        0.005864202510565519,
        0.005691293627023697,
        0.005654124077409506,
        0.005636632442474365,
        0.005543440114706755,
        0.005513833370059729,
        0.005496993660926819,
        0.005472133401781321,
        0.0054367962293326855,
        0.0054344418458640575,
        0.005442086141556501,
        0.005448848009109497,
        0.005448848009109497,
        0.0054488470777869225,
        0.005446802359074354,
        0.005441355053335428,
        0.005438655149191618,
        0.005439500790089369,
        0.005440140143036842,
        0.005442981142550707,
        0.005441834218800068,
        0.005441456101834774,
        0.005441318731755018,
        0.005441321060061455
    ]
}