{
    "epoch": [
        0,
        1,
        2,
        3,
        4,
        5,
        6,
        7,
        8,
        9,
        10,
        11,
        12,
        13,
        14,
        15,
        16,
        17,
        18,
        19,
        20,
        21,
        22,
        23,
        24,
        25,
        26,
        27,
        28,
        29,
        30,
        31,
        32,
        33,
        34,
        35,
        36,
        37,
        38,
        39,
        40,
        41,
        42,
        43,
        44,
        45,
        46,
        47,
        48,
        49,
        50,
        51,
        52,
        53,
        54,
        55,
        56,
        57,
        58,
        59,
        60,
        61,
        62,
        63,
        64,
        65,
        66,
        67,
        68,
        69,
        70,
        71,
        72,
        73,
        74,
        75,
        76,
        77,
        78,
        79,
        80,
        81,
        82,
        83,
        84,
        85,
        86,
        87,
        88,
        89,
        90,
        91,
        92,
        93,
        94,
        95,
        96,
        97,
        98,
        99
    ],
    "train_loss": [
        0.21097873151302338,
        0.12221638858318329,
        0.09180304408073425,
        0.07320254296064377,
        0.06289061903953552,
        0.07831482589244843,
        0.06437499821186066,
        0.05594176799058914,
        0.04804268479347229,
        0.04398462548851967,
        0.046897899359464645,
        0.04233307018876076,
        0.03966403380036354,
        0.03904518112540245,
        0.03681312873959541,
        0.036848921328783035,
        0.03400154039263725,
        0.03227045759558678,
        0.03191312775015831,
        0.03309204429388046,
        0.032850753515958786,
        0.030460454523563385,
        0.02963021956384182,
        0.028240881860256195,
        0.02746456302702427,
        0.026928571984171867,
        0.025955500081181526,
        0.02500905841588974,
        0.024551432579755783,
        0.024466626346111298,
        0.024202900007367134,
        0.023546794429421425,
        0.022889234125614166,
        0.02278572879731655,
        0.022414393723011017,
        0.022166287526488304,
        0.021947259083390236,
        0.021160779520869255,
        0.020553790032863617,
        0.020343681797385216,
        0.02116985060274601,
        0.020692456513643265,
        0.02043861523270607,
        0.021191611886024475,
        0.020587973296642303,
        0.02080981247127056,
        0.020561710000038147,
        0.020103955641388893,
        0.02038460038602352,
        0.0192264337092638,
        0.019460657611489296,
        0.020744090899825096,
        0.02052399143576622,
        0.02061554230749607,
        0.02076597884297371,
        0.019978173077106476,
        0.020129570737481117,
        0.01971595734357834,
        0.01949394680559635,
        0.019874881953001022,
        0.020474961027503014,
        0.02089490368962288,
        0.021027946844697,
        0.020917320623993874,
        0.020642433315515518,
        0.020167367532849312,
        0.020544590428471565,
        0.020550234243273735,
        0.020107250660657883,
        0.020152978599071503,
        0.019721966236829758,
        0.020495880395174026,
        0.02016526274383068,
        0.020128456875681877,
        0.019913535565137863,
        0.02004741132259369,
        0.02014004997909069,
        0.01980123296380043,
        0.019432049244642258,
        0.019296742975711823,
        0.019132422283291817,
        0.01912674494087696,
        0.01900334469974041,
        0.018984580412507057,
        0.018873494118452072,
        0.01884366385638714,
        0.0190176609903574,
        0.018992261961102486,
        0.019030693918466568,
        0.018918002024292946,
        0.018949367105960846,
        0.01901821605861187,
        0.01902848482131958,
        0.018950605764985085,
        0.018772484734654427,
        0.01876079849898815,
        0.018649451434612274,
        0.018577642738819122,
        0.018532942980527878,
        0.018479816615581512
    ]
}