{
    "epoch": [
        0,
        1,
        2,
        3,
        4,
        5,
        6,
        7,
        8,
        9,
        10,
        11,
        12,
        13,
        14,
        15,
        16,
        17,
        18,
        19,
        20,
        21,
        22,
        23,
        24,
        25,
        26,
        27,
        28,
        29,
        30,
        31,
        32,
        33,
        34,
        35,
        36,
        37,
        38,
        39,
        40,
        41,
        42,
        43,
        44,
        45,
        46,
        47,
        48,
        49,
        50,
        51,
        52,
        53,
        54,
        55,
        56,
        57,
        58,
        59,
        60,
        61,
        62,
        63,
        64,
        65,
        66,
        67,
        68,
        69,
        70,
        71,
        72,
        73,
        74,
        75,
        76,
        77,
        78,
        79,
        80,
        81,
        82,
        83,
        84,
        85,
        86,
        87,
        88,
        89,
        90,
        91,
        92,
        93,
        94,
        95,
        96,
        97,
        98,
        99
    ],
    "train_loss": [
        0.46617963910102844,
        0.28528985381126404,
        0.20290641486644745,
        0.12589924037456512,
        0.09490162879228592,
        0.043373316526412964,
        0.025417707860469818,
        0.018671005964279175,
        0.017384713515639305,
        0.017292145639657974,
        0.016518449410796165,
        0.015620579943060875,
        0.01553057786077261,
        0.015529748052358627,
        0.016579074785113335,
        0.019600648432970047,
        0.017996972426772118,
        0.01696372590959072,
        0.016085157170891762,
        0.016386913135647774,
        0.018755951896309853,
        0.01674431376159191,
        0.01626453548669815,
        0.01628781110048294,
        0.01751110516488552,
        0.018337812274694443,
        0.01832391880452633,
        0.018613403663039207,
        0.01818409189581871,
        0.01705642230808735,
        0.017606275156140327,
        0.015746407210826874,
        0.013170958496630192,
        0.012221400626003742,
        0.012497987598180771,
        0.014233286492526531,
        0.011907064355909824,
        0.012118418700993061,
        0.012076586484909058,
        0.01182841882109642,
        0.016168976202607155,
        0.012225965969264507,
        0.010628052987158298,
        0.010156082920730114,
        0.009610800072550774,
        0.011758442968130112,
        0.010318709537386894,
        0.010104228742420673,
        0.010074635036289692,
        0.011977613903582096,
        0.015525462105870247,
        0.015205916948616505,
        0.014576596207916737,
        0.013267161324620247,
        0.014009609818458557,
        0.013554631732404232,
        0.012493402697145939,
        0.011999964714050293,
        0.012967737391591072,
        0.014447826892137527,
        0.015535092912614346,
        0.01503172516822815,
        0.015664024278521538,
        0.014973857440054417,
        0.01400826871395111,
        0.014806373044848442,
        0.014420537278056145,
        0.013485251925885677,
        0.015492696315050125,
        0.016950039193034172,
        0.015455427579581738,
        0.015265610069036484,
        0.015343072824180126,
        0.01506076380610466,
        0.016854066401720047,
        0.017588261514902115,
        0.01785476692020893,
        0.01785167306661606,
        0.01699124276638031,
        0.01631622202694416,
        0.014632908627390862,
        0.013647646643221378,
        0.012828369624912739,
        0.012691890820860863,
        0.012473199516534805,
        0.01272668968886137,
        0.012332634069025517,
        0.011953563429415226,
        0.011483545415103436,
        0.011086240410804749,
        0.010752917267382145,
        0.010481528006494045,
        0.009965904988348484,
        0.009668285958468914,
        0.009413732215762138,
        0.009339059703052044,
        0.00862537045031786,
        0.008865800686180592,
        0.008679293096065521,
        0.008307985961437225
    ]
}