{
    "epoch": [
        0,
        1,
        2,
        3,
        4,
        5,
        6,
        7,
        8,
        9,
        10,
        11,
        12,
        13,
        14,
        15,
        16,
        17,
        18,
        19,
        20,
        21,
        22,
        23,
        24,
        25,
        26,
        27,
        28,
        29,
        30,
        31,
        32,
        33,
        34,
        35,
        36,
        37,
        38,
        39,
        40,
        41,
        42,
        43,
        44,
        45,
        46,
        47,
        48,
        49,
        50,
        51,
        52,
        53,
        54,
        55,
        56,
        57,
        58,
        59,
        60,
        61,
        62,
        63,
        64,
        65,
        66,
        67,
        68,
        69,
        70,
        71,
        72,
        73,
        74,
        75,
        76,
        77,
        78,
        79,
        80,
        81,
        82,
        83,
        84,
        85,
        86,
        87,
        88,
        89,
        90,
        91,
        92,
        93,
        94,
        95,
        96,
        97,
        98,
        99
    ],
    "train_loss": [
        0.25408419966697693,
        0.17727409303188324,
        0.15275678038597107,
        0.1366577446460724,
        0.12588994204998016,
        0.11471373587846756,
        0.09342627227306366,
        0.07768091559410095,
        0.06876079738140106,
        0.06147615239024162,
        0.05718958005309105,
        0.05056403949856758,
        0.04760295897722244,
        0.0475664958357811,
        0.04441295191645622,
        0.047162290662527084,
        0.0433182530105114,
        0.041129112243652344,
        0.038730330765247345,
        0.03845462203025818,
        0.039664674550294876,
        0.03745853528380394,
        0.0371561273932457,
        0.03469254449009895,
        0.033209219574928284,
        0.0372917577624321,
        0.03437533229589462,
        0.03351404517889023,
        0.03348444402217865,
        0.032528817653656006,
        0.03176850453019142,
        0.03060436062514782,
        0.02957112342119217,
        0.0297020822763443,
        0.02959788590669632,
        0.02965102344751358,
        0.028956115245819092,
        0.028703909367322922,
        0.027597924694418907,
        0.027220072224736214,
        0.027810368686914444,
        0.026536986231803894,
        0.024881912395358086,
        0.023788589984178543,
        0.023631785064935684,
        0.02370234578847885,
        0.023004665970802307,
        0.022800669074058533,
        0.022736992686986923,
        0.022338232025504112,
        0.02210140973329544,
        0.02222924493253231,
        0.022023115307092667,
        0.022211158648133278,
        0.02255016379058361,
        0.02269887365400791,
        0.02311749942600727,
        0.023136846721172333,
        0.023059790953993797,
        0.023273853585124016,
        0.0228855162858963,
        0.022376999258995056,
        0.02226913534104824,
        0.022177914157509804,
        0.022001110017299652,
        0.021857429295778275,
        0.021849127486348152,
        0.022046348080039024,
        0.022030502557754517,
        0.022242413833737373,
        0.022265074774622917,
        0.022572273388504982,
        0.0225563645362854,
        0.022467615082859993,
        0.02262502908706665,
        0.02232525311410427,
        0.022654026746749878,
        0.02335924468934536,
        0.023830970749258995,
        0.0248798169195652,
        0.02473696880042553,
        0.0252212006598711,
        0.02523365244269371,
        0.025189347565174103,
        0.025134900584816933,
        0.024895863607525826,
        0.024647558107972145,
        0.024711724370718002,
        0.024948252364993095,
        0.02509988285601139,
        0.025407131761312485,
        0.025944428518414497,
        0.02702891081571579,
        0.026693101972341537,
        0.026519132778048515,
        0.02644968591630459,
        0.027120590209960938,
        0.026873687282204628,
        0.026636913418769836,
        0.026649734005331993
    ]
}