{
    "epoch": [
        0,
        1,
        2,
        3,
        4,
        5,
        6,
        7,
        8,
        9,
        10,
        11,
        12,
        13,
        14,
        15,
        16,
        17,
        18,
        19,
        20,
        21,
        22,
        23,
        24,
        25,
        26,
        27,
        28,
        29,
        30,
        31,
        32,
        33,
        34,
        35,
        36,
        37,
        38,
        39,
        40,
        41,
        42,
        43,
        44,
        45,
        46,
        47,
        48,
        49,
        50,
        51,
        52,
        53,
        54,
        55,
        56,
        57,
        58,
        59,
        60,
        61,
        62,
        63,
        64,
        65,
        66,
        67,
        68,
        69,
        70,
        71,
        72,
        73,
        74,
        75,
        76,
        77,
        78,
        79,
        80,
        81,
        82,
        83,
        84,
        85,
        86,
        87,
        88,
        89,
        90,
        91,
        92,
        93,
        94,
        95,
        96,
        97,
        98,
        99
    ],
    "train_loss": [
        0.5054777264595032,
        0.3548985719680786,
        0.2903890311717987,
        0.25209841132164,
        0.22727695107460022,
        0.2425452619791031,
        0.16755399107933044,
        0.12671679258346558,
        0.10048255324363708,
        0.0763651579618454,
        0.08578123152256012,
        0.06571819633245468,
        0.05508775636553764,
        0.049572743475437164,
        0.04508288577198982,
        0.04785541072487831,
        0.04231980815529823,
        0.03937583416700363,
        0.03711763769388199,
        0.03526873514056206,
        0.03581259399652481,
        0.03453521057963371,
        0.03252488002181053,
        0.03131670132279396,
        0.030989602208137512,
        0.032333776354789734,
        0.030748549848794937,
        0.029272468760609627,
        0.028937427327036858,
        0.02825411781668663,
        0.02980273962020874,
        0.028301090002059937,
        0.027969015762209892,
        0.026861069723963737,
        0.026985129341483116,
        0.028119780123233795,
        0.026541680097579956,
        0.02604503370821476,
        0.025114258751273155,
        0.02567237801849842,
        0.027098175138235092,
        0.024655142799019814,
        0.023364145308732986,
        0.023483844473958015,
        0.02293199859559536,
        0.023859845474362373,
        0.022134605795145035,
        0.02163085713982582,
        0.0214206762611866,
        0.02238813415169716,
        0.021868636831641197,
        0.02124766819179058,
        0.02122735232114792,
        0.02164400741457939,
        0.020776474848389626,
        0.020957954227924347,
        0.020966986194252968,
        0.020860685035586357,
        0.021438932046294212,
        0.02144305780529976,
        0.021461063995957375,
        0.021372538059949875,
        0.021318836137652397,
        0.02140728570520878,
        0.02109616994857788,
        0.0206995140761137,
        0.02082059159874916,
        0.020469604060053825,
        0.020046256482601166,
        0.019914660602808,
        0.019632987678050995,
        0.019382093101739883,
        0.019320959225296974,
        0.019091753289103508,
        0.01933927647769451,
        0.019215675070881844,
        0.01914914697408676,
        0.018920358270406723,
        0.019294606521725655,
        0.020165717229247093,
        0.02033562771975994,
        0.020740928128361702,
        0.021085716784000397,
        0.021434269845485687,
        0.02135656028985977,
        0.021402709186077118,
        0.021578246727585793,
        0.02127346768975258,
        0.021016115322709084,
        0.020669875666499138,
        0.02049436792731285,
        0.020437205210328102,
        0.02019733190536499,
        0.01978996954858303,
        0.019432149827480316,
        0.019298674538731575,
        0.019189683720469475,
        0.019352655857801437,
        0.019424285739660263,
        0.01953992061316967
    ]
}