{
    "epoch": [
        0,
        1,
        2,
        3,
        4,
        5,
        6,
        7,
        8,
        9,
        10,
        11,
        12,
        13,
        14,
        15,
        16,
        17,
        18,
        19,
        20,
        21,
        22,
        23,
        24,
        25,
        26,
        27,
        28,
        29,
        30,
        31,
        32,
        33,
        34,
        35,
        36,
        37,
        38,
        39,
        40,
        41,
        42,
        43,
        44,
        45,
        46,
        47,
        48,
        49,
        50,
        51,
        52,
        53,
        54,
        55,
        56,
        57,
        58,
        59,
        60,
        61,
        62,
        63,
        64,
        65,
        66,
        67,
        68,
        69,
        70,
        71,
        72,
        73,
        74,
        75,
        76,
        77,
        78,
        79,
        80,
        81,
        82,
        83,
        84,
        85,
        86,
        87,
        88,
        89,
        90,
        91,
        92,
        93,
        94,
        95,
        96,
        97,
        98,
        99
    ],
    "train_loss": [
        0.36586514115333557,
        0.1893044412136078,
        0.1256001591682434,
        0.09946651011705399,
        0.07734682410955429,
        0.06244102865457535,
        0.05336454510688782,
        0.04055364802479744,
        0.0335824117064476,
        0.033579837530851364,
        0.0328783318400383,
        0.02876625768840313,
        0.026075536385178566,
        0.025791538879275322,
        0.02528190053999424,
        0.022960398346185684,
        0.024832341820001602,
        0.023062368854880333,
        0.022669246420264244,
        0.021145815029740334,
        0.019216246902942657,
        0.01788974739611149,
        0.01830649934709072,
        0.02275538630783558,
        0.021517908200621605,
        0.020400838926434517,
        0.020880909636616707,
        0.022917645052075386,
        0.022136356681585312,
        0.01946701854467392,
        0.01864423230290413,
        0.019601110368967056,
        0.01946345530450344,
        0.018789241090416908,
        0.0191012155264616,
        0.019182179123163223,
        0.019549259915947914,
        0.017781313508749008,
        0.01705964468419552,
        0.017028767615556717,
        0.01680358685553074,
        0.016686726361513138,
        0.015566845424473286,
        0.014244882389903069,
        0.013739155605435371,
        0.013562694191932678,
        0.012742570601403713,
        0.011991288512945175,
        0.011642979457974434,
        0.010815246030688286,
        0.010958338156342506,
        0.010508895851671696,
        0.009672237560153008,
        0.009511079639196396,
        0.008951175957918167,
        0.008750650100409985,
        0.008686061017215252,
        0.0083865812048316,
        0.008204792626202106,
        0.007916700094938278,
        0.007553803734481335,
        0.007624864112585783,
        0.007019510492682457,
        0.007189316209405661,
        0.007648585829883814,
        0.007451034616678953,
        0.006903407629579306,
        0.006995377130806446,
        0.006716314237564802,
        0.00714631425216794,
        0.00695204408839345,
        0.0074204639531672,
        0.006903958041220903,
        0.007016034796833992,
        0.0068737524561584,
        0.006767612416297197,
        0.006583194714039564,
        0.006672967225313187,
        0.006584271788597107,
        0.006486631464213133,
        0.006511916872113943,
        0.0064353421330451965,
        0.0064272647723555565,
        0.006247991230338812,
        0.006268883589655161,
        0.006229063495993614,
        0.006175455171614885,
        0.0061533572152256966,
        0.006111126393079758,
        0.006151470821350813,
        0.006140973884612322,
        0.006140930578112602,
        0.006152682937681675,
        0.006194011773914099,
        0.006242168135941029,
        0.006230616942048073,
        0.006338260602205992,
        0.006441353354603052,
        0.006364820525050163,
        0.0064061167649924755
    ]
}