{
    "epoch": [
        0,
        1,
        2,
        3,
        4,
        5,
        6,
        7,
        8,
        9,
        10,
        11,
        12,
        13,
        14,
        15,
        16,
        17,
        18,
        19,
        20,
        21,
        22,
        23,
        24,
        25,
        26,
        27,
        28,
        29,
        30,
        31,
        32,
        33,
        34,
        35,
        36,
        37,
        38,
        39,
        40,
        41,
        42,
        43,
        44,
        45,
        46,
        47,
        48,
        49,
        50,
        51,
        52,
        53,
        54,
        55,
        56,
        57,
        58,
        59,
        60,
        61,
        62,
        63,
        64,
        65,
        66,
        67,
        68,
        69,
        70,
        71,
        72,
        73,
        74,
        75,
        76,
        77,
        78,
        79,
        80,
        81,
        82,
        83,
        84,
        85,
        86,
        87,
        88,
        89,
        90,
        91,
        92,
        93,
        94,
        95,
        96,
        97,
        98,
        99
    ],
    "train_loss": [
        0.026371924206614494,
        0.014036908745765686,
        0.009008100256323814,
        0.008831352926790714,
        0.010912040248513222,
        0.0064264326356351376,
        0.006108940113335848,
        0.008113990537822247,
        0.0091903330758214,
        0.010938665829598904,
        0.010542476549744606,
        0.010671580210328102,
        0.010818549431860447,
        0.010808723047375679,
        0.01103417482227087,
        0.011095196008682251,
        0.011071223765611649,
        0.010755724273622036,
        0.010292000137269497,
        0.009907856583595276,
        0.009366609156131744,
        0.009039519354701042,
        0.008410417474806309,
        0.007900772616267204,
        0.007603462785482407,
        0.007423067465424538,
        0.007133691105991602,
        0.006571091245859861,
        0.00594987953081727,
        0.005322594661265612,
        0.0050234305672347546,
        0.004632864147424698,
        0.004333456512540579,
        0.0041217985562980175,
        0.00398134533315897,
        0.003915108740329742,
        0.003886515274643898,
        0.0038314885459840298,
        0.003790339920669794,
        0.003646567929536104,
        0.0034827927593141794,
        0.003164652967825532,
        0.0028639615047723055,
        0.0026046440470963717,
        0.0024539383593946695,
        0.002247069263830781,
        0.0021451769862324,
        0.0019933832809329033,
        0.0017687189392745495,
        0.0017219220753759146,
        0.0016764604952186346,
        0.0016550959553569555,
        0.0015959639567881823,
        0.0016027184901759028,
        0.0016061129281297326,
        0.0016076311003416777,
        0.0016275381203740835,
        0.0016098935157060623,
        0.0016105001559481025,
        0.0016042490024119616,
        0.0015748701989650726,
        0.0015168968820944428,
        0.0014805682003498077,
        0.0015074359253048897,
        0.0015332376351580024,
        0.001527928514406085,
        0.0014921968104317784,
        0.0014845854602754116,
        0.00147464859765023,
        0.0014691498363390565,
        0.0014753408031538129,
        0.0014758140314370394,
        0.0014836540212854743,
        0.0014890664024278522,
        0.0015038673300296068,
        0.0015170990955084562,
        0.0015251431614160538,
        0.0015168441459536552,
        0.0015083091566339135,
        0.0015002066502347589,
        0.0014909462770447135,
        0.0014857801143079996,
        0.001481776125729084,
        0.0014883298426866531,
        0.001485476503148675,
        0.0015088621294125915,
        0.0015462145674973726,
        0.0015705167315900326,
        0.0015913472743704915,
        0.0015895090764388442,
        0.0016054015140980482,
        0.0016268608160316944,
        0.0016512204892933369,
        0.0016754167154431343,
        0.00170838029589504,
        0.0017667782958596945,
        0.0017892299219965935,
        0.0017975723603740335,
        0.0018057330744341016,
        0.0018193429568782449
    ]
}