{
    "epoch": [
        0,
        1,
        2,
        3,
        4,
        5,
        6,
        7,
        8,
        9,
        10,
        11,
        12,
        13,
        14,
        15,
        16,
        17,
        18,
        19,
        20,
        21,
        22,
        23,
        24,
        25,
        26,
        27,
        28,
        29,
        30,
        31,
        32,
        33,
        34,
        35,
        36,
        37,
        38,
        39,
        40,
        41,
        42,
        43,
        44,
        45,
        46,
        47,
        48,
        49,
        50,
        51,
        52,
        53,
        54,
        55,
        56,
        57,
        58,
        59,
        60,
        61,
        62,
        63,
        64,
        65,
        66,
        67,
        68,
        69,
        70,
        71,
        72,
        73,
        74,
        75,
        76,
        77,
        78,
        79,
        80,
        81,
        82,
        83,
        84,
        85,
        86,
        87,
        88,
        89,
        90,
        91,
        92,
        93,
        94,
        95,
        96,
        97,
        98,
        99
    ],
    "train_loss": [
        0.03833760321140289,
        0.013596853241324425,
        0.008719079196453094,
        0.0073643154464662075,
        0.007144723553210497,
        0.006406307220458984,
        0.006483924109488726,
        0.005854809656739235,
        0.005362297873944044,
        0.005349082872271538,
        0.004800504073500633,
        0.004798027686774731,
        0.004848511423915625,
        0.004895910620689392,
        0.004745250567793846,
        0.004263715818524361,
        0.0042035854421556,
        0.0039711822755634785,
        0.0040291850455105305,
        0.004032286815345287,
        0.003926844801753759,
        0.003793517593294382,
        0.003667932003736496,
        0.00368936057202518,
        0.0036270117852836847,
        0.00364230340346694,
        0.003683817805722356,
        0.0036507754120975733,
        0.0036211167462170124,
        0.003671336453408003,
        0.003662487957626581,
        0.003641897812485695,
        0.004132438451051712,
        0.004778989590704441,
        0.004705166909843683,
        0.0056809186935424805,
        0.005177192855626345,
        0.005415153224021196,
        0.005117321852594614,
        0.004514370579272509,
        0.004162268713116646,
        0.004108097404241562,
        0.004095417447388172,
        0.004133924376219511,
        0.004228420089930296,
        0.004205598030239344,
        0.00422317860648036,
        0.004191019106656313,
        0.004155691713094711,
        0.004108322784304619,
        0.004150142893195152,
        0.004177555441856384,
        0.0042140549048781395,
        0.004211649764329195,
        0.004361113999038935,
        0.0044202255085110664,
        0.005024157930165529,
        0.006034455262124538,
        0.0064520686864852905,
        0.006869060918688774,
        0.0071737151592969894,
        0.007538569159805775,
        0.007491354830563068,
        0.007707700598984957,
        0.0071541378274559975,
        0.006725880317389965,
        0.006321618799120188,
        0.006247649434953928,
        0.0060604652389883995,
        0.005947411991655827,
        0.005822897423058748,
        0.0058255684562027454,
        0.005934099666774273,
        0.0062045082449913025,
        0.006433847825974226,
        0.006382072810083628,
        0.006402675993740559,
        0.0064458539709448814,
        0.006621921434998512,
        0.006642955355346203,
        0.006816207431256771,
        0.006791579537093639,
        0.006791293155401945,
        0.006868837401270866,
        0.006922042928636074,
        0.007019679062068462,
        0.007175577338784933,
        0.008193999528884888,
        0.009330819360911846,
        0.010507660917937756,
        0.010781003162264824,
        0.012162383645772934,
        0.014701667241752148,
        0.017522064968943596,
        0.017695408314466476,
        0.017402105033397675,
        0.016938116401433945,
        0.01632101833820343,
        0.015945855528116226,
        0.01564072072505951
    ]
}