{
    "epoch": [
        0,
        1,
        2,
        3,
        4,
        5,
        6,
        7,
        8,
        9,
        10,
        11,
        12,
        13,
        14,
        15,
        16,
        17,
        18,
        19,
        20,
        21,
        22,
        23,
        24,
        25,
        26,
        27,
        28,
        29,
        30,
        31,
        32,
        33,
        34,
        35,
        36,
        37,
        38,
        39,
        40,
        41,
        42,
        43,
        44,
        45,
        46,
        47,
        48,
        49,
        50,
        51,
        52,
        53,
        54,
        55,
        56,
        57,
        58,
        59,
        60,
        61,
        62,
        63,
        64,
        65,
        66,
        67,
        68,
        69,
        70,
        71,
        72,
        73,
        74,
        75,
        76,
        77,
        78,
        79,
        80,
        81,
        82,
        83,
        84,
        85,
        86,
        87,
        88,
        89,
        90,
        91,
        92,
        93,
        94,
        95,
        96,
        97,
        98,
        99
    ],
    "train_loss": [
        0.027959782630205154,
        0.010712266899645329,
        0.011547908186912537,
        0.009853661060333252,
        0.011168449185788631,
        0.009968332014977932,
        0.007775218691676855,
        0.007538711652159691,
        0.006681711878627539,
        0.006634058430790901,
        0.006651856005191803,
        0.0064060320146381855,
        0.006493737455457449,
        0.006259777117520571,
        0.0061073279939591885,
        0.006028739735484123,
        0.00600684667006135,
        0.005880939774215221,
        0.005726258736103773,
        0.0055289482697844505,
        0.0053690955974161625,
        0.005454560741782188,
        0.005154217127710581,
        0.00499683665111661,
        0.004761389456689358,
        0.004625802859663963,
        0.004628111142665148,
        0.005129844881594181,
        0.006386220920830965,
        0.008788873441517353,
        0.007607694249600172,
        0.008611547760665417,
        0.008537332527339458,
        0.008391945622861385,
        0.008780812844634056,
        0.00820042472332716,
        0.008208971470594406,
        0.008046801201999187,
        0.007989462465047836,
        0.007363311946392059,
        0.00741605693474412,
        0.007084451150149107,
        0.006966575514525175,
        0.006759626790881157,
        0.006710596848279238,
        0.006604088470339775,
        0.007015324663370848,
        0.0070966859348118305,
        0.007054334506392479,
        0.006921134423464537,
        0.006616535130888224,
        0.0066155558452010155,
        0.006541823968291283,
        0.00629664771258831,
        0.00634422991424799,
        0.006219319999217987,
        0.006158821750432253,
        0.0060704369097948074,
        0.0059458366595208645,
        0.0062405699864029884,
        0.007065603509545326,
        0.009896217845380306,
        0.009762169793248177,
        0.009227176196873188,
        0.008385181427001953,
        0.008168557658791542,
        0.00781254656612873,
        0.007650341372936964,
        0.0075223916210234165,
        0.007336139213293791,
        0.007336963899433613,
        0.006965838838368654,
        0.006539150141179562,
        0.006187801249325275,
        0.005879345815628767,
        0.006131269969046116,
        0.006169144995510578,
        0.006360695697367191,
        0.006265485659241676,
        0.0061052106320858,
        0.006005026400089264,
        0.006064289249479771,
        0.006210868246853352,
        0.0062717231921851635,
        0.006413958501070738,
        0.0065335677936673164,
        0.006415943615138531,
        0.006331883370876312,
        0.006075523793697357,
        0.005756476428359747,
        0.005708459299057722,
        0.005642756819725037,
        0.00557990837842226,
        0.005527589935809374,
        0.005515875294804573,
        0.005616690497845411,
        0.005495400633662939,
        0.005593078210949898,
        0.005529038608074188,
        0.005513541866093874
    ]
}