{
    "epoch": [
        0,
        1,
        2,
        3,
        4,
        5,
        6,
        7,
        8,
        9,
        10,
        11,
        12,
        13,
        14,
        15,
        16,
        17,
        18,
        19,
        20,
        21,
        22,
        23,
        24,
        25,
        26,
        27,
        28,
        29,
        30,
        31,
        32,
        33,
        34,
        35,
        36,
        37,
        38,
        39,
        40,
        41,
        42,
        43,
        44,
        45,
        46,
        47,
        48,
        49,
        50,
        51,
        52,
        53,
        54,
        55,
        56,
        57,
        58,
        59,
        60,
        61,
        62,
        63,
        64,
        65,
        66,
        67,
        68,
        69,
        70,
        71,
        72,
        73,
        74,
        75,
        76,
        77,
        78,
        79,
        80,
        81,
        82,
        83,
        84,
        85,
        86,
        87,
        88,
        89,
        90,
        91,
        92,
        93,
        94,
        95,
        96,
        97,
        98,
        99
    ],
    "train_loss": [
        0.026931460946798325,
        0.010623317211866379,
        0.011440984904766083,
        0.010733525268733501,
        0.009947826154530048,
        0.010034848004579544,
        0.010054968297481537,
        0.010029650293290615,
        0.010016163811087608,
        0.009924604557454586,
        0.009629437699913979,
        0.009417850524187088,
        0.00919352937489748,
        0.00893234834074974,
        0.009139137342572212,
        0.009116632863879204,
        0.009123911149799824,
        0.00885306391865015,
        0.008792143315076828,
        0.008810772560536861,
        0.008890361525118351,
        0.008892746642231941,
        0.008844660595059395,
        0.008866308256983757,
        0.008880837820470333,
        0.00886524561792612,
        0.008940082043409348,
        0.00899134948849678,
        0.008863398805260658,
        0.008573847822844982,
        0.008453849703073502,
        0.008433002978563309,
        0.008423002436757088,
        0.008422869257628918,
        0.008406812325119972,
        0.008392889983952045,
        0.008383584208786488,
        0.008383780717849731,
        0.00838504359126091,
        0.008380502462387085,
        0.008368403650820255,
        0.008351446129381657,
        0.008329902775585651,
        0.008310510776937008,
        0.008299778215587139,
        0.008298694156110287,
        0.008297131396830082,
        0.008297097869217396,
        0.008289476856589317,
        0.008289773017168045,
        0.008288324810564518,
        0.008283219300210476,
        0.008257197216153145,
        0.008254226297140121,
        0.008261598646640778,
        0.008273628540337086,
        0.008271672762930393,
        0.008228347636759281,
        0.008212107233703136,
        0.008174821734428406,
        0.008181885816156864,
        0.008197891525924206,
        0.008191825821995735,
        0.00813819095492363,
        0.008093241602182388,
        0.00802141148597002,
        0.007914138957858086,
        0.007819591090083122,
        0.007835390977561474,
        0.007876735180616379,
        0.008009592071175575,
        0.00805071834474802,
        0.007970455102622509,
        0.007904615253210068,
        0.008025577291846275,
        0.008090566843748093,
        0.008385743945837021,
        0.008511544205248356,
        0.008570288307964802,
        0.009007200598716736,
        0.010210529901087284,
        0.009781722910702229,
        0.00980351585894823,
        0.009322983212769032,
        0.009035196155309677,
        0.00917749386280775,
        0.008877268992364407,
        0.008825130760669708,
        0.008753814734518528,
        0.00858845841139555,
        0.008759909309446812,
        0.009560836479067802,
        0.011546670459210873,
        0.010754458606243134,
        0.00971036683768034,
        0.012599342502653599,
        0.012326369062066078,
        0.011201972141861916,
        0.010816137306392193,
        0.010571417398750782
    ]
}