{
    "epoch": [
        0,
        1,
        2,
        3,
        4,
        5,
        6,
        7,
        8,
        9,
        10,
        11,
        12,
        13,
        14,
        15,
        16,
        17,
        18,
        19,
        20,
        21,
        22,
        23,
        24,
        25,
        26,
        27,
        28,
        29,
        30,
        31,
        32,
        33,
        34,
        35,
        36,
        37,
        38,
        39,
        40,
        41,
        42,
        43,
        44,
        45,
        46,
        47,
        48,
        49,
        50,
        51,
        52,
        53,
        54,
        55,
        56,
        57,
        58,
        59,
        60,
        61,
        62,
        63,
        64,
        65,
        66,
        67,
        68,
        69,
        70,
        71,
        72,
        73,
        74,
        75,
        76,
        77,
        78,
        79,
        80,
        81,
        82,
        83,
        84,
        85,
        86,
        87,
        88,
        89,
        90,
        91,
        92,
        93,
        94,
        95,
        96,
        97,
        98,
        99
    ],
    "train_loss": [
        0.03574996069073677,
        0.019824722781777382,
        0.010078639723360538,
        0.009328069165349007,
        0.011292403563857079,
        0.014029810205101967,
        0.01044036727398634,
        0.009059984236955643,
        0.010313257575035095,
        0.009072779677808285,
        0.009054887108504772,
        0.00876530073583126,
        0.00841358583420515,
        0.008064390160143375,
        0.00810090359300375,
        0.008012448437511921,
        0.007910460233688354,
        0.007954849861562252,
        0.007933789864182472,
        0.007844305597245693,
        0.007851457223296165,
        0.007733234670013189,
        0.00756501592695713,
        0.007461847271770239,
        0.007170862052589655,
        0.007107794284820557,
        0.007034096401184797,
        0.006887583993375301,
        0.00682825269177556,
        0.0068465531803667545,
        0.0066182902082800865,
        0.006564786657691002,
        0.006605980917811394,
        0.006588371936231852,
        0.0066742361523211,
        0.006599034182727337,
        0.006646845955401659,
        0.0066419607028365135,
        0.00671743368729949,
        0.006657395511865616,
        0.006613385397940874,
        0.00662984186783433,
        0.00668652169406414,
        0.0067246598191559315,
        0.006874929182231426,
        0.0065865409560501575,
        0.006847478915005922,
        0.00881044939160347,
        0.011707061901688576,
        0.015114894136786461,
        0.017285382375121117,
        0.013803617097437382,
        0.012322594411671162,
        0.011385181918740273,
        0.010264335200190544,
        0.00913094263523817,
        0.00846963468939066,
        0.0069296048022806644,
        0.009438719600439072,
        0.01081260945647955,
        0.008359821513295174,
        0.006198539864271879,
        0.0057939644902944565,
        0.005862706806510687,
        0.005731275305151939,
        0.005918265786021948,
        0.0067189582623541355,
        0.008207451552152634,
        0.0088223647326231,
        0.01031882967799902,
        0.009784940630197525,
        0.010059929452836514,
        0.009585696272552013,
        0.009331072680652142,
        0.009009289555251598,
        0.008827483281493187,
        0.008568443357944489,
        0.00831663142889738,
        0.008269786834716797,
        0.008102062158286572,
        0.007993040606379509,
        0.007836868055164814,
        0.007645697798579931,
        0.007563520688563585,
        0.007476478815078735,
        0.007361316122114658,
        0.007240034639835358,
        0.007166126277297735,
        0.0071470788680016994,
        0.007059217430651188,
        0.006957360543310642,
        0.006953834556043148,
        0.006919898092746735,
        0.006895692087709904,
        0.006852373480796814,
        0.006801563780754805,
        0.006668563466519117,
        0.006616641767323017,
        0.006589445751160383,
        0.006591108627617359
    ]
}