{
    "epoch": [
        0,
        1,
        2,
        3,
        4,
        5,
        6,
        7,
        8,
        9,
        10,
        11,
        12,
        13,
        14,
        15,
        16,
        17,
        18,
        19,
        20,
        21,
        22,
        23,
        24,
        25,
        26,
        27,
        28,
        29,
        30,
        31,
        32,
        33,
        34,
        35,
        36,
        37,
        38,
        39,
        40,
        41,
        42,
        43,
        44,
        45,
        46,
        47,
        48,
        49,
        50,
        51,
        52,
        53,
        54,
        55,
        56,
        57,
        58,
        59,
        60,
        61,
        62,
        63,
        64,
        65,
        66,
        67,
        68,
        69,
        70,
        71,
        72,
        73,
        74,
        75,
        76,
        77,
        78,
        79,
        80,
        81,
        82,
        83,
        84,
        85,
        86,
        87,
        88,
        89,
        90,
        91,
        92,
        93,
        94,
        95,
        96,
        97,
        98,
        99
    ],
    "train_loss": [
        0.1373899132013321,
        0.050252776592969894,
        0.028445303440093994,
        0.02161991596221924,
        0.02035258710384369,
        0.02074546180665493,
        0.02157772332429886,
        0.01602548360824585,
        0.011728416197001934,
        0.01353637408465147,
        0.010556966997683048,
        0.009203099645674229,
        0.010748680680990219,
        0.007754992228001356,
        0.007212481461465359,
        0.0066407546401023865,
        0.006572215352207422,
        0.006794534157961607,
        0.007227735128253698,
        0.00782860442996025,
        0.00804126262664795,
        0.008144615218043327,
        0.008214103057980537,
        0.008284462615847588,
        0.008248182944953442,
        0.008217841386795044,
        0.008040370419621468,
        0.008089736104011536,
        0.008088006637990475,
        0.007974889129400253,
        0.007934936322271824,
        0.007838135585188866,
        0.007691089063882828,
        0.006968706846237183,
        0.006631556432694197,
        0.006469076033681631,
        0.006544994655996561,
        0.007017337251454592,
        0.007178657688200474,
        0.007766423746943474,
        0.007557270582765341,
        0.007337333168834448,
        0.006647595204412937,
        0.006823175121098757,
        0.006778481882065535,
        0.0068774139508605,
        0.006793325301259756,
        0.006742003373801708,
        0.006722735706716776,
        0.006718804128468037,
        0.007038635667413473,
        0.007209044881165028,
        0.007213710341602564,
        0.007218054961413145,
        0.007095313165336847,
        0.007011803798377514,
        0.006743965670466423,
        0.006415272131562233,
        0.006362282205373049,
        0.006312783341854811,
        0.006319897715002298,
        0.006242875475436449,
        0.006056477315723896,
        0.006152670830488205,
        0.006159100215882063,
        0.006117839831858873,
        0.006089949514716864,
        0.0060590109787881374,
        0.006035639904439449,
        0.006023361347615719,
        0.006008800119161606,
        0.006162980105727911,
        0.006354427896440029,
        0.006485080812126398,
        0.0063141644932329655,
        0.006256225518882275,
        0.006284843664616346,
        0.006391709204763174,
        0.00645696185529232,
        0.0061791096813976765,
        0.006033867131918669,
        0.006015110295265913,
        0.006096764001995325,
        0.00616292841732502,
        0.0062225814908742905,
        0.0062194932252168655,
        0.006148182321339846,
        0.006067757029086351,
        0.006039947271347046,
        0.006016847211867571,
        0.006008245516568422,
        0.0059488872066140175,
        0.0059212190099060535,
        0.005809547379612923,
        0.005863008089363575,
        0.005861103069037199,
        0.005961630027741194,
        0.005947032477706671,
        0.0059305718168616295,
        0.005737117026001215
    ]
}