{
    "epoch": [
        0,
        1,
        2,
        3,
        4,
        5,
        6,
        7,
        8,
        9,
        10,
        11,
        12,
        13,
        14,
        15,
        16,
        17,
        18,
        19,
        20,
        21,
        22,
        23,
        24,
        25,
        26,
        27,
        28,
        29,
        30,
        31,
        32,
        33,
        34,
        35,
        36,
        37,
        38,
        39,
        40,
        41,
        42,
        43,
        44,
        45,
        46,
        47,
        48,
        49,
        50,
        51,
        52,
        53,
        54,
        55,
        56,
        57,
        58,
        59,
        60,
        61,
        62,
        63,
        64,
        65,
        66,
        67,
        68,
        69,
        70,
        71,
        72,
        73,
        74,
        75,
        76,
        77,
        78,
        79,
        80,
        81,
        82,
        83,
        84,
        85,
        86,
        87,
        88,
        89,
        90,
        91,
        92,
        93,
        94,
        95,
        96,
        97,
        98,
        99
    ],
    "train_loss": [
        0.13775210082530975,
        0.06710228323936462,
        0.034354738891124725,
        0.025648469105362892,
        0.022433700039982796,
        0.019244445487856865,
        0.018201244994997978,
        0.018132051452994347,
        0.012439962476491928,
        0.013083094730973244,
        0.014254470355808735,
        0.012777833268046379,
        0.010574874468147755,
        0.011572153307497501,
        0.011060350574553013,
        0.010758882388472557,
        0.01052173227071762,
        0.009631408378481865,
        0.009166222997009754,
        0.009420106187462807,
        0.009573860093951225,
        0.009744987823069096,
        0.010008343495428562,
        0.010366974398493767,
        0.010251895524561405,
        0.010500572621822357,
        0.010417346842586994,
        0.010279154404997826,
        0.009796850383281708,
        0.00976286455988884,
        0.009886834770441055,
        0.00983195286244154,
        0.009653670713305473,
        0.009322083555161953,
        0.009176277555525303,
        0.009226834401488304,
        0.009215575642883778,
        0.009217645041644573,
        0.00909083429723978,
        0.009167147800326347,
        0.009162787348031998,
        0.00919197779148817,
        0.009148539043962955,
        0.009094751439988613,
        0.008959389291703701,
        0.009074348956346512,
        0.009305876679718494,
        0.009108967147767544,
        0.00910264067351818,
        0.00919656828045845,
        0.009202365763485432,
        0.009127398952841759,
        0.009323281235992908,
        0.009306378662586212,
        0.009244582615792751,
        0.009230583906173706,
        0.00920464564114809,
        0.009289463050663471,
        0.009282906539738178,
        0.009247113019227982,
        0.0092387143522501,
        0.00919059943407774,
        0.009238063357770443,
        0.009287865832448006,
        0.00928893219679594,
        0.00929404515773058,
        0.009306752122938633,
        0.009415002539753914,
        0.009494342841207981,
        0.009563636966049671,
        0.009583791717886925,
        0.009483958594501019,
        0.009393453598022461,
        0.009324698708951473,
        0.009355509653687477,
        0.009353197179734707,
        0.009313670918345451,
        0.009242087602615356,
        0.009160424582660198,
        0.009141090326011181,
        0.009144949726760387,
        0.009144964627921581,
        0.009136173874139786,
        0.009079338051378727,
        0.00908762775361538,
        0.00910090934485197,
        0.009154804982244968,
        0.009159183129668236,
        0.009201888926327229,
        0.00912940688431263,
        0.009165075607597828,
        0.00918637216091156,
        0.009098161943256855,
        0.009080958552658558,
        0.00905013456940651,
        0.008983086794614792,
        0.008979523554444313,
        0.009022309444844723,
        0.008986256085336208,
        0.00892746914178133
    ]
}