{
    "epoch": [
        0,
        1,
        2,
        3,
        4,
        5,
        6,
        7,
        8,
        9,
        10,
        11,
        12,
        13,
        14,
        15,
        16,
        17,
        18,
        19,
        20,
        21,
        22,
        23,
        24,
        25,
        26,
        27,
        28,
        29,
        30,
        31,
        32,
        33,
        34,
        35,
        36,
        37,
        38,
        39,
        40,
        41,
        42,
        43,
        44,
        45,
        46,
        47,
        48,
        49,
        50,
        51,
        52,
        53,
        54,
        55,
        56,
        57,
        58,
        59,
        60,
        61,
        62,
        63,
        64,
        65,
        66,
        67,
        68,
        69,
        70,
        71,
        72,
        73,
        74,
        75,
        76,
        77,
        78,
        79,
        80,
        81,
        82,
        83,
        84,
        85,
        86,
        87,
        88,
        89,
        90,
        91,
        92,
        93,
        94,
        95,
        96,
        97,
        98,
        99
    ],
    "train_loss": [
        0.05207670107483864,
        0.023080358281731606,
        0.016576172783970833,
        0.010596860200166702,
        0.006704108323901892,
        0.007217245176434517,
        0.006700742058455944,
        0.005301809869706631,
        0.004600226413458586,
        0.004968907218426466,
        0.005668340716511011,
        0.005630913656204939,
        0.005744352005422115,
        0.005303699988871813,
        0.00835136603564024,
        0.00706270569935441,
        0.006085253320634365,
        0.006373406853526831,
        0.005494709126651287,
        0.0052267382852733135,
        0.005260394420474768,
        0.004897529724985361,
        0.004842713940888643,
        0.004743053577840328,
        0.004774576518684626,
        0.004902749788016081,
        0.004836401902139187,
        0.004819022957235575,
        0.004690704867243767,
        0.004616172052919865,
        0.005305034574121237,
        0.005219569895416498,
        0.005074411630630493,
        0.005101438146084547,
        0.005167027469724417,
        0.005185503512620926,
        0.005245930515229702,
        0.005046897102147341,
        0.005081510171294212,
        0.005257077515125275,
        0.005176539998501539,
        0.005092632491141558,
        0.005264844745397568,
        0.005092712584882975,
        0.005090042483061552,
        0.005516641307622194,
        0.005372393876314163,
        0.0053303977474570274,
        0.005433928221464157,
        0.005394656676799059,
        0.005299317184835672,
        0.005276417825371027,
        0.005225250963121653,
        0.005219658371061087,
        0.005162390414625406,
        0.005133508238941431,
        0.0051426212303340435,
        0.005121791269630194,
        0.005114724859595299,
        0.0050729610957205296,
        0.005044633522629738,
        0.005039151757955551,
        0.005060006398707628,
        0.005070873536169529,
        0.005062317941337824,
        0.00504565704613924,
        0.0050506568513810635,
        0.005030477419495583,
        0.005009903106838465,
        0.005016363225877285,
        0.0049845436587929726,
        0.004985000938177109,
        0.004965117666870356,
        0.0049673705361783504,
        0.004960188176482916,
        0.004954091273248196,
        0.0049486770294606686,
        0.0049322242848575115,
        0.004931500181555748,
        0.004924876149743795,
        0.0049257827922701836,
        0.00493016978725791,
        0.004928174428641796,
        0.004925400950014591,
        0.004911090712994337,
        0.004905928857624531,
        0.004889438860118389,
        0.0048718927428126335,
        0.004846303258091211,
        0.004837843589484692,
        0.004834601189941168,
        0.004810005892068148,
        0.00477717025205493,
        0.004787047393620014,
        0.004785218276083469,
        0.004779656417667866,
        0.00477604428306222,
        0.004772628657519817,
        0.004771053325384855,
        0.004773402586579323
    ]
}