{
    "epoch": [
        0,
        1,
        2,
        3,
        4,
        5,
        6,
        7,
        8,
        9,
        10,
        11,
        12,
        13,
        14,
        15,
        16,
        17,
        18,
        19,
        20,
        21,
        22,
        23,
        24,
        25,
        26,
        27,
        28,
        29,
        30,
        31,
        32,
        33,
        34,
        35,
        36,
        37,
        38,
        39,
        40,
        41,
        42,
        43,
        44,
        45,
        46,
        47,
        48,
        49,
        50,
        51,
        52,
        53,
        54,
        55,
        56,
        57,
        58,
        59,
        60,
        61,
        62,
        63,
        64,
        65,
        66,
        67,
        68,
        69,
        70,
        71,
        72,
        73,
        74,
        75,
        76,
        77,
        78,
        79,
        80,
        81,
        82,
        83,
        84,
        85,
        86,
        87,
        88,
        89,
        90,
        91,
        92,
        93,
        94,
        95,
        96,
        97,
        98,
        99
    ],
    "train_loss": [
        0.02602677419781685,
        0.013222867622971535,
        0.011824766173958778,
        0.011568287387490273,
        0.010966331698000431,
        0.011628626845777035,
        0.011324327439069748,
        0.0114276809617877,
        0.011026741936802864,
        0.011084997095167637,
        0.011142202652990818,
        0.011100159026682377,
        0.010956925339996815,
        0.0110869025811553,
        0.01104961708188057,
        0.010984607972204685,
        0.011038844473659992,
        0.011022043414413929,
        0.010870466008782387,
        0.010832631029188633,
        0.010853055864572525,
        0.01064414344727993,
        0.010628551244735718,
        0.010507776401937008,
        0.010422215797007084,
        0.010514733381569386,
        0.010515485890209675,
        0.010498580522835255,
        0.010464081540703773,
        0.010439448989927769,
        0.010460671968758106,
        0.010470378212630749,
        0.010505683720111847,
        0.010517259128391743,
        0.010454128496348858,
        0.010361225344240665,
        0.010333379730582237,
        0.010196232236921787,
        0.01019689254462719,
        0.010173115879297256,
        0.010148211382329464,
        0.010172995738685131,
        0.010164996609091759,
        0.010095415636897087,
        0.010081488639116287,
        0.010110551491379738,
        0.010116604156792164,
        0.010088232345879078,
        0.010133536532521248,
        0.010216400027275085,
        0.010302811861038208,
        0.010386018082499504,
        0.010444561019539833,
        0.010483087971806526,
        0.010595796629786491,
        0.010804901830852032,
        0.010927685536444187,
        0.011060104705393314,
        0.011275872588157654,
        0.01153840683400631,
        0.011642337776720524,
        0.011629450134932995,
        0.011671016924083233,
        0.0116893220692873,
        0.011723917908966541,
        0.011736515909433365,
        0.011691587045788765,
        0.011623556725680828,
        0.01157267577946186,
        0.011508277617394924,
        0.011396692134439945,
        0.011203518137335777,
        0.010966709814965725,
        0.010758890770375729,
        0.010637558065354824,
        0.010548682883381844,
        0.010371248237788677,
        0.010225346311926842,
        0.01008913479745388,
        0.010022402741014957,
        0.010063395835459232,
        0.010127337649464607,
        0.010099443607032299,
        0.01003366056829691,
        0.009972560219466686,
        0.009963270276784897,
        0.009959280490875244,
        0.009995952248573303,
        0.00997192319482565,
        0.009900561533868313,
        0.0098237544298172,
        0.009855570271611214,
        0.009847051464021206,
        0.009844711050391197,
        0.009826776571571827,
        0.009776259772479534,
        0.009823963046073914,
        0.009864102117717266,
        0.009867911227047443,
        0.009776380844414234
    ]
}