{
    "epoch": [
        0,
        1,
        2,
        3,
        4,
        5,
        6,
        7,
        8,
        9,
        10,
        11,
        12,
        13,
        14,
        15,
        16,
        17,
        18,
        19,
        20,
        21,
        22,
        23,
        24,
        25,
        26,
        27,
        28,
        29,
        30,
        31,
        32,
        33,
        34,
        35,
        36,
        37,
        38,
        39,
        40,
        41,
        42,
        43,
        44,
        45,
        46,
        47,
        48,
        49,
        50,
        51,
        52,
        53,
        54,
        55,
        56,
        57,
        58,
        59,
        60,
        61,
        62,
        63,
        64,
        65,
        66,
        67,
        68,
        69,
        70,
        71,
        72,
        73,
        74,
        75,
        76,
        77,
        78,
        79,
        80,
        81,
        82,
        83,
        84,
        85,
        86,
        87,
        88,
        89,
        90,
        91,
        92,
        93,
        94,
        95,
        96,
        97,
        98,
        99
    ],
    "train_loss": [
        0.06466532498598099,
        0.02561803348362446,
        0.021687181666493416,
        0.017030799761414528,
        0.01592576503753662,
        0.011646920815110207,
        0.009722080081701279,
        0.008950979448854923,
        0.008490685373544693,
        0.00767513457685709,
        0.00705438107252121,
        0.006459328345954418,
        0.005998886190354824,
        0.005759442690759897,
        0.006276344880461693,
        0.005222300533205271,
        0.005435026250779629,
        0.005548987537622452,
        0.004741854965686798,
        0.004654563497751951,
        0.004478460177779198,
        0.004467022139579058,
        0.004540605004876852,
        0.005231066606938839,
        0.0058523076586425304,
        0.005653649568557739,
        0.006776943802833557,
        0.007060239557176828,
        0.007066357880830765,
        0.006405471824109554,
        0.005932046566158533,
        0.006066439673304558,
        0.006478429306298494,
        0.008576380088925362,
        0.010121667757630348,
        0.010558717884123325,
        0.011683480814099312,
        0.010894322767853737,
        0.01110509131103754,
        0.009886243380606174,
        0.009279170073568821,
        0.00824000034481287,
        0.008665075525641441,
        0.007717912085354328,
        0.006709282286465168,
        0.006506943143904209,
        0.006331687793135643,
        0.006425794214010239,
        0.0067697507329285145,
        0.008047569543123245,
        0.0084373252466321,
        0.007851310074329376,
        0.008288518525660038,
        0.008258283138275146,
        0.011704375967383385,
        0.010682644322514534,
        0.009743090718984604,
        0.009155252948403358,
        0.008271202445030212,
        0.007819469086825848,
        0.007261150050908327,
        0.007062037941068411,
        0.006864259485155344,
        0.006970314774662256,
        0.00662824884057045,
        0.00674696359783411,
        0.006660747807472944,
        0.0069182380102574825,
        0.006817029323428869,
        0.007022389676421881,
        0.006731370929628611,
        0.00662006763741374,
        0.0061705633997917175,
        0.006143580190837383,
        0.005901931319385767,
        0.005778083577752113,
        0.005786117631942034,
        0.005575229879468679,
        0.005615806207060814,
        0.005614801310002804,
        0.005916621070355177,
        0.005808690097182989,
        0.005935107823461294,
        0.005880516488105059,
        0.005883328150957823,
        0.005658741574734449,
        0.005595930386334658,
        0.005710327997803688,
        0.006682650651782751,
        0.006781249772757292,
        0.0072954315692186356,
        0.007566777989268303,
        0.008260760456323624,
        0.008587051182985306,
        0.00930406991392374,
        0.009960085153579712,
        0.010304865427315235,
        0.010629693977534771,
        0.011769255623221397,
        0.013148301281034946
    ]
}