{
    "epoch": [
        0,
        1,
        2,
        3,
        4,
        5,
        6,
        7,
        8,
        9,
        10,
        11,
        12,
        13,
        14,
        15,
        16,
        17,
        18,
        19,
        20,
        21,
        22,
        23,
        24,
        25,
        26,
        27,
        28,
        29,
        30,
        31,
        32,
        33,
        34,
        35,
        36,
        37,
        38,
        39,
        40,
        41,
        42,
        43,
        44,
        45,
        46,
        47,
        48,
        49,
        50,
        51,
        52,
        53,
        54,
        55,
        56,
        57,
        58,
        59,
        60,
        61,
        62,
        63,
        64,
        65,
        66,
        67,
        68,
        69,
        70,
        71,
        72,
        73,
        74,
        75,
        76,
        77,
        78,
        79,
        80,
        81,
        82,
        83,
        84,
        85,
        86,
        87,
        88,
        89,
        90,
        91,
        92,
        93,
        94,
        95,
        96,
        97,
        98,
        99
    ],
    "train_loss": [
        0.021654995158314705,
        0.013434844091534615,
        0.008970418944954872,
        0.009377319365739822,
        0.006901429034769535,
        0.008179614320397377,
        0.007731713354587555,
        0.007230594754219055,
        0.007146039512008429,
        0.007274128496646881,
        0.006807913538068533,
        0.006549899931997061,
        0.0063875578343868256,
        0.0060773370787501335,
        0.00604167440906167,
        0.005912974942475557,
        0.005957624409347773,
        0.005959415342658758,
        0.00598156126216054,
        0.006106150336563587,
        0.006062193773686886,
        0.006036914885044098,
        0.006025184411555529,
        0.0060343327932059765,
        0.006048853509128094,
        0.00605897419154644,
        0.006003969348967075,
        0.005940288305282593,
        0.005893603432923555,
        0.005895635113120079,
        0.005922941956669092,
        0.00593691598623991,
        0.005939435213804245,
        0.0059075127355754375,
        0.005918706767261028,
        0.005915849935263395,
        0.005985729396343231,
        0.0060023595578968525,
        0.005876633804291487,
        0.0058430577628314495,
        0.00569440983235836,
        0.005663449410349131,
        0.005459996871650219,
        0.005496874451637268,
        0.005202807951718569,
        0.0050088465213775635,
        0.005098483990877867,
        0.005519602447748184,
        0.005714057013392448,
        0.005636448040604591,
        0.005502770189195871,
        0.0053931535221636295,
        0.005754780489951372,
        0.007011571899056435,
        0.008279375731945038,
        0.008333930745720863,
        0.007729865610599518,
        0.007386529818177223,
        0.0064654042944312096,
        0.007496422156691551,
        0.00835601706057787,
        0.006585584953427315,
        0.005696271080523729,
        0.006082829553633928,
        0.006036834791302681,
        0.005412819795310497,
        0.006042530760169029,
        0.006000936031341553,
        0.006311067380011082,
        0.007189098279923201,
        0.009159536100924015,
        0.008882766589522362,
        0.006504473742097616,
        0.0062364256009459496,
        0.006848533172160387,
        0.006454162765294313,
        0.006434963084757328,
        0.005692473612725735,
        0.005502334795892239,
        0.00525660952553153,
        0.005297250114381313,
        0.00869758427143097,
        0.010610057041049004,
        0.007119518239051104,
        0.006576236337423325,
        0.005314193665981293,
        0.005251751746982336,
        0.005283229053020477,
        0.005205703433603048,
        0.005146227311342955,
        0.004989755805581808,
        0.004785478580743074,
        0.004787593614310026,
        0.00477827712893486,
        0.004734169691801071,
        0.004765862599015236,
        0.004744020290672779,
        0.004732644651085138,
        0.004669749177992344,
        0.0046697743237018585
    ]
}