{
    "epoch": [
        0,
        1,
        2,
        3,
        4,
        5,
        6,
        7,
        8,
        9,
        10,
        11,
        12,
        13,
        14,
        15,
        16,
        17,
        18,
        19,
        20,
        21,
        22,
        23,
        24,
        25,
        26,
        27,
        28,
        29,
        30,
        31,
        32,
        33,
        34,
        35,
        36,
        37,
        38,
        39,
        40,
        41,
        42,
        43,
        44,
        45,
        46,
        47,
        48,
        49,
        50,
        51,
        52,
        53,
        54,
        55,
        56,
        57,
        58,
        59,
        60,
        61,
        62,
        63,
        64,
        65,
        66,
        67,
        68,
        69,
        70,
        71,
        72,
        73,
        74,
        75,
        76,
        77,
        78,
        79,
        80,
        81,
        82,
        83,
        84,
        85,
        86,
        87,
        88,
        89,
        90,
        91,
        92,
        93,
        94,
        95,
        96,
        97,
        98,
        99
    ],
    "train_loss": [
        0.02115514501929283,
        0.008401093073189259,
        0.008090515621006489,
        0.007712754886597395,
        0.007331165950745344,
        0.008719190955162048,
        0.011628035455942154,
        0.01188303716480732,
        0.011577441357076168,
        0.013406559824943542,
        0.013666177168488503,
        0.013904259540140629,
        0.014598912559449673,
        0.015550010837614536,
        0.01668684370815754,
        0.017443660646677017,
        0.017778348177671432,
        0.017903728410601616,
        0.017748242244124413,
        0.017728004604578018,
        0.017709149047732353,
        0.01757991872727871,
        0.016599539667367935,
        0.014737406745553017,
        0.01272837445139885,
        0.013954943045973778,
        0.01340723130851984,
        0.011779146268963814,
        0.010793554596602917,
        0.010014936327934265,
        0.010521345771849155,
        0.01044683437794447,
        0.010044960305094719,
        0.009866738691926003,
        0.009415077045559883,
        0.009149603545665741,
        0.008688691072165966,
        0.008343114517629147,
        0.00806315615773201,
        0.00776666309684515,
        0.007539420388638973,
        0.007178163155913353,
        0.0068299840204417706,
        0.006331188604235649,
        0.005755509249866009,
        0.005329509731382132,
        0.004975488409399986,
        0.0046661957167088985,
        0.0043983180075883865,
        0.00424969382584095,
        0.004224104806780815,
        0.004181534517556429,
        0.004135713912546635,
        0.004134496208280325,
        0.004134561866521835,
        0.0041443961672484875,
        0.004147172439843416,
        0.004103765822947025,
        0.004059948958456516,
        0.004024895839393139,
        0.00399106927216053,
        0.003969487268477678,
        0.003948078025132418,
        0.003934131003916264,
        0.003922353032976389,
        0.003901640186086297,
        0.0038915809709578753,
        0.003885226557031274,
        0.0038856840692460537,
        0.0038863355293869972,
        0.003887651953846216,
        0.003887333208695054,
        0.0038859976921230555,
        0.0038925984408706427,
        0.003917417488992214,
        0.003912732936441898,
        0.003918018192052841,
        0.0039017517119646072,
        0.0038913374301046133,
        0.0038561455439776182,
        0.0038420266937464476,
        0.0038256768602877855,
        0.0038204514421522617,
        0.003863036632537842,
        0.003909424878656864,
        0.003920713439583778,
        0.00399687048047781,
        0.004037867300212383,
        0.004093615338206291,
        0.004129968583583832,
        0.004096613265573978,
        0.004106629174202681,
        0.004131408873945475,
        0.004126339685171843,
        0.0041212718933820724,
        0.004137218929827213,
        0.004146533086895943,
        0.004130830522626638,
        0.0041120778769254684,
        0.004043435677886009
    ]
}