{
    "epoch": [
        0,
        1,
        2,
        3,
        4,
        5,
        6,
        7,
        8,
        9,
        10,
        11,
        12,
        13,
        14,
        15,
        16,
        17,
        18,
        19,
        20,
        21,
        22,
        23,
        24,
        25,
        26,
        27,
        28,
        29,
        30,
        31,
        32,
        33,
        34,
        35,
        36,
        37,
        38,
        39,
        40,
        41,
        42,
        43,
        44,
        45,
        46,
        47,
        48,
        49,
        50,
        51,
        52,
        53,
        54,
        55,
        56,
        57,
        58,
        59,
        60,
        61,
        62,
        63,
        64,
        65,
        66,
        67,
        68,
        69,
        70,
        71,
        72,
        73,
        74,
        75,
        76,
        77,
        78,
        79,
        80,
        81,
        82,
        83,
        84,
        85,
        86,
        87,
        88,
        89,
        90,
        91,
        92,
        93,
        94,
        95,
        96,
        97,
        98,
        99
    ],
    "train_loss": [
        0.027027128264307976,
        0.018009118735790253,
        0.018544288352131844,
        0.015695743262767792,
        0.015157786197960377,
        0.015153387561440468,
        0.015097356401383877,
        0.015070035122334957,
        0.015003497712314129,
        0.014913366176187992,
        0.014931464567780495,
        0.015018397942185402,
        0.01502655353397131,
        0.01492368895560503,
        0.014904293231666088,
        0.014928569085896015,
        0.01495254598557949,
        0.014950345270335674,
        0.014867479912936687,
        0.014784342609345913,
        0.014776487834751606,
        0.014833290129899979,
        0.014757737517356873,
        0.014748758636415005,
        0.014779867604374886,
        0.014797200448811054,
        0.014789479784667492,
        0.014756368473172188,
        0.01474838238209486,
        0.01471396628767252,
        0.014683873392641544,
        0.014654477126896381,
        0.014650017954409122,
        0.014642743393778801,
        0.0146388690918684,
        0.014638147316873074,
        0.014638072811067104,
        0.0146375996991992,
        0.01463539432734251,
        0.014623405411839485,
        0.014623071067035198,
        0.014621137641370296,
        0.014609274454414845,
        0.014606974087655544,
        0.01460422296077013,
        0.01458879467099905,
        0.014574398286640644,
        0.014541268348693848,
        0.01453133299946785,
        0.014510138891637325,
        0.014500603079795837,
        0.01449301652610302,
        0.014487091451883316,
        0.014473161660134792,
        0.01445446815341711,
        0.01445450633764267,
        0.014458817429840565,
        0.014468814246356487,
        0.014475315809249878,
        0.014466585591435432,
        0.014445948414504528,
        0.014426076784729958,
        0.014386980794370174,
        0.01431957259774208,
        0.014273817650973797,
        0.014215825125575066,
        0.014184100553393364,
        0.014155922457575798,
        0.014134334400296211,
        0.014113559387624264,
        0.014081025496125221,
        0.014003237709403038,
        0.013974259607493877,
        0.01390431821346283,
        0.013862553052604198,
        0.013794667087495327,
        0.01378173753619194,
        0.013778711669147015,
        0.013760259374976158,
        0.013585837557911873,
        0.01350526511669159,
        0.013467304408550262,
        0.013437457382678986,
        0.013421766459941864,
        0.013441509567201138,
        0.013435376808047295,
        0.013434773311018944,
        0.013438047841191292,
        0.013448536396026611,
        0.013566719368100166,
        0.013605162501335144,
        0.013619201257824898,
        0.013627199456095695,
        0.013662507757544518,
        0.013695509172976017,
        0.013722878880798817,
        0.01372457668185234,
        0.013723907992243767,
        0.013720591552555561,
        0.013715461827814579
    ]
}