{
    "epoch": [
        0,
        1,
        2,
        3,
        4,
        5,
        6,
        7,
        8,
        9,
        10,
        11,
        12,
        13,
        14,
        15,
        16,
        17,
        18,
        19,
        20,
        21,
        22,
        23,
        24,
        25,
        26,
        27,
        28,
        29,
        30,
        31,
        32,
        33,
        34,
        35,
        36,
        37,
        38,
        39,
        40,
        41,
        42,
        43,
        44,
        45,
        46,
        47,
        48,
        49,
        50,
        51,
        52,
        53,
        54,
        55,
        56,
        57,
        58,
        59,
        60,
        61,
        62,
        63,
        64,
        65,
        66,
        67,
        68,
        69,
        70,
        71,
        72,
        73,
        74,
        75,
        76,
        77,
        78,
        79,
        80,
        81,
        82,
        83,
        84,
        85,
        86,
        87,
        88,
        89,
        90,
        91,
        92,
        93,
        94,
        95,
        96,
        97,
        98,
        99
    ],
    "train_loss": [
        0.15486595034599304,
        0.09605330228805542,
        0.05275757238268852,
        0.03154103830456734,
        0.025166872888803482,
        0.02164921909570694,
        0.019767098128795624,
        0.017786197364330292,
        0.014894569292664528,
        0.013326753862202168,
        0.012668629176914692,
        0.013098805211484432,
        0.011764917522668839,
        0.013542343862354755,
        0.012503154575824738,
        0.012396978214383125,
        0.011855467222630978,
        0.0116198118776083,
        0.01027216762304306,
        0.009835731238126755,
        0.010366651229560375,
        0.009167744778096676,
        0.009881013073027134,
        0.00987889152020216,
        0.012112533673644066,
        0.01139413844794035,
        0.010615561157464981,
        0.011352641507983208,
        0.011514872312545776,
        0.008519281633198261,
        0.008700272999703884,
        0.00877372082322836,
        0.0071825385093688965,
        0.007056019268929958,
        0.0069340248592197895,
        0.006985426414757967,
        0.006983137223869562,
        0.0067106555216014385,
        0.006402082275599241,
        0.00661182776093483,
        0.0065231011249125,
        0.006422106176614761,
        0.006768173538148403,
        0.007010186556726694,
        0.006482740864157677,
        0.006031465250998735,
        0.0060061016120016575,
        0.005834098439663649,
        0.005663461983203888,
        0.0054602716118097305,
        0.005639179144054651,
        0.005525651387870312,
        0.005461377557367086,
        0.0058111101388931274,
        0.005803105421364307,
        0.005672190338373184,
        0.005840121302753687,
        0.006051559932529926,
        0.005551941692829132,
        0.0055681634694337845,
        0.005315248854458332,
        0.005688338074833155,
        0.00556163489818573,
        0.005678167566657066,
        0.005518540274351835,
        0.006038656923919916,
        0.005644848104566336,
        0.005292508751153946,
        0.005394664593040943,
        0.00534363416954875,
        0.005416336469352245,
        0.005224842112511396,
        0.005429612006992102,
        0.005507442634552717,
        0.0052019450813531876,
        0.00507294712588191,
        0.004876513499766588,
        0.00479554058983922,
        0.0046949139796197414,
        0.004910990595817566,
        0.004774308297783136,
        0.0045090168714523315,
        0.004472078289836645,
        0.00440843915566802,
        0.004785265773534775,
        0.004821506794542074,
        0.004918324761092663,
        0.004916902631521225,
        0.004947461187839508,
        0.0049086143262684345,
        0.004779103212058544,
        0.004873184021562338,
        0.0051635755226016045,
        0.00541588943451643,
        0.005560155957937241,
        0.005494123324751854,
        0.005545249208807945,
        0.005807394627481699,
        0.00551745668053627,
        0.005858317483216524
    ]
}