{
    "epoch": [
        0,
        1,
        2,
        3,
        4,
        5,
        6,
        7,
        8,
        9,
        10,
        11,
        12,
        13,
        14,
        15,
        16,
        17,
        18,
        19,
        20,
        21,
        22,
        23,
        24,
        25,
        26,
        27,
        28,
        29,
        30,
        31,
        32,
        33,
        34,
        35,
        36,
        37,
        38,
        39,
        40,
        41,
        42,
        43,
        44,
        45,
        46,
        47,
        48,
        49,
        50,
        51,
        52,
        53,
        54,
        55,
        56,
        57,
        58,
        59,
        60,
        61,
        62,
        63,
        64,
        65,
        66,
        67,
        68,
        69,
        70,
        71,
        72,
        73,
        74,
        75,
        76,
        77,
        78,
        79,
        80,
        81,
        82,
        83,
        84,
        85,
        86,
        87,
        88,
        89,
        90,
        91,
        92,
        93,
        94,
        95,
        96,
        97,
        98,
        99
    ],
    "train_loss": [
        0.20433972775936127,
        0.07350630313158035,
        0.04455793276429176,
        0.035943202674388885,
        0.030716152861714363,
        0.05274786427617073,
        0.02926953323185444,
        0.023568550124764442,
        0.02017960138618946,
        0.01979350671172142,
        0.02982977218925953,
        0.024449141696095467,
        0.022113658487796783,
        0.02072584442794323,
        0.01786809414625168,
        0.021680593490600586,
        0.02009616419672966,
        0.019095418974757195,
        0.018138471990823746,
        0.018030405044555664,
        0.02022802270948887,
        0.01957632787525654,
        0.018696941435337067,
        0.019145376980304718,
        0.019668033346533775,
        0.02290613017976284,
        0.020986178889870644,
        0.020965078845620155,
        0.02097386121749878,
        0.020177846774458885,
        0.025538993999361992,
        0.02356800250709057,
        0.022003011777997017,
        0.021214142441749573,
        0.02044123411178589,
        0.02078249305486679,
        0.020167017355561256,
        0.01938631944358349,
        0.01885252259671688,
        0.01827005110681057,
        0.01806560531258583,
        0.017407774925231934,
        0.01718328334391117,
        0.01684550568461418,
        0.016838299110531807,
        0.01708277501165867,
        0.016814937815070152,
        0.01685108058154583,
        0.01655426435172558,
        0.01628578081727028,
        0.01618596538901329,
        0.015968618914484978,
        0.01582779362797737,
        0.015747589990496635,
        0.015529265627264977,
        0.01551568042486906,
        0.015380923636257648,
        0.015639184042811394,
        0.015718961134552956,
        0.015857065096497536,
        0.015863647684454918,
        0.015944279730319977,
        0.016002468764781952,
        0.015827875584363937,
        0.01617620885372162,
        0.016223587095737457,
        0.016311809420585632,
        0.016410844400525093,
        0.016387805342674255,
        0.017025941982865334,
        0.017773732542991638,
        0.019373362883925438,
        0.020300189033150673,
        0.018719643354415894,
        0.016788331791758537,
        0.016044417396187782,
        0.015241514891386032,
        0.014629853889346123,
        0.014257838949561119,
        0.014058494009077549,
        0.01384030282497406,
        0.01368192583322525,
        0.013601385056972504,
        0.013462687842547894,
        0.013400242663919926,
        0.01329029817134142,
        0.013141388073563576,
        0.013193554244935513,
        0.013194842264056206,
        0.01319403201341629,
        0.013189771212637424,
        0.013122892007231712,
        0.013116477057337761,
        0.013110209256410599,
        0.01317666471004486,
        0.013178973458707333,
        0.013148060999810696,
        0.013263393193483353,
        0.013288390822708607,
        0.01339685544371605
    ]
}