{
    "epoch": [
        0,
        1,
        2,
        3,
        4,
        5,
        6,
        7,
        8,
        9,
        10,
        11,
        12,
        13,
        14,
        15,
        16,
        17,
        18,
        19,
        20,
        21,
        22,
        23,
        24,
        25,
        26,
        27,
        28,
        29,
        30,
        31,
        32,
        33,
        34,
        35,
        36,
        37,
        38,
        39,
        40,
        41,
        42,
        43,
        44,
        45,
        46,
        47,
        48,
        49,
        50,
        51,
        52,
        53,
        54,
        55,
        56,
        57,
        58,
        59,
        60,
        61,
        62,
        63,
        64,
        65,
        66,
        67,
        68,
        69,
        70,
        71,
        72,
        73,
        74,
        75,
        76,
        77,
        78,
        79,
        80,
        81,
        82,
        83,
        84,
        85,
        86,
        87,
        88,
        89,
        90,
        91,
        92,
        93,
        94,
        95,
        96,
        97,
        98,
        99
    ],
    "train_loss": [
        0.042496778070926666,
        0.02837398275732994,
        0.016534725204110146,
        0.012571539729833603,
        0.0113790612667799,
        0.012549991719424725,
        0.009923501871526241,
        0.008944764733314514,
        0.008959032595157623,
        0.008305918425321579,
        0.00959867611527443,
        0.008972708135843277,
        0.008574203588068485,
        0.008422955870628357,
        0.009109923616051674,
        0.009564954787492752,
        0.008632022887468338,
        0.008247741498053074,
        0.008661876432597637,
        0.009441361762583256,
        0.010819262824952602,
        0.010383601300418377,
        0.011072223074734211,
        0.010849164798855782,
        0.010529824532568455,
        0.010633409023284912,
        0.010080582462251186,
        0.009361736476421356,
        0.009046335704624653,
        0.008917572908103466,
        0.009076486341655254,
        0.00838300958275795,
        0.008099312894046307,
        0.007753078360110521,
        0.0076679629273712635,
        0.00834910199046135,
        0.008484963327646255,
        0.008660524152219296,
        0.008738190867006779,
        0.008553492836654186,
        0.008912703953683376,
        0.00891011580824852,
        0.009002716280519962,
        0.009140766225755215,
        0.009239796549081802,
        0.00974311027675867,
        0.009959757328033447,
        0.010432533919811249,
        0.011026132851839066,
        0.010886451229453087,
        0.010958592407405376,
        0.010997988283634186,
        0.01102981623262167,
        0.011085937730967999,
        0.011128740385174751,
        0.01131347008049488,
        0.011734632775187492,
        0.011800045147538185,
        0.011808991432189941,
        0.011830952018499374,
        0.011840413324534893,
        0.011816117912530899,
        0.011797691695392132,
        0.01177744660526514,
        0.01174899097532034,
        0.011709439568221569,
        0.011682278476655483,
        0.011647786013782024,
        0.011646009050309658,
        0.011629736982285976,
        0.011590412817895412,
        0.011554135009646416,
        0.011549259535968304,
        0.01153801940381527,
        0.01151433028280735,
        0.011503762565553188,
        0.011480726301670074,
        0.011470615863800049,
        0.011478560976684093,
        0.01147280354052782,
        0.011457188054919243,
        0.011445166543126106,
        0.01143128052353859,
        0.011414067819714546,
        0.011413288302719593,
        0.01141555979847908,
        0.01141712348908186,
        0.011418336071074009,
        0.011403786949813366,
        0.011387968435883522,
        0.011381774209439754,
        0.011375200003385544,
        0.011371998116374016,
        0.011370697990059853,
        0.01137023139744997,
        0.011371700093150139,
        0.011372899636626244,
        0.011384240351617336,
        0.011378978379070759,
        0.011382323689758778
    ]
}