{
    "epoch": [
        0,
        1,
        2,
        3,
        4,
        5,
        6,
        7,
        8,
        9,
        10,
        11,
        12,
        13,
        14,
        15,
        16,
        17,
        18,
        19,
        20,
        21,
        22,
        23,
        24,
        25,
        26,
        27,
        28,
        29,
        30,
        31,
        32,
        33,
        34,
        35,
        36,
        37,
        38,
        39,
        40,
        41,
        42,
        43,
        44,
        45,
        46,
        47,
        48,
        49,
        50,
        51,
        52,
        53,
        54,
        55,
        56,
        57,
        58,
        59,
        60,
        61,
        62,
        63,
        64,
        65,
        66,
        67,
        68,
        69,
        70,
        71,
        72,
        73,
        74,
        75,
        76,
        77,
        78,
        79,
        80,
        81,
        82,
        83,
        84,
        85,
        86,
        87,
        88,
        89,
        90,
        91,
        92,
        93,
        94,
        95,
        96,
        97,
        98,
        99
    ],
    "train_loss": [
        0.013505825772881508,
        0.009655607864260674,
        0.008128401823341846,
        0.008285571821033955,
        0.009409233927726746,
        0.007066571153700352,
        0.005988432560116053,
        0.005195398349314928,
        0.007908529601991177,
        0.006825310178101063,
        0.006898555904626846,
        0.006062275730073452,
        0.0054498459212481976,
        0.0059055909514427185,
        0.006028426811099052,
        0.007171894423663616,
        0.0067998445592820644,
        0.005982811097055674,
        0.005524987820535898,
        0.005270351190119982,
        0.005375806242227554,
        0.005213392432779074,
        0.004890860989689827,
        0.005248760338872671,
        0.0051848930306732655,
        0.005353797227144241,
        0.005572997499257326,
        0.005302017088979483,
        0.004816362634301186,
        0.004752113483846188,
        0.004669612273573875,
        0.004750924184918404,
        0.00453626923263073,
        0.004231479950249195,
        0.004192412365227938,
        0.004367764573544264,
        0.004539439454674721,
        0.004458864219486713,
        0.004572289530187845,
        0.004934051539748907,
        0.005235161166638136,
        0.005081124138087034,
        0.004935257136821747,
        0.005171895958483219,
        0.00543777272105217,
        0.00587488291785121,
        0.006856109015643597,
        0.0071407221257686615,
        0.0075722974725067616,
        0.008690638467669487,
        0.015087086707353592,
        0.012179098092019558,
        0.01008541788905859,
        0.008163833059370518,
        0.006762901321053505,
        0.006680332124233246,
        0.006593655329197645,
        0.005970413330942392,
        0.005870961584150791,
        0.006232329178601503,
        0.007349784951657057,
        0.006260925438255072,
        0.005181705113500357,
        0.005594387650489807,
        0.005891313776373863,
        0.00648478651419282,
        0.0068547045812010765,
        0.00702691450715065,
        0.007015276700258255,
        0.0070510380901396275,
        0.006976400502026081,
        0.0063512930646538734,
        0.006788613274693489,
        0.005728135351091623,
        0.007789957337081432,
        0.008043332025408745,
        0.007131021469831467,
        0.006560960318893194,
        0.0056808218359947205,
        0.004865792114287615,
        0.00519735598936677,
        0.004997053183615208,
        0.004848937503993511,
        0.004494598135352135,
        0.004362603649497032,
        0.004345696419477463,
        0.004249329213052988,
        0.004111133050173521,
        0.004091780632734299,
        0.004007523413747549,
        0.00393443088978529,
        0.004050679039210081,
        0.0038293679244816303,
        0.003813099814578891,
        0.003759715473279357,
        0.0036751441657543182,
        0.003841214580461383,
        0.0037365322932600975,
        0.003639976028352976,
        0.0037750776391476393
    ]
}