{
    "epoch": [
        0,
        1,
        2,
        3,
        4,
        5,
        6,
        7,
        8,
        9,
        10,
        11,
        12,
        13,
        14,
        15,
        16,
        17,
        18,
        19,
        20,
        21,
        22,
        23,
        24,
        25,
        26,
        27,
        28,
        29,
        30,
        31,
        32,
        33,
        34,
        35,
        36,
        37,
        38,
        39,
        40,
        41,
        42,
        43,
        44,
        45,
        46,
        47,
        48,
        49,
        50,
        51,
        52,
        53,
        54,
        55,
        56,
        57,
        58,
        59,
        60,
        61,
        62,
        63,
        64,
        65,
        66,
        67,
        68,
        69,
        70,
        71,
        72,
        73,
        74,
        75,
        76,
        77,
        78,
        79,
        80,
        81,
        82,
        83,
        84,
        85,
        86,
        87,
        88,
        89,
        90,
        91,
        92,
        93,
        94,
        95,
        96,
        97,
        98,
        99
    ],
    "train_loss": [
        0.807844340801239,
        0.5950149297714233,
        0.41630104184150696,
        0.2931639552116394,
        0.23168133199214935,
        0.29718369245529175,
        0.22063222527503967,
        0.18004336953163147,
        0.16075991094112396,
        0.14577887952327728,
        0.14156965911388397,
        0.12251877784729004,
        0.1116953045129776,
        0.10275885462760925,
        0.0979977622628212,
        0.0959615707397461,
        0.09037347137928009,
        0.08538453280925751,
        0.08200936019420624,
        0.07815637439489365,
        0.07851806282997131,
        0.07516518235206604,
        0.07307397574186325,
        0.07078764587640762,
        0.06789782643318176,
        0.0663093701004982,
        0.06344223022460938,
        0.06084359809756279,
        0.05754776671528816,
        0.05446433275938034,
        0.059434663504362106,
        0.05494367703795433,
        0.05289379507303238,
        0.05145818740129471,
        0.050358861684799194,
        0.05122153088450432,
        0.04982922971248627,
        0.04909130930900574,
        0.048318661749362946,
        0.04757028818130493,
        0.04769733548164368,
        0.046610988676548004,
        0.04585599526762962,
        0.04518939554691315,
        0.04466133564710617,
        0.045574743300676346,
        0.044443484395742416,
        0.0436553955078125,
        0.043315496295690536,
        0.04287757724523544,
        0.04235004261136055,
        0.04170801490545273,
        0.04117682948708534,
        0.0408504493534565,
        0.040240827947854996,
        0.03960976377129555,
        0.039079148322343826,
        0.03891231119632721,
        0.03853440284729004,
        0.03835934400558472,
        0.03814641386270523,
        0.03767808899283409,
        0.03706466406583786,
        0.03660429269075394,
        0.03645598515868187,
        0.0362197645008564,
        0.03579045459628105,
        0.035416752099990845,
        0.03468765318393707,
        0.0338110513985157,
        0.03358810767531395,
        0.03328422084450722,
        0.03277204558253288,
        0.03249071538448334,
        0.031669486314058304,
        0.031049657613039017,
        0.030202683061361313,
        0.02951398864388466,
        0.029000692069530487,
        0.028704334050416946,
        0.028449609875679016,
        0.027811015024781227,
        0.027130035683512688,
        0.026753751561045647,
        0.026208894327282906,
        0.025753043591976166,
        0.0253185722976923,
        0.02484036609530449,
        0.024184202775359154,
        0.023963943123817444,
        0.023862527683377266,
        0.023521941155195236,
        0.022988706827163696,
        0.022927146404981613,
        0.022838694974780083,
        0.02229558676481247,
        0.02195746637880802,
        0.02187175862491131,
        0.0219572763890028,
        0.021877456456422806
    ]
}