{
    "epoch": [
        0,
        1,
        2,
        3,
        4,
        5,
        6,
        7,
        8,
        9,
        10,
        11,
        12,
        13,
        14,
        15,
        16,
        17,
        18,
        19,
        20,
        21,
        22,
        23,
        24,
        25,
        26,
        27,
        28,
        29,
        30,
        31,
        32,
        33,
        34,
        35,
        36,
        37,
        38,
        39,
        40,
        41,
        42,
        43,
        44,
        45,
        46,
        47,
        48,
        49,
        50,
        51,
        52,
        53,
        54,
        55,
        56,
        57,
        58,
        59,
        60,
        61,
        62,
        63,
        64,
        65,
        66,
        67,
        68,
        69,
        70,
        71,
        72,
        73,
        74,
        75,
        76,
        77,
        78,
        79,
        80,
        81,
        82,
        83,
        84,
        85,
        86,
        87,
        88,
        89,
        90,
        91,
        92,
        93,
        94,
        95,
        96,
        97,
        98,
        99
    ],
    "train_loss": [
        0.11982255429029465,
        0.05818628892302513,
        0.033380698412656784,
        0.026878582313656807,
        0.023858733475208282,
        0.01982004940509796,
        0.01652740128338337,
        0.01718217134475708,
        0.01476516667753458,
        0.01152274664491415,
        0.012159367091953754,
        0.010430618189275265,
        0.009839343838393688,
        0.009834004566073418,
        0.009655371308326721,
        0.00952418427914381,
        0.00962960347533226,
        0.009517740458250046,
        0.00927877239882946,
        0.009469155222177505,
        0.00955863669514656,
        0.009524200111627579,
        0.009252392686903477,
        0.010041645728051662,
        0.009908795356750488,
        0.009594184346497059,
        0.009509577415883541,
        0.009946041740477085,
        0.010061810724437237,
        0.010892012156546116,
        0.010495375841856003,
        0.01041252352297306,
        0.011242390610277653,
        0.012230852618813515,
        0.012514937669038773,
        0.012843882665038109,
        0.013249725103378296,
        0.012898048385977745,
        0.012584290467202663,
        0.012353694066405296,
        0.012094253674149513,
        0.011889539659023285,
        0.011843554675579071,
        0.011771783232688904,
        0.011796846985816956,
        0.012014434672892094,
        0.012127217836678028,
        0.012224826961755753,
        0.012488292530179024,
        0.012410029768943787,
        0.012454556301236153,
        0.012692651711404324,
        0.013007193803787231,
        0.013728233054280281,
        0.014128203503787518,
        0.01437205821275711,
        0.014722513034939766,
        0.015164997428655624,
        0.015326173976063728,
        0.01530012208968401,
        0.014869596809148788,
        0.015986384823918343,
        0.015336696058511734,
        0.015456823632121086,
        0.015506135299801826,
        0.014153380878269672,
        0.01451148185878992,
        0.013954940252006054,
        0.0137220099568367,
        0.013841040432453156,
        0.014699895866215229,
        0.015061850659549236,
        0.015058193355798721,
        0.014457158744335175,
        0.01570652797818184,
        0.015574812889099121,
        0.016189217567443848,
        0.016644982621073723,
        0.0171806663274765,
        0.017277397215366364,
        0.017108766362071037,
        0.01634545437991619,
        0.015562058426439762,
        0.015307368710637093,
        0.014877826906740665,
        0.014894749037921429,
        0.014590198174118996,
        0.014110252261161804,
        0.013928442262113094,
        0.014050931669771671,
        0.01416297722607851,
        0.013585945591330528,
        0.01309492439031601,
        0.012856539338827133,
        0.012766143307089806,
        0.012521734461188316,
        0.012424006126821041,
        0.012064740993082523,
        0.011866750195622444,
        0.01187258493155241
    ]
}