{
    "epoch": [
        0,
        1,
        2,
        3,
        4,
        5,
        6,
        7,
        8,
        9,
        10,
        11,
        12,
        13,
        14,
        15,
        16,
        17,
        18,
        19,
        20,
        21,
        22,
        23,
        24,
        25,
        26,
        27,
        28,
        29,
        30,
        31,
        32,
        33,
        34,
        35,
        36,
        37,
        38,
        39,
        40,
        41,
        42,
        43,
        44,
        45,
        46,
        47,
        48,
        49,
        50,
        51,
        52,
        53,
        54,
        55,
        56,
        57,
        58,
        59,
        60,
        61,
        62,
        63,
        64,
        65,
        66,
        67,
        68,
        69,
        70,
        71,
        72,
        73,
        74,
        75,
        76,
        77,
        78,
        79,
        80,
        81,
        82,
        83,
        84,
        85,
        86,
        87,
        88,
        89,
        90,
        91,
        92,
        93,
        94,
        95,
        96,
        97,
        98,
        99
    ],
    "train_loss": [
        0.2902739942073822,
        0.21623452007770538,
        0.16855740547180176,
        0.12778128683567047,
        0.10546659678220749,
        0.09225828945636749,
        0.07984162867069244,
        0.07255043089389801,
        0.06496800482273102,
        0.05919896066188812,
        0.05647120624780655,
        0.051900941878557205,
        0.04754840210080147,
        0.045638810843229294,
        0.043838195502758026,
        0.044382933527231216,
        0.04249928891658783,
        0.04182209074497223,
        0.04100770130753517,
        0.04012664780020714,
        0.04050368443131447,
        0.038843344897031784,
        0.03786461427807808,
        0.036858536303043365,
        0.03588564693927765,
        0.037791743874549866,
        0.03625691309571266,
        0.03499038890004158,
        0.034438133239746094,
        0.033627238124608994,
        0.035383377224206924,
        0.033753927797079086,
        0.03261437267065048,
        0.03190775588154793,
        0.03152045980095863,
        0.03306790068745613,
        0.031195947900414467,
        0.03071800246834755,
        0.030321599915623665,
        0.030031343922019005,
        0.030986471101641655,
        0.030004743486642838,
        0.029738597571849823,
        0.029681211337447166,
        0.029559990391135216,
        0.030730238184332848,
        0.02952057123184204,
        0.029150160029530525,
        0.028981460258364677,
        0.02890213392674923,
        0.028974879533052444,
        0.02895071730017662,
        0.02878432534635067,
        0.028749527409672737,
        0.028783662244677544,
        0.028931230306625366,
        0.028915682807564735,
        0.028607511892914772,
        0.02859354019165039,
        0.02863732911646366,
        0.028575832024216652,
        0.028675492852926254,
        0.028663933277130127,
        0.028680602088570595,
        0.02878337912261486,
        0.028694389387965202,
        0.028478624299168587,
        0.02834237553179264,
        0.028252258896827698,
        0.028220340609550476,
        0.028241943567991257,
        0.028118863701820374,
        0.02807568944990635,
        0.028001785278320312,
        0.028094256296753883,
        0.028066225349903107,
        0.02808031067252159,
        0.02812838740646839,
        0.02812821790575981,
        0.028062332421541214,
        0.028036637231707573,
        0.02797011472284794,
        0.027839848771691322,
        0.027790043503046036,
        0.027664044871926308,
        0.027650922536849976,
        0.02770382910966873,
        0.02771315909922123,
        0.02773529849946499,
        0.027762124314904213,
        0.02779761143028736,
        0.027868298813700676,
        0.02789505198597908,
        0.027969185262918472,
        0.028170745819807053,
        0.028276711702346802,
        0.02820785716176033,
        0.028367502614855766,
        0.028441298753023148,
        0.028761141002178192
    ]
}