{
    "epoch": [
        0,
        1,
        2,
        3,
        4,
        5,
        6,
        7,
        8,
        9,
        10,
        11,
        12,
        13,
        14,
        15,
        16,
        17,
        18,
        19,
        20,
        21,
        22,
        23,
        24,
        25,
        26,
        27,
        28,
        29,
        30,
        31,
        32,
        33,
        34,
        35,
        36,
        37,
        38,
        39,
        40,
        41,
        42,
        43,
        44,
        45,
        46,
        47,
        48,
        49,
        50,
        51,
        52,
        53,
        54,
        55,
        56,
        57,
        58,
        59,
        60,
        61,
        62,
        63,
        64,
        65,
        66,
        67,
        68,
        69,
        70,
        71,
        72,
        73,
        74,
        75,
        76,
        77,
        78,
        79,
        80,
        81,
        82,
        83,
        84,
        85,
        86,
        87,
        88,
        89,
        90,
        91,
        92,
        93,
        94,
        95,
        96,
        97,
        98,
        99
    ],
    "train_loss": [
        0.1593591868877411,
        0.10674531757831573,
        0.09234242141246796,
        0.08229490369558334,
        0.0796821266412735,
        0.07551403343677521,
        0.05703260749578476,
        0.045919567346572876,
        0.04074142128229141,
        0.03639652580022812,
        0.03078652359545231,
        0.02571534551680088,
        0.02452203258872032,
        0.021047404035925865,
        0.016853149980306625,
        0.019027480855584145,
        0.014143657870590687,
        0.011435408145189285,
        0.01127801276743412,
        0.009358497336506844,
        0.015264785848557949,
        0.010489278472959995,
        0.012212490662932396,
        0.0123874731361866,
        0.01364110130816698,
        0.016852155327796936,
        0.010923091322183609,
        0.009681876748800278,
        0.008664781227707863,
        0.008946684189140797,
        0.011110234074294567,
        0.009097235277295113,
        0.009836231358349323,
        0.009255467914044857,
        0.009032165631651878,
        0.008764485828578472,
        0.008743301965296268,
        0.010246210731565952,
        0.008959608152508736,
        0.010544350370764732,
        0.012217630632221699,
        0.012049205601215363,
        0.010790206491947174,
        0.010765309445559978,
        0.009796389378607273,
        0.009830283932387829,
        0.0093889981508255,
        0.009463664144277573,
        0.00946767907589674,
        0.008966810069978237,
        0.009085544385015965,
        0.008748357184231281,
        0.009260579943656921,
        0.008514446206390858,
        0.009806728921830654,
        0.011433008126914501,
        0.011541912332177162,
        0.011586972512304783,
        0.01016408484429121,
        0.009668953716754913,
        0.010095327161252499,
        0.010192924179136753,
        0.010611062869429588,
        0.010985798202455044,
        0.010348450392484665,
        0.009852596558630466,
        0.00966187659651041,
        0.009903968311846256,
        0.009651795029640198,
        0.008748725056648254,
        0.008789269253611565,
        0.00890094693750143,
        0.008828168734908104,
        0.008108698762953281,
        0.007807756774127483,
        0.00782280508428812,
        0.007551284506917,
        0.007473316043615341,
        0.007708972319960594,
        0.007807380985468626,
        0.0074050636030733585,
        0.007774552796036005,
        0.00791951734572649,
        0.007952692918479443,
        0.007710810750722885,
        0.007707381621003151,
        0.008095833472907543,
        0.008673267439007759,
        0.00920813623815775,
        0.008375278674066067,
        0.00808008387684822,
        0.007875298149883747,
        0.008647087961435318,
        0.008443363010883331,
        0.009170456789433956,
        0.009048322215676308,
        0.0103323208168149,
        0.010709451511502266,
        0.009491673670709133,
        0.008677991107106209
    ]
}