{
    "epoch": [
        0,
        1,
        2,
        3,
        4,
        5,
        6,
        7,
        8,
        9,
        10,
        11,
        12,
        13,
        14,
        15,
        16,
        17,
        18,
        19,
        20,
        21,
        22,
        23,
        24,
        25,
        26,
        27,
        28,
        29,
        30,
        31,
        32,
        33,
        34,
        35,
        36,
        37,
        38,
        39,
        40,
        41,
        42,
        43,
        44,
        45,
        46,
        47,
        48,
        49,
        50,
        51,
        52,
        53,
        54,
        55,
        56,
        57,
        58,
        59,
        60,
        61,
        62,
        63,
        64,
        65,
        66,
        67,
        68,
        69,
        70,
        71,
        72,
        73,
        74,
        75,
        76,
        77,
        78,
        79,
        80,
        81,
        82,
        83,
        84,
        85,
        86,
        87,
        88,
        89,
        90,
        91,
        92,
        93,
        94,
        95,
        96,
        97,
        98,
        99
    ],
    "train_loss": [
        0.024063939228653908,
        0.011912793852388859,
        0.00828655157238245,
        0.009382488206028938,
        0.011266455985605717,
        0.012306646443903446,
        0.011079646646976471,
        0.011230342090129852,
        0.010988338850438595,
        0.0099703473970294,
        0.010094103403389454,
        0.009942346252501011,
        0.009815827012062073,
        0.009921618737280369,
        0.009932730346918106,
        0.009872127324342728,
        0.009775253012776375,
        0.009783410467207432,
        0.009797466918826103,
        0.009777376428246498,
        0.009832571260631084,
        0.009877217933535576,
        0.009762396104633808,
        0.009765868075191975,
        0.009786822833120823,
        0.009816928766667843,
        0.009829503484070301,
        0.009778233245015144,
        0.009619785472750664,
        0.009651262313127518,
        0.009509029798209667,
        0.009508155286312103,
        0.009535063058137894,
        0.009555173106491566,
        0.009588071145117283,
        0.009545549750328064,
        0.009546869434416294,
        0.009578545577824116,
        0.009571682661771774,
        0.009511973708868027,
        0.009486283175647259,
        0.009467170573771,
        0.009448847733438015,
        0.009450888261198997,
        0.009464026428759098,
        0.009477408602833748,
        0.009456060826778412,
        0.009414885193109512,
        0.009397540241479874,
        0.009403453208506107,
        0.009403428062796593,
        0.009404618293046951,
        0.009415489621460438,
        0.0094200000166893,
        0.009422353468835354,
        0.009425130672752857,
        0.009433873929083347,
        0.009437301196157932,
        0.009434784762561321,
        0.009436008520424366,
        0.009438314475119114,
        0.00943777710199356,
        0.009442159906029701,
        0.009450430050492287,
        0.009457086212933064,
        0.009470305405557156,
        0.009484670124948025,
        0.009479573927819729,
        0.00949742179363966,
        0.009524035267531872,
        0.009550202637910843,
        0.009559409692883492,
        0.009576025418937206,
        0.009619124233722687,
        0.00976652279496193,
        0.009801032952964306,
        0.009824339300394058,
        0.00984739139676094,
        0.00987622793763876,
        0.009884407743811607,
        0.009846664033830166,
        0.009885838255286217,
        0.00993261206895113,
        0.0099258404225111,
        0.009930488653481007,
        0.009953249245882034,
        0.0099152447655797,
        0.009896802715957165,
        0.009867524728178978,
        0.009786702692508698,
        0.009876186028122902,
        0.00996816623955965,
        0.010159830562770367,
        0.010243488475680351,
        0.010250695049762726,
        0.010482973419129848,
        0.010735612362623215,
        0.010745881125330925,
        0.01099422387778759,
        0.011237680912017822
    ]
}