{
    "epoch": [
        0,
        1,
        2,
        3,
        4,
        5,
        6,
        7,
        8,
        9,
        10,
        11,
        12,
        13,
        14,
        15,
        16,
        17,
        18,
        19,
        20,
        21,
        22,
        23,
        24,
        25,
        26,
        27,
        28,
        29,
        30,
        31,
        32,
        33,
        34,
        35,
        36,
        37,
        38,
        39,
        40,
        41,
        42,
        43,
        44,
        45,
        46,
        47,
        48,
        49,
        50,
        51,
        52,
        53,
        54,
        55,
        56,
        57,
        58,
        59,
        60,
        61,
        62,
        63,
        64,
        65,
        66,
        67,
        68,
        69,
        70,
        71,
        72,
        73,
        74,
        75,
        76,
        77,
        78,
        79,
        80,
        81,
        82,
        83,
        84,
        85,
        86,
        87,
        88,
        89,
        90,
        91,
        92,
        93,
        94,
        95,
        96,
        97,
        98,
        99
    ],
    "train_loss": [
        0.07795446366071701,
        0.03265310451388359,
        0.02628711611032486,
        0.021323135122656822,
        0.017928875982761383,
        0.016770008951425552,
        0.014983901754021645,
        0.013903766870498657,
        0.013869681395590305,
        0.012460105121135712,
        0.012060350738465786,
        0.011850439012050629,
        0.011636211536824703,
        0.011133928783237934,
        0.01107912790030241,
        0.010872099548578262,
        0.01076907105743885,
        0.010651424527168274,
        0.010498692281544209,
        0.01043354906141758,
        0.010397073812782764,
        0.010090705007314682,
        0.010115952230989933,
        0.009910543449223042,
        0.009819419123232365,
        0.00950544886291027,
        0.009410027414560318,
        0.009125540032982826,
        0.008869887329638004,
        0.009095225483179092,
        0.00921887718141079,
        0.009328115731477737,
        0.009115178138017654,
        0.008686983026564121,
        0.008044450543820858,
        0.008589979261159897,
        0.008119465783238411,
        0.007640097755938768,
        0.007662175688892603,
        0.007910173386335373,
        0.007830190472304821,
        0.007882545702159405,
        0.00716724107041955,
        0.007550918497145176,
        0.00847309734672308,
        0.007724466267973185,
        0.0076568759977817535,
        0.0074239205569028854,
        0.00725051062181592,
        0.007406945340335369,
        0.007896813564002514,
        0.008172552101314068,
        0.008648504503071308,
        0.008271647617220879,
        0.008912731893360615,
        0.009906015358865261,
        0.009348109364509583,
        0.008355621248483658,
        0.008009697310626507,
        0.007880622521042824,
        0.007567831315100193,
        0.007554567418992519,
        0.00741770351305604,
        0.007387304212898016,
        0.007345855236053467,
        0.007050711661577225,
        0.006876145023852587,
        0.006678755860775709,
        0.0065542650409042835,
        0.006499872077256441,
        0.006489787716418505,
        0.006441864650696516,
        0.006460406817495823,
        0.006528446916490793,
        0.006796045228838921,
        0.006607892923057079,
        0.006389085203409195,
        0.0061670634895563126,
        0.006088664289563894,
        0.006032060831785202,
        0.006015080958604813,
        0.005990185309201479,
        0.005945087876170874,
        0.005930674262344837,
        0.005897599272429943,
        0.005874694790691137,
        0.005939376074820757,
        0.006039194762706757,
        0.006184917408972979,
        0.00635384488850832,
        0.006419384386390448,
        0.006500467658042908,
        0.006499254610389471,
        0.00654841773211956,
        0.006599761079996824,
        0.0066191223450005054,
        0.006433391477912664,
        0.0063686128705739975,
        0.006260159891098738,
        0.006256852298974991
    ]
}