{
    "epoch": [
        0,
        1,
        2,
        3,
        4,
        5,
        6,
        7,
        8,
        9,
        10,
        11,
        12,
        13,
        14,
        15,
        16,
        17,
        18,
        19,
        20,
        21,
        22,
        23,
        24,
        25,
        26,
        27,
        28,
        29,
        30,
        31,
        32,
        33,
        34,
        35,
        36,
        37,
        38,
        39,
        40,
        41,
        42,
        43,
        44,
        45,
        46,
        47,
        48,
        49,
        50,
        51,
        52,
        53,
        54,
        55,
        56,
        57,
        58,
        59,
        60,
        61,
        62,
        63,
        64,
        65,
        66,
        67,
        68,
        69,
        70,
        71,
        72,
        73,
        74,
        75,
        76,
        77,
        78,
        79,
        80,
        81,
        82,
        83,
        84,
        85,
        86,
        87,
        88,
        89,
        90,
        91,
        92,
        93,
        94,
        95,
        96,
        97,
        98,
        99
    ],
    "train_loss": [
        0.03280661255121231,
        0.020047416910529137,
        0.016319280490279198,
        0.014285655692219734,
        0.011912618763744831,
        0.012427374720573425,
        0.011791536584496498,
        0.011329101398587227,
        0.010916335508227348,
        0.010551576502621174,
        0.010225886479020119,
        0.010170398280024529,
        0.010171003639698029,
        0.010169816203415394,
        0.009829697199165821,
        0.0096322325989604,
        0.008984401822090149,
        0.008530390448868275,
        0.008748404681682587,
        0.009294511750340462,
        0.00935940071940422,
        0.009212824515998363,
        0.009141421876847744,
        0.008886699564754963,
        0.009116404689848423,
        0.009542311541736126,
        0.009751319885253906,
        0.009942110627889633,
        0.009202870540320873,
        0.009496497921645641,
        0.009553461335599422,
        0.00903670396655798,
        0.008686312474310398,
        0.009155821986496449,
        0.009031813591718674,
        0.00997547060251236,
        0.00965990498661995,
        0.009504512883722782,
        0.009321657009422779,
        0.009062015451490879,
        0.008954770863056183,
        0.009019041433930397,
        0.008957029320299625,
        0.009093325585126877,
        0.00946170836687088,
        0.009353109635412693,
        0.009155946783721447,
        0.009250886738300323,
        0.009314484894275665,
        0.009310713037848473,
        0.009682766161859035,
        0.009785819798707962,
        0.010131092742085457,
        0.009730644524097443,
        0.009555047377943993,
        0.009520983323454857,
        0.009596060961484909,
        0.009270290844142437,
        0.009275879710912704,
        0.009198220446705818,
        0.00926907453685999,
        0.009292851202189922,
        0.009269678965210915,
        0.009399921633303165,
        0.009700777009129524,
        0.01006474532186985,
        0.00975597184151411,
        0.009685815311968327,
        0.009925317019224167,
        0.010049955919384956,
        0.010274217464029789,
        0.010414575226604939,
        0.010402286425232887,
        0.010206340812146664,
        0.010328944772481918,
        0.010491776280105114,
        0.010598583146929741,
        0.01058646384626627,
        0.010702990926802158,
        0.01063206885010004,
        0.010739123448729515,
        0.010641265660524368,
        0.010603578761219978,
        0.010569139383733273,
        0.010533235967159271,
        0.010624004527926445,
        0.01060535665601492,
        0.01083837728947401,
        0.010835995897650719,
        0.010834780521690845,
        0.010817872360348701,
        0.010770516470074654,
        0.010747556574642658,
        0.010755538009107113,
        0.010777282528579235,
        0.01078049000352621,
        0.010777673684060574,
        0.010771239176392555,
        0.010791435837745667,
        0.010753114707767963
    ]
}