{
    "epoch": [
        0,
        1,
        2,
        3,
        4,
        5,
        6,
        7,
        8,
        9,
        10,
        11,
        12,
        13,
        14,
        15,
        16,
        17,
        18,
        19,
        20,
        21,
        22,
        23,
        24,
        25,
        26,
        27,
        28,
        29,
        30,
        31,
        32,
        33,
        34,
        35,
        36,
        37,
        38,
        39,
        40,
        41,
        42,
        43,
        44,
        45,
        46,
        47,
        48,
        49,
        50,
        51,
        52,
        53,
        54,
        55,
        56,
        57,
        58,
        59,
        60,
        61,
        62,
        63,
        64,
        65,
        66,
        67,
        68,
        69,
        70,
        71,
        72,
        73,
        74,
        75,
        76,
        77,
        78,
        79,
        80,
        81,
        82,
        83,
        84,
        85,
        86,
        87,
        88,
        89,
        90,
        91,
        92,
        93,
        94,
        95,
        96,
        97,
        98,
        99
    ],
    "train_loss": [
        0.13396885991096497,
        0.05844217538833618,
        0.03209238499403,
        0.02149503491818905,
        0.015975456684827805,
        0.014445296488702297,
        0.011699104681611061,
        0.011795077472925186,
        0.011033755727112293,
        0.012059446424245834,
        0.011465756222605705,
        0.011578490026295185,
        0.011120626702904701,
        0.013290096074342728,
        0.012682388536632061,
        0.012640153989195824,
        0.01427552755922079,
        0.015228240750730038,
        0.01507722306996584,
        0.017690835520625114,
        0.017462877556681633,
        0.018229521811008453,
        0.014744541607797146,
        0.014098137617111206,
        0.013036645017564297,
        0.011804837733507156,
        0.011355286464095116,
        0.010869975201785564,
        0.010429845191538334,
        0.010147850029170513,
        0.010173589922487736,
        0.009632564149796963,
        0.009227361530065536,
        0.00903329811990261,
        0.008935418911278248,
        0.009214635007083416,
        0.008805609308183193,
        0.008474549278616905,
        0.008249238133430481,
        0.008218849077820778,
        0.008350671268999577,
        0.008180011995136738,
        0.008083595894277096,
        0.007922573015093803,
        0.007914548739790916,
        0.008714067749679089,
        0.008555935695767403,
        0.008412792347371578,
        0.008431626483798027,
        0.00833260826766491,
        0.008260411210358143,
        0.008300796151161194,
        0.008211970329284668,
        0.008150086738169193,
        0.008067958056926727,
        0.007977580651640892,
        0.007945351302623749,
        0.007929711602628231,
        0.007929711602628231,
        0.007929707877337933,
        0.007929711602628231,
        0.007929711602628231,
        0.007929711602628231,
        0.007929707877337933,
        0.007929707877337933,
        0.007929711602628231,
        0.007929711602628231,
        0.007929706946015358,
        0.007929707877337933,
        0.007929711602628231,
        0.007929711602628231,
        0.007929706946015358,
        0.007929711602628231,
        0.007929711602628231,
        0.007929707877337933,
        0.007929711602628231,
        0.007929711602628231,
        0.007929711602628231,
        0.007929710671305656,
        0.007929711602628231,
        0.007929711602628231,
        0.007929711602628231,
        0.007929707877337933,
        0.007929707877337933,
        0.007929711602628231,
        0.007929706946015358,
        0.007951261475682259,
        0.007951261475682259,
        0.007943768985569477,
        0.007937535643577576,
        0.0079239746555686,
        0.00792397279292345,
        0.00792397279292345,
        0.007923971861600876,
        0.007923971861600876,
        0.0079239746555686,
        0.00792397279292345,
        0.007935479283332825,
        0.007940685376524925,
        0.007903479970991611
    ]
}