{
    "epoch": [
        0,
        1,
        2,
        3,
        4,
        5,
        6,
        7,
        8,
        9,
        10,
        11,
        12,
        13,
        14,
        15,
        16,
        17,
        18,
        19,
        20,
        21,
        22,
        23,
        24,
        25,
        26,
        27,
        28,
        29,
        30,
        31,
        32,
        33,
        34,
        35,
        36,
        37,
        38,
        39,
        40,
        41,
        42,
        43,
        44,
        45,
        46,
        47,
        48,
        49,
        50,
        51,
        52,
        53,
        54,
        55,
        56,
        57,
        58,
        59,
        60,
        61,
        62,
        63,
        64,
        65,
        66,
        67,
        68,
        69,
        70,
        71,
        72,
        73,
        74,
        75,
        76,
        77,
        78,
        79,
        80,
        81,
        82,
        83,
        84,
        85,
        86,
        87,
        88,
        89,
        90,
        91,
        92,
        93,
        94,
        95,
        96,
        97,
        98,
        99
    ],
    "train_loss": [
        0.026155414059758186,
        0.015670545399188995,
        0.012851639650762081,
        0.01521077286452055,
        0.010440021753311157,
        0.009741966612637043,
        0.009512257762253284,
        0.009232588112354279,
        0.009263801388442516,
        0.00930733885616064,
        0.009172133170068264,
        0.0091586047783494,
        0.009257924742996693,
        0.009149076417088509,
        0.009030794724822044,
        0.008891908451914787,
        0.008733095601201057,
        0.008354495279490948,
        0.008127111941576004,
        0.008036446757614613,
        0.007940526120364666,
        0.007889552973210812,
        0.007989767007529736,
        0.007932087406516075,
        0.007884264923632145,
        0.007982227951288223,
        0.008030697703361511,
        0.008012881502509117,
        0.00797942839562893,
        0.007923111319541931,
        0.007914884015917778,
        0.00793484691530466,
        0.00798138976097107,
        0.008057315833866596,
        0.008079043589532375,
        0.008119694888591766,
        0.008091695606708527,
        0.008070998825132847,
        0.008046974427998066,
        0.00803863164037466,
        0.0080232759937644,
        0.007991890422999859,
        0.007970335893332958,
        0.007924044504761696,
        0.007899615913629532,
        0.00784707348793745,
        0.007848106324672699,
        0.007845090702176094,
        0.007857072167098522,
        0.007863093167543411,
        0.007861532270908356,
        0.00784846767783165,
        0.00781382154673338,
        0.007733201142400503,
        0.007681232411414385,
        0.007669253274798393,
        0.007661513518542051,
        0.007658442482352257,
        0.00765755632892251,
        0.007664666976779699,
        0.007675682660192251,
        0.007684233132749796,
        0.007682762574404478,
        0.007668445818126202,
        0.007655284367501736,
        0.007643421646207571,
        0.0076321265660226345,
        0.007606652565300465,
        0.007600954733788967,
        0.007588803768157959,
        0.007567605469375849,
        0.0075547886081039906,
        0.00754459947347641,
        0.007530883885920048,
        0.007515201810747385,
        0.0074960519559681416,
        0.00746858911588788,
        0.007442845031619072,
        0.007408974226564169,
        0.0073855165392160416,
        0.007314223796129227,
        0.007299900986254215,
        0.0072875660844147205,
        0.0072755394503474236,
        0.007254702039062977,
        0.007223448250442743,
        0.007189204450696707,
        0.007167828734964132,
        0.007146062795072794,
        0.007093165069818497,
        0.007064289879053831,
        0.0070417760871350765,
        0.007012846879661083,
        0.006998218595981598,
        0.006986077409237623,
        0.006971567403525114,
        0.006940934807062149,
        0.006905100774019957,
        0.00688552251085639,
        0.0068417261354625225
    ]
}