{
    "epoch": [
        0,
        1,
        2,
        3,
        4,
        5,
        6,
        7,
        8,
        9,
        10,
        11,
        12,
        13,
        14,
        15,
        16,
        17,
        18,
        19,
        20,
        21,
        22,
        23,
        24,
        25,
        26,
        27,
        28,
        29,
        30,
        31,
        32,
        33,
        34,
        35,
        36,
        37,
        38,
        39,
        40,
        41,
        42,
        43,
        44,
        45,
        46,
        47,
        48,
        49,
        50,
        51,
        52,
        53,
        54,
        55,
        56,
        57,
        58,
        59,
        60,
        61,
        62,
        63,
        64,
        65,
        66,
        67,
        68,
        69,
        70,
        71,
        72,
        73,
        74,
        75,
        76,
        77,
        78,
        79,
        80,
        81,
        82,
        83,
        84,
        85,
        86,
        87,
        88,
        89,
        90,
        91,
        92,
        93,
        94,
        95,
        96,
        97,
        98,
        99
    ],
    "train_loss": [
        0.37326911091804504,
        0.22297263145446777,
        0.17851802706718445,
        0.13580824434757233,
        0.12149130553007126,
        0.11441396921873093,
        0.10765326023101807,
        0.0985993891954422,
        0.08520760387182236,
        0.06460801512002945,
        0.06531303375959396,
        0.046912554651498795,
        0.039210595190525055,
        0.03768457472324371,
        0.02506571263074875,
        0.028078051283955574,
        0.02660180628299713,
        0.026929205283522606,
        0.02396695502102375,
        0.01914958469569683,
        0.01953856833279133,
        0.017829634249210358,
        0.015557646751403809,
        0.015073418617248535,
        0.013717508874833584,
        0.013496162369847298,
        0.013151495717465878,
        0.013439755886793137,
        0.013912755064666271,
        0.013575305230915546,
        0.01255317684262991,
        0.012429567985236645,
        0.012675914913415909,
        0.012488593347370625,
        0.011499257758259773,
        0.011682018637657166,
        0.010649260133504868,
        0.010038821026682854,
        0.009593968279659748,
        0.009799282066524029,
        0.010817204602062702,
        0.012433590367436409,
        0.013100101612508297,
        0.01580352708697319,
        0.012647970579564571,
        0.012197780422866344,
        0.013093674555420876,
        0.012656616978347301,
        0.011194705031812191,
        0.010401620529592037,
        0.010715309530496597,
        0.008662673644721508,
        0.00823905412107706,
        0.008092820644378662,
        0.007660307455807924,
        0.0072343796491622925,
        0.00742720952257514,
        0.007342984899878502,
        0.008073029108345509,
        0.008943000808358192,
        0.007782915141433477,
        0.0071971965953707695,
        0.006857031956315041,
        0.006558514665812254,
        0.0063980380073189735,
        0.0062659066170454025,
        0.0063900272361934185,
        0.006570871453732252,
        0.006907281931489706,
        0.006882962305098772,
        0.005951107479631901,
        0.005802208557724953,
        0.005674694199115038,
        0.00578282168135047,
        0.006078075151890516,
        0.0060569834895431995,
        0.006357506383210421,
        0.0056693111546337605,
        0.005506791640073061,
        0.00552030187100172,
        0.005456969141960144,
        0.005492724943906069,
        0.00524073326960206,
        0.005245332606136799,
        0.005221908446401358,
        0.005203222390264273,
        0.005183650646358728,
        0.005224223714321852,
        0.0050608511082828045,
        0.005008204840123653,
        0.004960367456078529,
        0.004942022264003754,
        0.004918858874589205,
        0.005041269585490227,
        0.005016022361814976,
        0.005064656026661396,
        0.0051481639966368675,
        0.00534537248313427,
        0.0052466122433543205,
        0.005045922007411718
    ]
}