{
    "epoch": [
        0,
        1,
        2,
        3,
        4,
        5,
        6,
        7,
        8,
        9,
        10,
        11,
        12,
        13,
        14,
        15,
        16,
        17,
        18,
        19,
        20,
        21,
        22,
        23,
        24,
        25,
        26,
        27,
        28,
        29,
        30,
        31,
        32,
        33,
        34,
        35,
        36,
        37,
        38,
        39,
        40,
        41,
        42,
        43,
        44,
        45,
        46,
        47,
        48,
        49,
        50,
        51,
        52,
        53,
        54,
        55,
        56,
        57,
        58,
        59,
        60,
        61,
        62,
        63,
        64,
        65,
        66,
        67,
        68,
        69,
        70,
        71,
        72,
        73,
        74,
        75,
        76,
        77,
        78,
        79,
        80,
        81,
        82,
        83,
        84,
        85,
        86,
        87,
        88,
        89,
        90,
        91,
        92,
        93,
        94,
        95,
        96,
        97,
        98,
        99
    ],
    "train_loss": [
        0.024532567709684372,
        0.016928382217884064,
        0.01291186735033989,
        0.01253325492143631,
        0.010424093343317509,
        0.009310982190072536,
        0.009170266799628735,
        0.008861982263624668,
        0.008795371279120445,
        0.008650216273963451,
        0.008620191365480423,
        0.008752336725592613,
        0.008803950622677803,
        0.008745113387703896,
        0.008670290000736713,
        0.008548562414944172,
        0.008331776596605778,
        0.008213978260755539,
        0.008100481703877449,
        0.008007142692804337,
        0.00786571390926838,
        0.007675630040466785,
        0.007629066705703735,
        0.0075549837201833725,
        0.007495484314858913,
        0.007452339865267277,
        0.0073331017047166824,
        0.007295520044863224,
        0.007266163360327482,
        0.007209579460322857,
        0.007166707422584295,
        0.0070962486788630486,
        0.0070051769725978374,
        0.0069653247483074665,
        0.006899112369865179,
        0.006758642382919788,
        0.006568122189491987,
        0.0064400434494018555,
        0.006263215094804764,
        0.0059827156364917755,
        0.005888354033231735,
        0.005751130171120167,
        0.00558831449598074,
        0.005439226049929857,
        0.0053077321499586105,
        0.004768639337271452,
        0.004489095415920019,
        0.004422653932124376,
        0.004420026205480099,
        0.004364893771708012,
        0.004749612882733345,
        0.0047665429301559925,
        0.005056886002421379,
        0.004924390465021133,
        0.0047962055541574955,
        0.004668200388550758,
        0.0046427492052316666,
        0.004755536559969187,
        0.00480288453400135,
        0.005046564619988203,
        0.0053581432439386845,
        0.0050935144536197186,
        0.005070967599749565,
        0.0050256880931556225,
        0.005133452359586954,
        0.005217704921960831,
        0.005335938651114702,
        0.005496370140463114,
        0.005846080835908651,
        0.006289149634540081,
        0.006812338251620531,
        0.006769802421331406,
        0.007196005899459124,
        0.007637413218617439,
        0.008529717102646828,
        0.009017279371619225,
        0.009230759926140308,
        0.010203622281551361,
        0.011591129936277866,
        0.012559846974909306,
        0.014492147602140903,
        0.01492258533835411,
        0.015795724466443062,
        0.015768058598041534,
        0.01634674333035946,
        0.015908341854810715,
        0.015848631039261818,
        0.015243307687342167,
        0.01493529137223959,
        0.014569955877959728,
        0.013989766128361225,
        0.01338241994380951,
        0.012875731103122234,
        0.012476173229515553,
        0.012194453738629818,
        0.011649155989289284,
        0.011034753173589706,
        0.009985687211155891,
        0.009558554738759995,
        0.009000951424241066
    ]
}