{
    "epoch": [
        0,
        1,
        2,
        3,
        4,
        5,
        6,
        7,
        8,
        9,
        10,
        11,
        12,
        13,
        14,
        15,
        16,
        17,
        18,
        19,
        20,
        21,
        22,
        23,
        24,
        25,
        26,
        27,
        28,
        29,
        30,
        31,
        32,
        33,
        34,
        35,
        36,
        37,
        38,
        39,
        40,
        41,
        42,
        43,
        44,
        45,
        46,
        47,
        48,
        49,
        50,
        51,
        52,
        53,
        54,
        55,
        56,
        57,
        58,
        59,
        60,
        61,
        62,
        63,
        64,
        65,
        66,
        67,
        68,
        69,
        70,
        71,
        72,
        73,
        74,
        75,
        76,
        77,
        78,
        79,
        80,
        81,
        82,
        83,
        84,
        85,
        86,
        87,
        88,
        89,
        90,
        91,
        92,
        93,
        94,
        95,
        96,
        97,
        98,
        99
    ],
    "train_loss": [
        0.02521047554910183,
        0.02258465625345707,
        0.017284277826547623,
        0.015553498640656471,
        0.015463030897080898,
        0.013373328372836113,
        0.011487468145787716,
        0.011016740463674068,
        0.010423236526548862,
        0.009896785020828247,
        0.010017777793109417,
        0.009913422167301178,
        0.009825315326452255,
        0.009662322700023651,
        0.009605546481907368,
        0.009643432684242725,
        0.009581410326063633,
        0.009535073302686214,
        0.009545321576297283,
        0.009557772427797318,
        0.00944998674094677,
        0.009204009547829628,
        0.008984125219285488,
        0.008711976930499077,
        0.008105669170618057,
        0.00778783718124032,
        0.007418785244226456,
        0.007247332017868757,
        0.007128313183784485,
        0.0069550033658742905,
        0.007102901581674814,
        0.006783108692616224,
        0.006499186623841524,
        0.006528249941766262,
        0.006418603006750345,
        0.0062304772436618805,
        0.006156650837510824,
        0.0061520473100245,
        0.006171117071062326,
        0.006009986158460379,
        0.006066346075385809,
        0.005901085678488016,
        0.005916182417422533,
        0.0059800101444125175,
        0.005892449989914894,
        0.005942863877862692,
        0.0058909528888762,
        0.005900813732296228,
        0.005868181586265564,
        0.0057835653424263,
        0.005741485860198736,
        0.00560210132971406,
        0.005696314387023449,
        0.005706372205168009,
        0.005690696183592081,
        0.005602359771728516,
        0.005707425065338612,
        0.0056871832348406315,
        0.005645390599966049,
        0.005502241663634777,
        0.005440063308924437,
        0.005518986377865076,
        0.005521383136510849,
        0.005498346406966448,
        0.005591551307588816,
        0.005603428464382887,
        0.005654926877468824,
        0.006166163366287947,
        0.006267985794693232,
        0.00771408760920167,
        0.00784213561564684,
        0.0074487486854195595,
        0.006928498391062021,
        0.006771824322640896,
        0.006606297101825476,
        0.006214341148734093,
        0.006898666266351938,
        0.006705557927489281,
        0.0067720417864620686,
        0.005917793605476618,
        0.005647370591759682,
        0.005431361962109804,
        0.005189019255340099,
        0.005131714511662722,
        0.005004715174436569,
        0.0050825257785618305,
        0.005049504805356264,
        0.005134643986821175,
        0.0049253543838858604,
        0.005094729829579592,
        0.004916231147944927,
        0.004530888982117176,
        0.004304695408791304,
        0.0042220973409712315,
        0.004190096631646156,
        0.004177270922809839,
        0.004267730750143528,
        0.004208920523524284,
        0.004265238996595144,
        0.004217580426484346
    ]
}