{
    "epoch": [
        0,
        1,
        2,
        3,
        4,
        5,
        6,
        7,
        8,
        9,
        10,
        11,
        12,
        13,
        14,
        15,
        16,
        17,
        18,
        19,
        20,
        21,
        22,
        23,
        24,
        25,
        26,
        27,
        28,
        29,
        30,
        31,
        32,
        33,
        34,
        35,
        36,
        37,
        38,
        39,
        40,
        41,
        42,
        43,
        44,
        45,
        46,
        47,
        48,
        49,
        50,
        51,
        52,
        53,
        54,
        55,
        56,
        57,
        58,
        59,
        60,
        61,
        62,
        63,
        64,
        65,
        66,
        67,
        68,
        69,
        70,
        71,
        72,
        73,
        74,
        75,
        76,
        77,
        78,
        79,
        80,
        81,
        82,
        83,
        84,
        85,
        86,
        87,
        88,
        89,
        90,
        91,
        92,
        93,
        94,
        95,
        96,
        97,
        98,
        99
    ],
    "train_loss": [
        0.02617095783352852,
        0.010921087116003036,
        0.01341842208057642,
        0.011408809572458267,
        0.008022130466997623,
        0.00876669492572546,
        0.01332710962742567,
        0.01114287693053484,
        0.008452439680695534,
        0.007360508665442467,
        0.007374082691967487,
        0.007255170959979296,
        0.00728818541392684,
        0.007054462563246489,
        0.007138354703783989,
        0.007249374408274889,
        0.006516959052532911,
        0.0062239449471235275,
        0.006871901452541351,
        0.007218725513666868,
        0.007576115895062685,
        0.00759323313832283,
        0.007354816887527704,
        0.0073102726601064205,
        0.00724004628136754,
        0.007415195927023888,
        0.008294032886624336,
        0.00890967808663845,
        0.008803420700132847,
        0.008356316946446896,
        0.007641475182026625,
        0.008439279161393642,
        0.008218192495405674,
        0.00791010633111,
        0.007818705402314663,
        0.006459383759647608,
        0.0056449188850820065,
        0.005526695400476456,
        0.005648746155202389,
        0.0057050008326768875,
        0.006124875042587519,
        0.006427050102502108,
        0.0061308094300329685,
        0.006416016258299351,
        0.006502521689981222,
        0.006359689403325319,
        0.006371315103024244,
        0.0064132558181881905,
        0.0064344280399382114,
        0.006362393498420715,
        0.006177114322781563,
        0.00619836850091815,
        0.006304286886006594,
        0.0062431590631604195,
        0.006185126956552267,
        0.006211407948285341,
        0.006240647751837969,
        0.006153535097837448,
        0.006210146937519312,
        0.0060843247920274734,
        0.005997421685606241,
        0.006051672622561455,
        0.006053070072084665,
        0.006107107736170292,
        0.006476950831711292,
        0.006427541375160217,
        0.0067009711638092995,
        0.0069243423640728,
        0.006882264278829098,
        0.006709579844027758,
        0.006982733495533466,
        0.0068291593343019485,
        0.007244857959449291,
        0.007650872226804495,
        0.007744297385215759,
        0.0073508913628757,
        0.007297971285879612,
        0.006990774534642696,
        0.0069097960367798805,
        0.006687039043754339,
        0.006512592546641827,
        0.006646772380918264,
        0.006823503877967596,
        0.006937109399586916,
        0.007044793572276831,
        0.0069936723448336124,
        0.007188905030488968,
        0.007162449415773153,
        0.007086816243827343,
        0.007141132839024067,
        0.0072579639963805676,
        0.007333243731409311,
        0.00751360272988677,
        0.007477187551558018,
        0.00776449590921402,
        0.007636078167706728,
        0.007833894342184067,
        0.00779382511973381,
        0.007877499796450138,
        0.00796377845108509
    ]
}