{
    "epoch": [
        0,
        1,
        2,
        3,
        4,
        5,
        6,
        7,
        8,
        9,
        10,
        11,
        12,
        13,
        14,
        15,
        16,
        17,
        18,
        19,
        20,
        21,
        22,
        23,
        24,
        25,
        26,
        27,
        28,
        29,
        30,
        31,
        32,
        33,
        34,
        35,
        36,
        37,
        38,
        39,
        40,
        41,
        42,
        43,
        44,
        45,
        46,
        47,
        48,
        49,
        50,
        51,
        52,
        53,
        54,
        55,
        56,
        57,
        58,
        59,
        60,
        61,
        62,
        63,
        64,
        65,
        66,
        67,
        68,
        69,
        70,
        71,
        72,
        73,
        74,
        75,
        76,
        77,
        78,
        79,
        80,
        81,
        82,
        83,
        84,
        85,
        86,
        87,
        88,
        89,
        90,
        91,
        92,
        93,
        94,
        95,
        96,
        97,
        98,
        99
    ],
    "train_loss": [
        0.07237096130847931,
        0.02282658964395523,
        0.02186320535838604,
        0.01641211286187172,
        0.015599562786519527,
        0.01956876553595066,
        0.01407457236200571,
        0.012071643956005573,
        0.016377752646803856,
        0.012331809848546982,
        0.01432526484131813,
        0.013280192390084267,
        0.007947918027639389,
        0.01320350170135498,
        0.010989800095558167,
        0.011788323521614075,
        0.010602671653032303,
        0.008479999378323555,
        0.008208557032048702,
        0.008596965111792088,
        0.008679207414388657,
        0.010879524052143097,
        0.008050981909036636,
        0.00806945376098156,
        0.007476103957742453,
        0.006205671466886997,
        0.006847897544503212,
        0.005597465671598911,
        0.0076686847023665905,
        0.007140237372368574,
        0.008185042068362236,
        0.0062196338549256325,
        0.006773965898901224,
        0.007855573669075966,
        0.009122156538069248,
        0.009226687252521515,
        0.008209285326302052,
        0.007938949391245842,
        0.009473118931055069,
        0.01030676532536745,
        0.007996273227036,
        0.007159044034779072,
        0.005903393495827913,
        0.006836007349193096,
        0.006757177412509918,
        0.007162483874708414,
        0.006653230171650648,
        0.006245058961212635,
        0.005932534579187632,
        0.0057853953912854195,
        0.005792269017547369,
        0.005745915696024895,
        0.0061177704483270645,
        0.005766821093857288,
        0.005645688623189926,
        0.005682163406163454,
        0.005658220499753952,
        0.005768436472862959,
        0.0056806523352861404,
        0.005616840440779924,
        0.0054002609103918076,
        0.005103450734168291,
        0.004976589698344469,
        0.004964005667716265,
        0.004964005202054977,
        0.004846672527492046,
        0.00533110648393631,
        0.005388307385146618,
        0.005295115988701582,
        0.005058573558926582,
        0.004934322088956833,
        0.004806729964911938,
        0.004937713034451008,
        0.004899967927485704,
        0.004795292392373085,
        0.005026965867727995,
        0.004814548883587122,
        0.004863232374191284,
        0.004867585375905037,
        0.004892802331596613,
        0.004902228247374296,
        0.0049119023606181145,
        0.004973036702722311,
        0.004909202456474304,
        0.004904749803245068,
        0.004855861887335777,
        0.004900828469544649,
        0.005036588758230209,
        0.004953410010784864,
        0.004971092101186514,
        0.004974962677806616,
        0.005041539203375578,
        0.005026979371905327,
        0.004927908070385456,
        0.004913036711513996,
        0.004850937984883785,
        0.00476798415184021,
        0.004696952644735575,
        0.004687093663960695,
        0.004701238591223955
    ]
}