{
    "epoch": [
        0,
        1,
        2,
        3,
        4,
        5,
        6,
        7,
        8,
        9,
        10,
        11,
        12,
        13,
        14,
        15,
        16,
        17,
        18,
        19,
        20,
        21,
        22,
        23,
        24,
        25,
        26,
        27,
        28,
        29,
        30,
        31,
        32,
        33,
        34,
        35,
        36,
        37,
        38,
        39,
        40,
        41,
        42,
        43,
        44,
        45,
        46,
        47,
        48,
        49,
        50,
        51,
        52,
        53,
        54,
        55,
        56,
        57,
        58,
        59,
        60,
        61,
        62,
        63,
        64,
        65,
        66,
        67,
        68,
        69,
        70,
        71,
        72,
        73,
        74,
        75,
        76,
        77,
        78,
        79,
        80,
        81,
        82,
        83,
        84,
        85,
        86,
        87,
        88,
        89,
        90,
        91,
        92,
        93,
        94,
        95,
        96,
        97,
        98,
        99
    ],
    "train_loss": [
        0.547687828540802,
        0.4195532202720642,
        0.3455056846141815,
        0.30826279520988464,
        0.29134607315063477,
        0.29676353931427,
        0.26439300179481506,
        0.23982074856758118,
        0.22420500218868256,
        0.21010267734527588,
        0.23343198001384735,
        0.21568340063095093,
        0.20609211921691895,
        0.19967104494571686,
        0.19354090094566345,
        0.19628001749515533,
        0.19185331463813782,
        0.18665269017219543,
        0.18291142582893372,
        0.181328684091568,
        0.18159402906894684,
        0.17399227619171143,
        0.1691555380821228,
        0.16422313451766968,
        0.15950533747673035,
        0.16657385230064392,
        0.15902309119701385,
        0.15445350110530853,
        0.14973406493663788,
        0.14406803250312805,
        0.14090976119041443,
        0.13175949454307556,
        0.12719078361988068,
        0.12280716747045517,
        0.11896425485610962,
        0.11659747362136841,
        0.11096183210611343,
        0.10861749947071075,
        0.10613030940294266,
        0.10275543481111526,
        0.12843650579452515,
        0.10680568218231201,
        0.10122407227754593,
        0.09838779270648956,
        0.09692409634590149,
        0.09630512446165085,
        0.09442860633134842,
        0.09338104724884033,
        0.09285275638103485,
        0.091881163418293,
        0.09118284285068512,
        0.09046383947134018,
        0.089273601770401,
        0.08831126242876053,
        0.08619210869073868,
        0.08302205055952072,
        0.08019831776618958,
        0.0779808759689331,
        0.07600470632314682,
        0.07286254316568375,
        0.07112199068069458,
        0.06852469593286514,
        0.06619694083929062,
        0.06348591297864914,
        0.060151733458042145,
        0.05645096302032471,
        0.0528390146791935,
        0.0507604144513607,
        0.048353154212236404,
        0.04624919965863228,
        0.042610250413417816,
        0.03952983021736145,
        0.03664970025420189,
        0.03488791733980179,
        0.03304358944296837,
        0.031163251027464867,
        0.03054232895374298,
        0.02960837073624134,
        0.029039394110441208,
        0.028129151090979576,
        0.02794567495584488,
        0.027863765135407448,
        0.0274850744754076,
        0.027560051530599594,
        0.026847779750823975,
        0.026251276955008507,
        0.025924451649188995,
        0.025830158963799477,
        0.02574533224105835,
        0.025586817413568497,
        0.025625715032219887,
        0.02569354511797428,
        0.02526632323861122,
        0.025156278163194656,
        0.025312863290309906,
        0.025328155606985092,
        0.025627020746469498,
        0.025398200377821922,
        0.025320233777165413,
        0.02626769430935383
    ]
}