{
    "epoch": [
        0,
        1,
        2,
        3,
        4,
        5,
        6,
        7,
        8,
        9,
        10,
        11,
        12,
        13,
        14,
        15,
        16,
        17,
        18,
        19,
        20,
        21,
        22,
        23,
        24,
        25,
        26,
        27,
        28,
        29,
        30,
        31,
        32,
        33,
        34,
        35,
        36,
        37,
        38,
        39,
        40,
        41,
        42,
        43,
        44,
        45,
        46,
        47,
        48,
        49,
        50,
        51,
        52,
        53,
        54,
        55,
        56,
        57,
        58,
        59,
        60,
        61,
        62,
        63,
        64,
        65,
        66,
        67,
        68,
        69,
        70,
        71,
        72,
        73,
        74,
        75,
        76,
        77,
        78,
        79,
        80,
        81,
        82,
        83,
        84,
        85,
        86,
        87,
        88,
        89,
        90,
        91,
        92,
        93,
        94,
        95,
        96,
        97,
        98,
        99
    ],
    "train_loss": [
        0.03513576090335846,
        0.01875520683825016,
        0.014742134138941765,
        0.013068374246358871,
        0.012180007994174957,
        0.011208691634237766,
        0.01075938530266285,
        0.011072318069636822,
        0.01136502530425787,
        0.014246233738958836,
        0.013281427323818207,
        0.013619408011436462,
        0.017136646434664726,
        0.01705888845026493,
        0.013025911524891853,
        0.012155747041106224,
        0.011743271723389626,
        0.011594085022807121,
        0.011210196651518345,
        0.010808497667312622,
        0.01069043017923832,
        0.01034007128328085,
        0.009938279166817665,
        0.009570823051035404,
        0.009318148717284203,
        0.009068792685866356,
        0.008749743923544884,
        0.008411489427089691,
        0.008068704046308994,
        0.007701336871832609,
        0.007353237364441156,
        0.007088140118867159,
        0.006734760478138924,
        0.006390369962900877,
        0.006274560932070017,
        0.006299647968262434,
        0.006313916761428118,
        0.006384380627423525,
        0.006408922374248505,
        0.006507416721433401,
        0.006667018868029118,
        0.006822599563747644,
        0.006815645843744278,
        0.0067024556919932365,
        0.006548065692186356,
        0.006496708374470472,
        0.0064379749819636345,
        0.00639526778832078,
        0.006356941070407629,
        0.006314557045698166,
        0.006236467510461807,
        0.006163390818983316,
        0.006094146519899368,
        0.006049672607332468,
        0.005903792101889849,
        0.0056833019480109215,
        0.005563864018768072,
        0.005477783270180225,
        0.005457599181681871,
        0.005427617114037275,
        0.0054274434223771095,
        0.005429202690720558,
        0.005445364397019148,
        0.005451933480799198,
        0.005446120630949736,
        0.005456371232867241,
        0.005491586867719889,
        0.00549893407151103,
        0.005528550129383802,
        0.0055971695110201836,
        0.005610203370451927,
        0.005618515890091658,
        0.00561019079759717,
        0.005597907584160566,
        0.005601126700639725,
        0.005609306041151285,
        0.005625634919852018,
        0.005636788904666901,
        0.005630759987980127,
        0.005614831577986479,
        0.00559339439496398,
        0.005582501646131277,
        0.005597900133579969,
        0.005602420307695866,
        0.005594188347458839,
        0.0055578057654201984,
        0.00553804961964488,
        0.005530884489417076,
        0.005514448508620262,
        0.00549519807100296,
        0.005494489800184965,
        0.00550508126616478,
        0.005524327512830496,
        0.005523706786334515,
        0.0055102454498410225,
        0.0054967342875897884,
        0.005486601963639259,
        0.0054808976128697395,
        0.00547872856259346,
        0.0054792179726064205
    ]
}