{
    "epoch": [
        0,
        1,
        2,
        3,
        4,
        5,
        6,
        7,
        8,
        9,
        10,
        11,
        12,
        13,
        14,
        15,
        16,
        17,
        18,
        19,
        20,
        21,
        22,
        23,
        24,
        25,
        26,
        27,
        28,
        29,
        30,
        31,
        32,
        33,
        34,
        35,
        36,
        37,
        38,
        39,
        40,
        41,
        42,
        43,
        44,
        45,
        46,
        47,
        48,
        49,
        50,
        51,
        52,
        53,
        54,
        55,
        56,
        57,
        58,
        59,
        60,
        61,
        62,
        63,
        64,
        65,
        66,
        67,
        68,
        69,
        70,
        71,
        72,
        73,
        74,
        75,
        76,
        77,
        78,
        79,
        80,
        81,
        82,
        83,
        84,
        85,
        86,
        87,
        88,
        89,
        90,
        91,
        92,
        93,
        94,
        95,
        96,
        97,
        98,
        99
    ],
    "train_loss": [
        0.2871377468109131,
        0.028284355998039246,
        0.013348831795156002,
        0.019441982731223106,
        0.01676972582936287,
        0.020313944667577744,
        0.016863452270627022,
        0.012865911237895489,
        0.012088369578123093,
        0.011642170138657093,
        0.011302701197564602,
        0.010483924299478531,
        0.009916477836668491,
        0.009975328110158443,
        0.00938413292169571,
        0.009052746929228306,
        0.009020139463245869,
        0.007591533940285444,
        0.00739795109257102,
        0.007509537041187286,
        0.007880124263465405,
        0.007660526782274246,
        0.007462888956069946,
        0.007228524889796972,
        0.007641118485480547,
        0.007311210967600346,
        0.007361853960901499,
        0.007389898877590895,
        0.0074068475514650345,
        0.007546439301222563,
        0.00776273338124156,
        0.007924957200884819,
        0.00821023341268301,
        0.008153175003826618,
        0.007998612709343433,
        0.00797028373926878,
        0.007304138503968716,
        0.0077793472446501255,
        0.008804063312709332,
        0.009179998189210892,
        0.0092671699821949,
        0.008757999166846275,
        0.00851068552583456,
        0.007221807725727558,
        0.007244721055030823,
        0.007891449145972729,
        0.008673358708620071,
        0.009300339967012405,
        0.009485632181167603,
        0.009650531224906445,
        0.009925625286996365,
        0.010368662886321545,
        0.010251188650727272,
        0.008535565808415413,
        0.008415289223194122,
        0.008760265074670315,
        0.00888402946293354,
        0.008859465830028057,
        0.008843454532325268,
        0.009063762612640858,
        0.008449838496744633,
        0.010291753336787224,
        0.01120261661708355,
        0.013133615255355835,
        0.015952277928590775,
        0.016083858907222748,
        0.01592102274298668,
        0.012804066762328148,
        0.011182103306055069,
        0.011420476250350475,
        0.011390121653676033,
        0.013607974164187908,
        0.013745158910751343,
        0.013227192685008049,
        0.011454201303422451,
        0.008402201347053051,
        0.008892988786101341,
        0.008216294459998608,
        0.006792928092181683,
        0.006897738203406334,
        0.007469989825040102,
        0.007739566732198,
        0.007815072312951088,
        0.007750768680125475,
        0.0078044855035841465,
        0.0074480860494077206,
        0.007078813388943672,
        0.006926507223397493,
        0.00705999881029129,
        0.007189455442130566,
        0.00726432166993618,
        0.0071285078302025795,
        0.007093960419297218,
        0.007070152088999748,
        0.007062985561788082,
        0.007138787768781185,
        0.007160007022321224,
        0.006816249806433916,
        0.006692620925605297,
        0.006513243541121483
    ]
}