{
    "epoch": [
        0,
        1,
        2,
        3,
        4,
        5,
        6,
        7,
        8,
        9,
        10,
        11,
        12,
        13,
        14,
        15,
        16,
        17,
        18,
        19,
        20,
        21,
        22,
        23,
        24,
        25,
        26,
        27,
        28,
        29,
        30,
        31,
        32,
        33,
        34,
        35,
        36,
        37,
        38,
        39,
        40,
        41,
        42,
        43,
        44,
        45,
        46,
        47,
        48,
        49,
        50,
        51,
        52,
        53,
        54,
        55,
        56,
        57,
        58,
        59,
        60,
        61,
        62,
        63,
        64,
        65,
        66,
        67,
        68,
        69,
        70,
        71,
        72,
        73,
        74,
        75,
        76,
        77,
        78,
        79,
        80,
        81,
        82,
        83,
        84,
        85,
        86,
        87,
        88,
        89,
        90,
        91,
        92,
        93,
        94,
        95,
        96,
        97,
        98,
        99
    ],
    "train_loss": [
        0.7480753064155579,
        0.6156916618347168,
        0.4728377163410187,
        0.42201855778694153,
        0.3669670522212982,
        0.18777704238891602,
        0.11890560388565063,
        0.08829514682292938,
        0.07545357197523117,
        0.06750182062387466,
        0.07355703413486481,
        0.06546232849359512,
        0.058334559202194214,
        0.05277832970023155,
        0.05021402984857559,
        0.05167754739522934,
        0.04782246798276901,
        0.04620835557579994,
        0.04501334950327873,
        0.04397560656070709,
        0.04465356469154358,
        0.04315878823399544,
        0.041820917278528214,
        0.04088452458381653,
        0.04025537148118019,
        0.04284052550792694,
        0.04090825840830803,
        0.0403924323618412,
        0.039215024560689926,
        0.037807103246450424,
        0.04157470539212227,
        0.03678612783551216,
        0.03512231260538101,
        0.03434596210718155,
        0.03406529873609543,
        0.035932473838329315,
        0.03368281573057175,
        0.0329810194671154,
        0.03230016678571701,
        0.03127666935324669,
        0.03260843828320503,
        0.030498361214995384,
        0.02972976304590702,
        0.028984414413571358,
        0.02852052077651024,
        0.031148839741945267,
        0.02831036038696766,
        0.027707383036613464,
        0.02724035084247589,
        0.026302997022867203,
        0.02592732012271881,
        0.02483965829014778,
        0.02411799319088459,
        0.02484285831451416,
        0.025035196915268898,
        0.024831553921103477,
        0.023913482204079628,
        0.023935049772262573,
        0.023960713297128677,
        0.02328103967010975,
        0.023135323077440262,
        0.022670816630125046,
        0.02116551622748375,
        0.020456034690141678,
        0.019242899492383003,
        0.019294317811727524,
        0.0182949285954237,
        0.01810358092188835,
        0.017807012423872948,
        0.017825817689299583,
        0.01733323745429516,
        0.017388885840773582,
        0.016940472647547722,
        0.01667097955942154,
        0.016287848353385925,
        0.01578597165644169,
        0.015725895762443542,
        0.01582690328359604,
        0.015766439959406853,
        0.01584700308740139,
        0.015778593719005585,
        0.01587100699543953,
        0.01583770290017128,
        0.01566638983786106,
        0.01574750430881977,
        0.016164373606443405,
        0.016388002783060074,
        0.0155259370803833,
        0.015483636409044266,
        0.01532362587749958,
        0.015714505687355995,
        0.016827505081892014,
        0.018041841685771942,
        0.0182050708681345,
        0.01807151548564434,
        0.017609553411602974,
        0.018006883561611176,
        0.018307825550436974,
        0.017869411036372185,
        0.017308875918388367
    ]
}