{
    "epoch": [
        0,
        1,
        2,
        3,
        4,
        5,
        6,
        7,
        8,
        9,
        10,
        11,
        12,
        13,
        14,
        15,
        16,
        17,
        18,
        19,
        20,
        21,
        22,
        23,
        24,
        25,
        26,
        27,
        28,
        29,
        30,
        31,
        32,
        33,
        34,
        35,
        36,
        37,
        38,
        39,
        40,
        41,
        42,
        43,
        44,
        45,
        46,
        47,
        48,
        49,
        50,
        51,
        52,
        53,
        54,
        55,
        56,
        57,
        58,
        59,
        60,
        61,
        62,
        63,
        64,
        65,
        66,
        67,
        68,
        69,
        70,
        71,
        72,
        73,
        74,
        75,
        76,
        77,
        78,
        79,
        80,
        81,
        82,
        83,
        84,
        85,
        86,
        87,
        88,
        89,
        90,
        91,
        92,
        93,
        94,
        95,
        96,
        97,
        98,
        99
    ],
    "train_loss": [
        0.029255403205752373,
        0.018532881513237953,
        0.024518683552742004,
        0.012037068605422974,
        0.010171773843467236,
        0.009013311006128788,
        0.006952802650630474,
        0.006687122862786055,
        0.005663273856043816,
        0.004975521937012672,
        0.005015898961573839,
        0.00479587959125638,
        0.004952059127390385,
        0.0048100268468260765,
        0.004909777548164129,
        0.004763677250593901,
        0.004873826168477535,
        0.005029937718063593,
        0.004911910742521286,
        0.005048863589763641,
        0.005116104613989592,
        0.00493873143568635,
        0.005117769353091717,
        0.005209668539464474,
        0.004773604683578014,
        0.004862060770392418,
        0.004965739790350199,
        0.005160411819815636,
        0.005033613182604313,
        0.0050590261816978455,
        0.005300270393490791,
        0.005097671877592802,
        0.0053297486156225204,
        0.005431083496659994,
        0.005491000134497881,
        0.0048645432107150555,
        0.006086734589189291,
        0.005506153684109449,
        0.006873416248708963,
        0.006611231714487076,
        0.007020319811999798,
        0.006880813743919134,
        0.006868951488286257,
        0.00710821570828557,
        0.007581164129078388,
        0.00772080197930336,
        0.008716223761439323,
        0.009118692018091679,
        0.009360691532492638,
        0.00860773865133524,
        0.008261539973318577,
        0.00842897780239582,
        0.008612281642854214,
        0.00844589713960886,
        0.008458144962787628,
        0.008518383838236332,
        0.008779249154031277,
        0.009114586748182774,
        0.009337793104350567,
        0.009428180754184723,
        0.009363922290503979,
        0.009496927261352539,
        0.00965824257582426,
        0.009902766905725002,
        0.010067046619951725,
        0.01026421319693327,
        0.01054665818810463,
        0.010846642777323723,
        0.011055664159357548,
        0.011138289235532284,
        0.011249080300331116,
        0.011503280140459538,
        0.011643433943390846,
        0.011546256951987743,
        0.011557066813111305,
        0.011916673742234707,
        0.013418754562735558,
        0.012829482555389404,
        0.011092619970440865,
        0.010879850946366787,
        0.00960472784936428,
        0.009158344008028507,
        0.009083300828933716,
        0.009014749899506569,
        0.00895805936306715,
        0.008953352458775043,
        0.008978047408163548,
        0.00906212069094181,
        0.009112208150327206,
        0.00912446714937687,
        0.009071240201592445,
        0.008949399925768375,
        0.008916263468563557,
        0.008945012465119362,
        0.008897802792489529,
        0.009021315723657608,
        0.00906619057059288,
        0.009096839465200901,
        0.009284388273954391,
        0.009173138067126274
    ]
}