{
    "epoch": [
        0,
        1,
        2,
        3,
        4,
        5,
        6,
        7,
        8,
        9,
        10,
        11,
        12,
        13,
        14,
        15,
        16,
        17,
        18,
        19,
        20,
        21,
        22,
        23,
        24,
        25,
        26,
        27,
        28,
        29,
        30,
        31,
        32,
        33,
        34,
        35,
        36,
        37,
        38,
        39,
        40,
        41,
        42,
        43,
        44,
        45,
        46,
        47,
        48,
        49,
        50,
        51,
        52,
        53,
        54,
        55,
        56,
        57,
        58,
        59,
        60,
        61,
        62,
        63,
        64,
        65,
        66,
        67,
        68,
        69,
        70,
        71,
        72,
        73,
        74,
        75,
        76,
        77,
        78,
        79,
        80,
        81,
        82,
        83,
        84,
        85,
        86,
        87,
        88,
        89,
        90,
        91,
        92,
        93,
        94,
        95,
        96,
        97,
        98,
        99
    ],
    "train_loss": [
        0.11636725813150406,
        0.07665238529443741,
        0.037419021129608154,
        0.02688506804406643,
        0.02062356099486351,
        0.01647365465760231,
        0.008154255338013172,
        0.006415582727640867,
        0.005644680932164192,
        0.004817835055291653,
        0.005596617702394724,
        0.00485203554853797,
        0.004732709843665361,
        0.004486736375838518,
        0.004776921588927507,
        0.005006426014006138,
        0.005657585803419352,
        0.006516857538372278,
        0.00731186056509614,
        0.008238940499722958,
        0.008194807916879654,
        0.007869032211601734,
        0.010864627547562122,
        0.006765315309166908,
        0.007152324076741934,
        0.006333618890494108,
        0.007965274155139923,
        0.006002697627991438,
        0.011146998032927513,
        0.006635969504714012,
        0.006052456796169281,
        0.00601730402559042,
        0.005390785168856382,
        0.005220668390393257,
        0.005336373578757048,
        0.005364316515624523,
        0.005348613020032644,
        0.005261527840048075,
        0.005239039193838835,
        0.005229721311479807,
        0.005226978566497564,
        0.005176918115466833,
        0.005192318931221962,
        0.005266125779598951,
        0.005209463182836771,
        0.0052295890636742115,
        0.005199031438678503,
        0.0051668556407094,
        0.005142940208315849,
        0.005123318172991276,
        0.0051132747903466225,
        0.005121329799294472,
        0.005172081291675568,
        0.005131725687533617,
        0.00512099452316761,
        0.005117051303386688,
        0.0051120491698384285,
        0.0051117693074047565,
        0.0051179262809455395,
        0.005120393354445696,
        0.005171933677047491,
        0.005200761370360851,
        0.005134847480803728,
        0.0051164343021810055,
        0.0051214131526649,
        0.005119604989886284,
        0.005091848783195019,
        0.005086137913167477,
        0.005123626906424761,
        0.005107410252094269,
        0.005086807068437338,
        0.0050894091837108135,
        0.005091988947242498,
        0.005101318005472422,
        0.0050910343416035175,
        0.005114023108035326,
        0.005111920181661844,
        0.005118518136441708,
        0.005121331196278334,
        0.005114174913614988,
        0.005112523678690195,
        0.0051102773286402225,
        0.005120071116834879,
        0.005120070651173592,
        0.005120071116834879,
        0.005120070651173592,
        0.005120070651173592,
        0.005120071116834879,
        0.005120070651173592,
        0.005120071116834879,
        0.005120070651173592,
        0.005120070651173592,
        0.005120070651173592,
        0.005120071116834879,
        0.005120070651173592,
        0.005120071116834879,
        0.005120070651173592,
        0.005120071116834879,
        0.005120071116834879,
        0.005120070651173592
    ]
}