{
    "timestamp": "20250509_120306",
    "config": {
        "m": 1.0,
        "c": 0.1,
        "k": 5.0,
        "force_type": "none",
        "amplitude": 1.0,
        "freq": 1.0,
        "random_seed": 42,
        "x0": 1.0,
        "v0": 0.0,
        "t_max": 10.0,
        "dt": 0.02,
        "noise_std": 0.05
    },
    "true_parameters": [
        1.0,
        0.1,
        5.0
    ],
    "estimated_parameters": [
        0.5600568038264415,
        0.041167099093386526,
        4.136096951368909
    ],
    "parameter_errors": [
        43.99431961735585,
        58.832900906613474,
        17.278060972621816
    ],
    "force_rmse": 10.886237381675091,
    "confidence_score": 0.9,
    "estimation_status": "high_confidence",
    "symbolic_formula": "([0.438239770361119*x_1 + 0.00108890154208769*x_2 + 0.371330796182455*x_3 + 0.487052983723356], [x_1, x_2, x_3])"
}