{
    "epoch": [
        0,
        1,
        2,
        3,
        4,
        5,
        6,
        7,
        8,
        9,
        10,
        11,
        12,
        13,
        14,
        15,
        16,
        17,
        18,
        19,
        20,
        21,
        22,
        23,
        24,
        25,
        26,
        27,
        28,
        29,
        30,
        31,
        32,
        33,
        34,
        35,
        36,
        37,
        38,
        39,
        40,
        41,
        42,
        43,
        44,
        45,
        46,
        47,
        48,
        49,
        50,
        51,
        52,
        53,
        54,
        55,
        56,
        57,
        58,
        59,
        60,
        61,
        62,
        63,
        64,
        65,
        66,
        67,
        68,
        69,
        70,
        71,
        72,
        73,
        74,
        75,
        76,
        77,
        78,
        79,
        80,
        81,
        82,
        83,
        84,
        85,
        86,
        87,
        88,
        89,
        90,
        91,
        92,
        93,
        94,
        95,
        96,
        97,
        98,
        99
    ],
    "train_loss": [
        0.032806772738695145,
        0.020071664825081825,
        0.01051362231373787,
        0.012369298376142979,
        0.012237463146448135,
        0.011769070290029049,
        0.011357506737112999,
        0.010580779053270817,
        0.01029111072421074,
        0.010258100926876068,
        0.01022008154541254,
        0.010379130952060223,
        0.01035252120345831,
        0.010264650918543339,
        0.010153643786907196,
        0.009902982972562313,
        0.009965568780899048,
        0.009686141274869442,
        0.008978468365967274,
        0.008892109617590904,
        0.008851447142660618,
        0.008915831334888935,
        0.008864497765898705,
        0.00887217279523611,
        0.008752723224461079,
        0.008702187798917294,
        0.008757873438298702,
        0.008896075189113617,
        0.009314561262726784,
        0.009901984594762325,
        0.010065856389701366,
        0.009766139090061188,
        0.009585865773260593,
        0.009659294039011002,
        0.009698622860014439,
        0.009581315331161022,
        0.009038185700774193,
        0.008868645876646042,
        0.0085908193141222,
        0.008808618411421776,
        0.009427916258573532,
        0.00934121385216713,
        0.009186789393424988,
        0.009048392064869404,
        0.008811680600047112,
        0.008618057705461979,
        0.008586665615439415,
        0.008667392656207085,
        0.008976454846560955,
        0.008839935064315796,
        0.008536902256309986,
        0.008697657845914364,
        0.008672949858009815,
        0.00888312142342329,
        0.008902969770133495,
        0.00849981140345335,
        0.008672807365655899,
        0.008476595394313335,
        0.008730147033929825,
        0.008847841992974281,
        0.008611125871539116,
        0.008641550317406654,
        0.008841289207339287,
        0.009099867194890976,
        0.008994377218186855,
        0.009166558273136616,
        0.009753243997693062,
        0.009868035092949867,
        0.009933638386428356,
        0.010081097483634949,
        0.010324662551283836,
        0.010351299308240414,
        0.010319218970835209,
        0.010346122086048126,
        0.01080345083028078,
        0.011003384366631508,
        0.010898379608988762,
        0.010815090499818325,
        0.010775414295494556,
        0.01073039323091507,
        0.010787859559059143,
        0.010801119729876518,
        0.010835343040525913,
        0.010931936092674732,
        0.011097094975411892,
        0.011245214380323887,
        0.011233425699174404,
        0.011114036664366722,
        0.011043338105082512,
        0.011010515503585339,
        0.011019052937626839,
        0.011027000844478607,
        0.011023336090147495,
        0.01104014366865158,
        0.011027575470507145,
        0.011045805178582668,
        0.011110729537904263,
        0.01115827914327383,
        0.011355582624673843,
        0.011370069347321987
    ]
}