{
    "epoch": [
        0,
        1,
        2,
        3,
        4,
        5,
        6,
        7,
        8,
        9,
        10,
        11,
        12,
        13,
        14,
        15,
        16,
        17,
        18,
        19,
        20,
        21,
        22,
        23,
        24,
        25,
        26,
        27,
        28,
        29,
        30,
        31,
        32,
        33,
        34,
        35,
        36,
        37,
        38,
        39,
        40,
        41,
        42,
        43,
        44,
        45,
        46,
        47,
        48,
        49,
        50,
        51,
        52,
        53,
        54,
        55,
        56,
        57,
        58,
        59,
        60,
        61,
        62,
        63,
        64,
        65,
        66,
        67,
        68,
        69,
        70,
        71,
        72,
        73,
        74,
        75,
        76,
        77,
        78,
        79,
        80,
        81,
        82,
        83,
        84,
        85,
        86,
        87,
        88,
        89,
        90,
        91,
        92,
        93,
        94,
        95,
        96,
        97,
        98,
        99
    ],
    "train_loss": [
        0.29768097400665283,
        0.16971758008003235,
        0.1231192946434021,
        0.09589678049087524,
        0.0796540156006813,
        0.15592630207538605,
        0.09251636266708374,
        0.06830751895904541,
        0.05143027752637863,
        0.039532486349344254,
        0.037558380514383316,
        0.032847192138433456,
        0.030902428552508354,
        0.030243447050452232,
        0.03139561042189598,
        0.0365125834941864,
        0.0322539247572422,
        0.02871292270720005,
        0.02715071476995945,
        0.02619861625134945,
        0.029924442991614342,
        0.024481026455760002,
        0.020998135209083557,
        0.02105734311044216,
        0.02084481529891491,
        0.02507852204144001,
        0.020895030349493027,
        0.020644746720790863,
        0.02021019160747528,
        0.018963007256388664,
        0.02207184210419655,
        0.019233543425798416,
        0.019085045903921127,
        0.019020983949303627,
        0.01929050125181675,
        0.021302275359630585,
        0.01919456198811531,
        0.01866130717098713,
        0.017682669684290886,
        0.017879914492368698,
        0.02156388945877552,
        0.01853688433766365,
        0.017108255997300148,
        0.01740657351911068,
        0.01702677085995674,
        0.01802949048578739,
        0.016933852806687355,
        0.01670619286596775,
        0.017231794074177742,
        0.017215188592672348,
        0.016777291893959045,
        0.01708333194255829,
        0.017812076956033707,
        0.017033781856298447,
        0.01686953939497471,
        0.016885200515389442,
        0.017105383798480034,
        0.016908276826143265,
        0.017338315024971962,
        0.017712337896227837,
        0.017689965665340424,
        0.017800267785787582,
        0.017852043733000755,
        0.01816234365105629,
        0.018337439745664597,
        0.018624579533934593,
        0.01854737289249897,
        0.018826637417078018,
        0.018900949507951736,
        0.018885819241404533,
        0.018613744527101517,
        0.017911352217197418,
        0.017396418377757072,
        0.01644701138138771,
        0.016207139939069748,
        0.01614123210310936,
        0.01562295388430357,
        0.015365242026746273,
        0.015199304558336735,
        0.015370811335742474,
        0.016614452004432678,
        0.01685164123773575,
        0.016656972467899323,
        0.01569555327296257,
        0.01515273004770279,
        0.014970885589718819,
        0.014514502137899399,
        0.013991557992994785,
        0.01374836452305317,
        0.013508391566574574,
        0.013296161778271198,
        0.01334022730588913,
        0.013767021708190441,
        0.013957219198346138,
        0.01341288909316063,
        0.013254729099571705,
        0.013085621409118176,
        0.012854035943746567,
        0.012749237939715385,
        0.012737811543047428
    ]
}