{
    "epoch": [
        0,
        1,
        2,
        3,
        4,
        5,
        6,
        7,
        8,
        9,
        10,
        11,
        12,
        13,
        14,
        15,
        16,
        17,
        18,
        19,
        20,
        21,
        22,
        23,
        24,
        25,
        26,
        27,
        28,
        29,
        30,
        31,
        32,
        33,
        34,
        35,
        36,
        37,
        38,
        39,
        40,
        41,
        42,
        43,
        44,
        45,
        46,
        47,
        48,
        49,
        50,
        51,
        52,
        53,
        54,
        55,
        56,
        57,
        58,
        59,
        60,
        61,
        62,
        63,
        64,
        65,
        66,
        67,
        68,
        69,
        70,
        71,
        72,
        73,
        74,
        75,
        76,
        77,
        78,
        79,
        80,
        81,
        82,
        83,
        84,
        85,
        86,
        87,
        88,
        89,
        90,
        91,
        92,
        93,
        94,
        95,
        96,
        97,
        98,
        99
    ],
    "train_loss": [
        0.5359309911727905,
        0.2130264788866043,
        0.14974959194660187,
        0.12185592204332352,
        0.10058274120092392,
        0.08174025267362595,
        0.05268383398652077,
        0.04365559667348862,
        0.037469055503606796,
        0.03508774936199188,
        0.03800657391548157,
        0.031546976417303085,
        0.028661638498306274,
        0.027971073985099792,
        0.02681265026330948,
        0.03665302321314812,
        0.026268761605024338,
        0.023675575852394104,
        0.023746125400066376,
        0.022703085094690323,
        0.024830417707562447,
        0.021207019686698914,
        0.02267216332256794,
        0.021021252498030663,
        0.018765415996313095,
        0.022364087402820587,
        0.019483618438243866,
        0.019476747140288353,
        0.018499504774808884,
        0.01834280975162983,
        0.023557979613542557,
        0.01564098335802555,
        0.01490272767841816,
        0.015609139576554298,
        0.015114812180399895,
        0.017906488850712776,
        0.013792675919830799,
        0.014036040753126144,
        0.013028918765485287,
        0.013025378808379173,
        0.0159317534416914,
        0.014049514196813107,
        0.012851441279053688,
        0.013017519377171993,
        0.013480894267559052,
        0.015078620053827763,
        0.014187317341566086,
        0.013486136682331562,
        0.014005778357386589,
        0.015478143468499184,
        0.014763953164219856,
        0.014756251126527786,
        0.01616543158888817,
        0.015713032335042953,
        0.01638929359614849,
        0.01607266068458557,
        0.016351016238331795,
        0.016646916046738625,
        0.01709151081740856,
        0.017748672515153885,
        0.01848340965807438,
        0.018140582367777824,
        0.018353696912527084,
        0.018955394625663757,
        0.019419699907302856,
        0.019365396350622177,
        0.018861910328269005,
        0.01888458803296089,
        0.019101141020655632,
        0.01913939043879509,
        0.018527701497077942,
        0.018946252763271332,
        0.01875746063888073,
        0.018991202116012573,
        0.019024111330509186,
        0.018592949956655502,
        0.018773803487420082,
        0.019065670669078827,
        0.018628830090165138,
        0.018435092642903328,
        0.018537910655140877,
        0.017788929864764214,
        0.017581481486558914,
        0.01694546453654766,
        0.015878960490226746,
        0.016333024948835373,
        0.015064002014696598,
        0.015813270583748817,
        0.016254974529147148,
        0.015648135915398598,
        0.0155172785744071,
        0.015480369329452515,
        0.015766220167279243,
        0.01582035794854164,
        0.015361708588898182,
        0.015088328160345554,
        0.014758153818547726,
        0.014500325545668602,
        0.014499710872769356,
        0.013549510389566422
    ]
}