{
    "epoch": [
        0,
        1,
        2,
        3,
        4,
        5,
        6,
        7,
        8,
        9,
        10,
        11,
        12,
        13,
        14,
        15,
        16,
        17,
        18,
        19,
        20,
        21,
        22,
        23,
        24,
        25,
        26,
        27,
        28,
        29,
        30,
        31,
        32,
        33,
        34,
        35,
        36,
        37,
        38,
        39,
        40,
        41,
        42,
        43,
        44,
        45,
        46,
        47,
        48,
        49,
        50,
        51,
        52,
        53,
        54,
        55,
        56,
        57,
        58,
        59,
        60,
        61,
        62,
        63,
        64,
        65,
        66,
        67,
        68,
        69,
        70,
        71,
        72,
        73,
        74,
        75,
        76,
        77,
        78,
        79,
        80,
        81,
        82,
        83,
        84,
        85,
        86,
        87,
        88,
        89,
        90,
        91,
        92,
        93,
        94,
        95,
        96,
        97,
        98,
        99
    ],
    "train_loss": [
        0.023038817569613457,
        0.015007821843028069,
        0.0116087282076478,
        0.006419946905225515,
        0.005714456085115671,
        0.006326072849333286,
        0.007127188146114349,
        0.006039415020495653,
        0.005584334023296833,
        0.005341857206076384,
        0.005928718950599432,
        0.005929664243012667,
        0.005871219094842672,
        0.005329858511686325,
        0.0052250144071877,
        0.005149118602275848,
        0.005268553271889687,
        0.0051572141237556934,
        0.005288654938340187,
        0.005012404639273882,
        0.00527810538187623,
        0.0055314009077847,
        0.005283708218485117,
        0.00519840233027935,
        0.005192280746996403,
        0.005321289412677288,
        0.005286255851387978,
        0.005055317189544439,
        0.005174591671675444,
        0.004949621390551329,
        0.0051565649919211864,
        0.005036964081227779,
        0.0049202037043869495,
        0.005044568795710802,
        0.004968813620507717,
        0.005262667313218117,
        0.005420850124210119,
        0.005555246025323868,
        0.005564762745052576,
        0.005627930164337158,
        0.0052292607724666595,
        0.005231793504208326,
        0.005186375230550766,
        0.005167663563042879,
        0.005079315043985844,
        0.00508017698302865,
        0.004994558170437813,
        0.005024984944611788,
        0.00498161930590868,
        0.004958905279636383,
        0.004970934242010117,
        0.004993035923689604,
        0.004994461312890053,
        0.004976190626621246,
        0.004961021710187197,
        0.004942816216498613,
        0.004951712675392628,
        0.004974767565727234,
        0.0049689640291035175,
        0.004929014015942812,
        0.004977947100996971,
        0.00495615229010582,
        0.004969283472746611,
        0.00501741748303175,
        0.005095448344945908,
        0.005246220156550407,
        0.005264643579721451,
        0.005324429366737604,
        0.005325111094862223,
        0.005235643126070499,
        0.005116291344165802,
        0.005054842215031385,
        0.005035732872784138,
        0.005047131329774857,
        0.005001436918973923,
        0.004944356624037027,
        0.004881671164184809,
        0.004866344388574362,
        0.0048698484897613525,
        0.004874733276665211,
        0.004865833558142185,
        0.004867988638579845,
        0.00486524635925889,
        0.004877367522567511,
        0.004892831668257713,
        0.004929990042001009,
        0.004910431802272797,
        0.004910294897854328,
        0.004950459580868483,
        0.00500085111707449,
        0.005045644473284483,
        0.005134440492838621,
        0.005257764365524054,
        0.0052667115814983845,
        0.005224515683948994,
        0.005293903406709433,
        0.005339944735169411,
        0.0052950759418308735,
        0.005312085617333651,
        0.005303627345710993
    ]
}