{
    "timestamp": "20250114_140505",
    "method": "mlp",
    "configuration": {
        "m": 1.0,
        "c": 1.0,
        "k": 100.0,
        "force_type": "sine",
        "amplitude": 1.0,
        "freq": 1.0,
        "random_seed": 42,
        "x0": 0.0,
        "v0": 0.0,
        "t_max": 10.0,
        "dt": 0.02,
        "noise_std": 0.05
    },
    "true_parameters": [
        1.0,
        1.0,
        100.0
    ],
    "estimated_parameters": [
        0.1748820692198854,
        0.0,
        0.09511265969040572
    ],
    "parameter_errors": [
        82.51179307801146,
        100.0,
        99.9048873403096
    ],
    "force_rmse": 0.2757407879345116,
    "optimization_info": {
        "success": true,
        "message": "MLP training and SINDy parameter estimation completed",
        "hyperparameters": {
            "hidden_sizes": [
                512,
                1024,
                512,
                256
            ],
            "batch_size": 64,
            "learning_rate": 0.002,
            "weight_decay": 0.05,
            "dropout": 0.3
        },
        "mlp_training": {
            "best_val_loss": 1.4986944794654846,
            "train_losses": [
                5.0151036262512205,
                5.140265035629272,
                4.449443101882935,
                3.974166250228882,
                3.8584517002105714,
                3.4773497104644777,
                3.272000026702881,
                3.441191816329956,
                3.1427523612976076,
                3.6055994510650633,
                3.3370516300201416,
                3.179042387008667,
                3.1005102157592774,
                3.097838306427002,
                2.9968201160430907,
                2.9670243501663207,
                2.608028268814087,
                2.4846481323242187,
                2.763694095611572,
                2.9821341753005983,
                2.4284237384796143,
                2.4210346698760987,
                1.9954745054244996,
                2.046247148513794,
                2.163553762435913,
                2.087818217277527,
                2.075112509727478,
                1.9898393392562865,
                1.8758841276168823,
                1.8552688598632812,
                1.5482161521911622,
                1.7066853523254395,
                1.6384361267089844,
                1.4341352224349975,
                1.5911634922027589,
                1.447224235534668,
                0.9147623777389526,
                1.0635027647018434,
                0.9496100664138794,
                1.263497245311737,
                1.5206087708473206,
                0.9603196501731872,
                1.0075496792793275,
                1.1880228757858275,
                1.0540343046188354,
                0.8385580778121948,
                0.8909060835838318,
                0.8996638894081116,
                0.8138198614120483,
                0.7697245717048645,
                0.7737915515899658,
                0.5743507742881775,
                0.4870726436376572,
                0.6282869338989258,
                0.6980849146842957,
                0.6642514169216156,
                0.7407939732074738,
                0.7576633274555207,
                0.6191157639026642,
                0.5728788077831268,
                0.5999461114406586,
                0.533576250076294,
                0.4974312841892242,
                0.447757875919342,
                0.5617377400398255,
                0.5449739396572113,
                0.7329949617385865
            ],
            "val_losses": [
                16.150214195251465,
                15.610419273376465,
                17.61948013305664,
                20.08336353302002,
                12.680734634399414,
                5.766278505325317,
                2.4132027626037598,
                1.682760328054428,
                1.6708388924598694,
                1.6590805053710938,
                1.6667007207870483,
                1.6845229268074036,
                1.5455992221832275,
                1.5217880606651306,
                1.6528048515319824,
                1.6165103912353516,
                1.4986944794654846,
                1.5268747806549072,
                1.5598583221435547,
                1.5226420760154724,
                1.5409205555915833,
                1.6644876599311829,
                1.636270523071289,
                1.7541598081588745,
                1.7006323337554932,
                1.8392467498779297,
                1.8597387075424194,
                1.9066671133041382,
                2.0271894931793213,
                2.5315961241722107,
                2.4043872356414795,
                2.9702881574630737,
                2.8630881309509277,
                3.1820850372314453,
                3.056582450866699,
                2.3342479467391968,
                2.7142958641052246,
                3.5091800689697266,
                4.431413173675537,
                4.480337381362915,
                2.602078914642334,
                2.4997129440307617,
                3.610025405883789,
                3.8737223148345947,
                2.943688690662384,
                2.5470123887062073,
                3.223259687423706,
                2.851823389530182,
                2.617722511291504,
                2.643300712108612,
                2.4692972898483276,
                2.6486006379127502,
                3.1013071537017822,
                3.039193868637085,
                2.5667896270751953,
                2.3721601963043213,
                2.5355310440063477,
                3.0301449298858643,
                4.808428764343262,
                4.0372397899627686,
                2.2083555459976196,
                2.4120784997940063,
                4.023349285125732,
                3.145477056503296,
                2.7974742650985718,
                3.207883358001709,
                2.5510603189468384
            ],
            "final_epoch": 66
        },
        "test_loss": 1.4008217453956604,
        "sindy_estimation": {
            "success": true,
            "message": "SINDy identification completed",
            "discovered_equation": "0.0951*x + 0.1749*a",
            "significant_features": [
                "x",
                "a"
            ],
            "significant_coefficients": [
                0.09511265969040572,
                0.1748820692198854
            ],
            "threshold": 0.05
        },
        "device": "cuda"
    }
}