{
    "epoch": [
        0,
        1,
        2,
        3,
        4,
        5,
        6,
        7,
        8,
        9,
        10,
        11,
        12,
        13,
        14,
        15,
        16,
        17,
        18,
        19,
        20,
        21,
        22,
        23,
        24,
        25,
        26,
        27,
        28,
        29,
        30,
        31,
        32,
        33,
        34,
        35,
        36,
        37,
        38,
        39,
        40,
        41,
        42,
        43,
        44,
        45,
        46,
        47,
        48,
        49,
        50,
        51,
        52,
        53,
        54,
        55,
        56,
        57,
        58,
        59,
        60,
        61,
        62,
        63,
        64,
        65,
        66,
        67,
        68,
        69,
        70,
        71,
        72,
        73,
        74,
        75,
        76,
        77,
        78,
        79,
        80,
        81,
        82,
        83,
        84,
        85,
        86,
        87,
        88,
        89,
        90,
        91,
        92,
        93,
        94,
        95,
        96,
        97,
        98,
        99
    ],
    "train_loss": [
        0.02862749621272087,
        0.02203185483813286,
        0.016887350007891655,
        0.015461815521121025,
        0.014931376092135906,
        0.014848895370960236,
        0.014777026139199734,
        0.01470654271543026,
        0.014695297926664352,
        0.0147136515006423,
        0.01473434641957283,
        0.014676217921078205,
        0.014646069146692753,
        0.014638874679803848,
        0.014663096517324448,
        0.014674348756670952,
        0.014703911729156971,
        0.014718741178512573,
        0.014777196571230888,
        0.014778487384319305,
        0.014833670109510422,
        0.014943686313927174,
        0.015025989152491093,
        0.01517221424728632,
        0.015263625420629978,
        0.015166417695581913,
        0.015035659074783325,
        0.014969711191952229,
        0.01477841567248106,
        0.01473770011216402,
        0.014743906445801258,
        0.014727110043168068,
        0.014736494049429893,
        0.014787180349230766,
        0.01478375494480133,
        0.014766494743525982,
        0.014689460396766663,
        0.014650408178567886,
        0.01464120950549841,
        0.01462615467607975,
        0.014630550518631935,
        0.014639601111412048,
        0.014645596966147423,
        0.01465153880417347,
        0.014658821746706963,
        0.014642246998846531,
        0.014626373536884785,
        0.014604535885155201,
        0.014601845294237137,
        0.014602250419557095,
        0.014606024138629436,
        0.014612535014748573,
        0.014623708091676235,
        0.014583516865968704,
        0.014531459659337997,
        0.014507423155009747,
        0.014504697173833847,
        0.014531321823596954,
        0.014586265198886395,
        0.01463253889232874,
        0.01464004535228014,
        0.014651505276560783,
        0.014632601290941238,
        0.014593280851840973,
        0.014567901380360126,
        0.01453004777431488,
        0.01451391726732254,
        0.014508391730487347,
        0.014501924626529217,
        0.014482710510492325,
        0.01443548034876585,
        0.014430606737732887,
        0.01442637387663126,
        0.014426867477595806,
        0.014426489360630512,
        0.014441833831369877,
        0.014455975033342838,
        0.01445752289146185,
        0.014452989213168621,
        0.014441761188209057,
        0.014437984675168991,
        0.014447353780269623,
        0.014456366188824177,
        0.014480645768344402,
        0.014500086195766926,
        0.014480886980891228,
        0.014452683739364147,
        0.014414606615900993,
        0.014344938099384308,
        0.014284877106547356,
        0.014257743954658508,
        0.014229672960937023,
        0.014176287688314915,
        0.014124411158263683,
        0.014117135666310787,
        0.014123519882559776,
        0.014124584384262562,
        0.014141029678285122,
        0.014165389351546764,
        0.014152901247143745
    ]
}