{
    "timestamp": "20250509_120147",
    "config": {
        "m": 1.0,
        "c": 0.1,
        "k": 5.0,
        "force_type": "none",
        "amplitude": 1.0,
        "freq": 1.0,
        "random_seed": 42,
        "x0": 1.0,
        "v0": 0.0,
        "t_max": 10.0,
        "dt": 0.02,
        "noise_std": 0.05
    },
    "true_parameters": [
        1.0,
        0.1,
        5.0
    ],
    "estimated_parameters": [
        0.30008931512920245,
        13.722344219986958,
        3.6814154063357982
    ],
    "parameter_errors": [
        69.99106848707976,
        13622.344219986957,
        26.371691873284036
    ],
    "force_rmse": 23.963240199524474,
    "confidence_score": 0.9,
    "estimation_status": "high_confidence",
    "symbolic_formula": "([0.362651201241281*x_1 + 1.33515649355384*x_2 - 0.000178608454509418*x_3 - 1.17056496813276], [x_1, x_2, x_3])"
}