{
    "epoch": [
        0,
        1,
        2,
        3,
        4,
        5,
        6,
        7,
        8,
        9,
        10,
        11,
        12,
        13,
        14,
        15,
        16,
        17,
        18,
        19,
        20,
        21,
        22,
        23,
        24,
        25,
        26,
        27,
        28,
        29,
        30,
        31,
        32,
        33,
        34,
        35,
        36,
        37,
        38,
        39,
        40,
        41,
        42,
        43,
        44,
        45,
        46,
        47,
        48,
        49,
        50,
        51,
        52,
        53,
        54,
        55,
        56,
        57,
        58,
        59,
        60,
        61,
        62,
        63,
        64,
        65,
        66,
        67,
        68,
        69,
        70,
        71,
        72,
        73,
        74,
        75,
        76,
        77,
        78,
        79,
        80,
        81,
        82,
        83,
        84,
        85,
        86,
        87,
        88,
        89,
        90,
        91,
        92,
        93,
        94,
        95,
        96,
        97,
        98,
        99
    ],
    "train_loss": [
        0.014474963769316673,
        0.019587256014347076,
        0.00904536247253418,
        0.019584834575653076,
        0.009550826624035835,
        0.007580013480037451,
        0.007454880978912115,
        0.006951434537768364,
        0.006862854119390249,
        0.007445838302373886,
        0.007261867169290781,
        0.007377914153039455,
        0.008267543278634548,
        0.009204252623021603,
        0.00976459588855505,
        0.007140241097658873,
        0.006261597853153944,
        0.005854723509401083,
        0.005993906874209642,
        0.005896297283470631,
        0.005361783318221569,
        0.005273501388728619,
        0.005178075283765793,
        0.005161331966519356,
        0.005227614194154739,
        0.005147913470864296,
        0.0050773355178534985,
        0.005208961199969053,
        0.005211258307099342,
        0.005172187928110361,
        0.005326537881046534,
        0.005219804588705301,
        0.0050763837061822414,
        0.005061275791376829,
        0.004920933395624161,
        0.0048919133841991425,
        0.004848794545978308,
        0.004776600748300552,
        0.004788500722497702,
        0.004728113301098347,
        0.004715947434306145,
        0.004687872249633074,
        0.004711409565061331,
        0.00470669474452734,
        0.004672934766858816,
        0.004649675451219082,
        0.004652104806154966,
        0.004587884061038494,
        0.004510586615651846,
        0.004527118988335133,
        0.004533684346824884,
        0.004447795916348696,
        0.0044443970546126366,
        0.004363041836768389,
        0.004325100686401129,
        0.004302850924432278,
        0.004262529779225588,
        0.004228830803185701,
        0.004197778180241585,
        0.004187059588730335,
        0.004153916146606207,
        0.004157909192144871,
        0.0041780672036111355,
        0.004151538480073214,
        0.004116879776120186,
        0.00410141097381711,
        0.004112289287149906,
        0.004071436822414398,
        0.003968693315982819,
        0.003989713732153177,
        0.0039655836299061775,
        0.0039310697466135025,
        0.003870289772748947,
        0.003763452172279358,
        0.00369916926138103,
        0.003648788668215275,
        0.003457436803728342,
        0.0034173880703747272,
        0.0033423861023038626,
        0.0033618290908634663,
        0.0033373027108609676,
        0.0032682798337191343,
        0.0032715273555368185,
        0.003257553791627288,
        0.00328046060167253,
        0.0031977249309420586,
        0.003208491252735257,
        0.003170683514326811,
        0.003154608653858304,
        0.0031500509940087795,
        0.0031337786931544542,
        0.0031203061807900667,
        0.0032305284403264523,
        0.00324914394877851,
        0.003362335730344057,
        0.003291018307209015,
        0.0033086056355386972,
        0.0033961096778512,
        0.0033416314981877804,
        0.0032947505824267864
    ]
}