{
    "epoch": [
        0,
        1,
        2,
        3,
        4,
        5,
        6,
        7,
        8,
        9,
        10,
        11,
        12,
        13,
        14,
        15,
        16,
        17,
        18,
        19,
        20,
        21,
        22,
        23,
        24,
        25,
        26,
        27,
        28,
        29,
        30,
        31,
        32,
        33,
        34,
        35,
        36,
        37,
        38,
        39,
        40,
        41,
        42,
        43,
        44,
        45,
        46,
        47,
        48,
        49,
        50,
        51,
        52,
        53,
        54,
        55,
        56,
        57,
        58,
        59,
        60,
        61,
        62,
        63,
        64,
        65,
        66,
        67,
        68,
        69,
        70,
        71,
        72,
        73,
        74,
        75,
        76,
        77,
        78,
        79,
        80,
        81,
        82,
        83,
        84,
        85,
        86,
        87,
        88,
        89,
        90,
        91,
        92,
        93,
        94,
        95,
        96,
        97,
        98,
        99
    ],
    "train_loss": [
        0.07495144754648209,
        0.03186686336994171,
        0.02362150326371193,
        0.022194987162947655,
        0.021440017968416214,
        0.01397833414375782,
        0.014179528690874577,
        0.01332505140453577,
        0.013028663583099842,
        0.012585516087710857,
        0.013119014911353588,
        0.01218168530613184,
        0.011657148599624634,
        0.011730088852345943,
        0.012832358479499817,
        0.01201534178107977,
        0.011221432127058506,
        0.011245175264775753,
        0.011261402629315853,
        0.011643721722066402,
        0.012037625536322594,
        0.011719387024641037,
        0.011629517190158367,
        0.01626875437796116,
        0.013318279758095741,
        0.011428315192461014,
        0.0109708271920681,
        0.011393409222364426,
        0.011201461777091026,
        0.011380036361515522,
        0.01032195519655943,
        0.010644585825502872,
        0.010588204488158226,
        0.010868025943636894,
        0.010788029991090298,
        0.010592020116746426,
        0.010409378446638584,
        0.01035884115844965,
        0.01030764915049076,
        0.010199183598160744,
        0.010196481831371784,
        0.01024156715720892,
        0.010295330546796322,
        0.01037881150841713,
        0.010408763773739338,
        0.010555122047662735,
        0.010578209534287453,
        0.010753735899925232,
        0.010836156085133553,
        0.010757477022707462,
        0.010661943815648556,
        0.010549357160925865,
        0.010523729026317596,
        0.010420465841889381,
        0.010363424196839333,
        0.010330741293728352,
        0.010401712730526924,
        0.010453765280544758,
        0.010461444966495037,
        0.010452312417328358,
        0.010440567508339882,
        0.010376892983913422,
        0.010333016514778137,
        0.010312163271009922,
        0.0104133952409029,
        0.01050729863345623,
        0.010543785989284515,
        0.010528258979320526,
        0.010478648357093334,
        0.010492180474102497,
        0.010535561479628086,
        0.010434661991894245,
        0.010336019098758698,
        0.010336503386497498,
        0.010325797833502293,
        0.01023664977401495,
        0.010137525387108326,
        0.01016413327306509,
        0.010232011787593365,
        0.010204734280705452,
        0.010230503976345062,
        0.01029977947473526,
        0.010455114766955376,
        0.01054390985518694,
        0.010525272227823734,
        0.010766108520328999,
        0.01084849052131176,
        0.010883737355470657,
        0.011117572896182537,
        0.011163058690726757,
        0.011194756254553795,
        0.011467007920145988,
        0.011413329280912876,
        0.011272206902503967,
        0.011227099224925041,
        0.011263088323175907,
        0.01119665615260601,
        0.011139347217977047,
        0.011141817085444927,
        0.011158142238855362
    ]
}