{
    "epoch": [
        0,
        1,
        2,
        3,
        4,
        5,
        6,
        7,
        8,
        9,
        10,
        11,
        12,
        13,
        14,
        15,
        16,
        17,
        18,
        19,
        20,
        21,
        22,
        23,
        24,
        25,
        26,
        27,
        28,
        29,
        30,
        31,
        32,
        33,
        34,
        35,
        36,
        37,
        38,
        39,
        40,
        41,
        42,
        43,
        44,
        45,
        46,
        47,
        48,
        49,
        50,
        51,
        52,
        53,
        54,
        55,
        56,
        57,
        58,
        59,
        60,
        61,
        62,
        63,
        64,
        65,
        66,
        67,
        68,
        69,
        70,
        71,
        72,
        73,
        74,
        75,
        76,
        77,
        78,
        79,
        80,
        81,
        82,
        83,
        84,
        85,
        86,
        87,
        88,
        89,
        90,
        91,
        92,
        93,
        94,
        95,
        96,
        97,
        98,
        99
    ],
    "train_loss": [
        0.0635242834687233,
        0.02534913457930088,
        0.0165865421295166,
        0.01357492245733738,
        0.01551092229783535,
        0.027843758463859558,
        0.014513934031128883,
        0.014467986300587654,
        0.012685452587902546,
        0.012425377033650875,
        0.011572475545108318,
        0.01200274657458067,
        0.01192568615078926,
        0.01201990619301796,
        0.012095872312784195,
        0.012440769001841545,
        0.011715111322700977,
        0.010902185924351215,
        0.011240821331739426,
        0.011898309923708439,
        0.011501953937113285,
        0.01084827445447445,
        0.010790469124913216,
        0.011102106422185898,
        0.011191125959157944,
        0.011227648705244064,
        0.013780565932393074,
        0.016468210145831108,
        0.01673802174627781,
        0.018199943006038666,
        0.018990224227309227,
        0.01968512311577797,
        0.0201034564524889,
        0.02009698376059532,
        0.01883528009057045,
        0.01769619807600975,
        0.016670603305101395,
        0.015817906707525253,
        0.0155800711363554,
        0.014897995628416538,
        0.01463629212230444,
        0.014390448108315468,
        0.014181038364768028,
        0.013955284841358662,
        0.013703949749469757,
        0.013590075075626373,
        0.013407898135483265,
        0.013355942443013191,
        0.01336581353098154,
        0.013375903479754925,
        0.013310037553310394,
        0.013210167177021503,
        0.013234349898993969,
        0.013197340071201324,
        0.013226160779595375,
        0.01313760131597519,
        0.013054129667580128,
        0.012879559770226479,
        0.01275817584246397,
        0.012641234323382378,
        0.012562368996441364,
        0.012484089471399784,
        0.0123717887327075,
        0.012240972369909286,
        0.01212070882320404,
        0.011850029230117798,
        0.011628652922809124,
        0.01131352223455906,
        0.011118963360786438,
        0.010835274122655392,
        0.01079031266272068,
        0.010758215561509132,
        0.010558076202869415,
        0.010519586503505707,
        0.010478317737579346,
        0.010491429828107357,
        0.01050296425819397,
        0.010488111525774002,
        0.010445746593177319,
        0.010432552546262741,
        0.01045027282088995,
        0.010477663017809391,
        0.010486842133104801,
        0.01047754567116499,
        0.01045779138803482,
        0.010446909815073013,
        0.010300164110958576,
        0.010210729204118252,
        0.010164089500904083,
        0.010166220366954803,
        0.01020399946719408,
        0.010211837477982044,
        0.010228305123746395,
        0.0102331368252635,
        0.010225757025182247,
        0.010222670622169971,
        0.010241738520562649,
        0.010217324830591679,
        0.010217866860330105,
        0.010249783284962177
    ]
}