{
    "epoch": [
        0,
        1,
        2,
        3,
        4,
        5,
        6,
        7,
        8,
        9,
        10,
        11,
        12,
        13,
        14,
        15,
        16,
        17,
        18,
        19,
        20,
        21,
        22,
        23,
        24,
        25,
        26,
        27,
        28,
        29,
        30,
        31,
        32,
        33,
        34,
        35,
        36,
        37,
        38,
        39,
        40,
        41,
        42,
        43,
        44,
        45,
        46,
        47,
        48,
        49,
        50,
        51,
        52,
        53,
        54,
        55,
        56,
        57,
        58,
        59,
        60,
        61,
        62,
        63,
        64,
        65,
        66,
        67,
        68,
        69,
        70,
        71,
        72,
        73,
        74,
        75,
        76,
        77,
        78,
        79,
        80,
        81,
        82,
        83,
        84,
        85,
        86,
        87,
        88,
        89,
        90,
        91,
        92,
        93,
        94,
        95,
        96,
        97,
        98,
        99
    ],
    "train_loss": [
        0.08017871528863907,
        0.03664403036236763,
        0.024932004511356354,
        0.023295830935239792,
        0.020002897828817368,
        0.019186779856681824,
        0.014190622605383396,
        0.01386611070483923,
        0.011968623846769333,
        0.01193239912390709,
        0.01159844733774662,
        0.00976367387920618,
        0.009850667789578438,
        0.010090119205415249,
        0.01023037452250719,
        0.010387441143393517,
        0.01069502905011177,
        0.010733244940638542,
        0.010251438245177269,
        0.009796141646802425,
        0.009172491729259491,
        0.008982586674392223,
        0.00970880500972271,
        0.009890378452837467,
        0.009927620179951191,
        0.009752198122441769,
        0.009708717465400696,
        0.009641019627451897,
        0.009236914105713367,
        0.009189566597342491,
        0.00911366380751133,
        0.009025806561112404,
        0.00953549426048994,
        0.009291920810937881,
        0.00879062432795763,
        0.009028670378029346,
        0.009025808423757553,
        0.009066799655556679,
        0.009310954250395298,
        0.009248078800737858,
        0.009164568968117237,
        0.009033977054059505,
        0.009079797193408012,
        0.009152572602033615,
        0.00912380125373602,
        0.00912200752645731,
        0.009197806939482689,
        0.009323123842477798,
        0.009247060865163803,
        0.008997049182653427,
        0.008931090123951435,
        0.008907134644687176,
        0.010017734952270985,
        0.012325652875006199,
        0.013900380581617355,
        0.010900652036070824,
        0.010044132359325886,
        0.009527822956442833,
        0.00950896367430687,
        0.0093093765899539,
        0.009044011123478413,
        0.008532191626727581,
        0.008651559241116047,
        0.008322915062308311,
        0.008481534197926521,
        0.008228880353271961,
        0.008086168207228184,
        0.00801005307585001,
        0.008026105351746082,
        0.007935095578432083,
        0.007956375367939472,
        0.007917698472738266,
        0.007908931002020836,
        0.007813259959220886,
        0.008179034106433392,
        0.008781975135207176,
        0.009192779660224915,
        0.008793105371296406,
        0.008571768179535866,
        0.008406448177993298,
        0.008250999264419079,
        0.008235614746809006,
        0.008193339221179485,
        0.00820965226739645,
        0.008163590915501118,
        0.008147405460476875,
        0.008076883852481842,
        0.008105705492198467,
        0.00822968315333128,
        0.008214389905333519,
        0.008268890902400017,
        0.008373881690204144,
        0.00874185562133789,
        0.00940244272351265,
        0.010072045028209686,
        0.011051123961806297,
        0.011351586319506168,
        0.011528356932103634,
        0.01152198389172554,
        0.01137222908437252
    ]
}