{
    "epoch": [
        0,
        1,
        2,
        3,
        4,
        5,
        6,
        7,
        8,
        9,
        10,
        11,
        12,
        13,
        14,
        15,
        16,
        17,
        18,
        19,
        20,
        21,
        22,
        23,
        24,
        25,
        26,
        27,
        28,
        29,
        30,
        31,
        32,
        33,
        34,
        35,
        36,
        37,
        38,
        39,
        40,
        41,
        42,
        43,
        44,
        45,
        46,
        47,
        48,
        49,
        50,
        51,
        52,
        53,
        54,
        55,
        56,
        57,
        58,
        59,
        60,
        61,
        62,
        63,
        64,
        65,
        66,
        67,
        68,
        69,
        70,
        71,
        72,
        73,
        74,
        75,
        76,
        77,
        78,
        79,
        80,
        81,
        82,
        83,
        84,
        85,
        86,
        87,
        88,
        89,
        90,
        91,
        92,
        93,
        94,
        95,
        96,
        97,
        98,
        99
    ],
    "train_loss": [
        0.044826555997133255,
        0.02165520377457142,
        0.013778253458440304,
        0.015807196497917175,
        0.010011471807956696,
        0.012990396469831467,
        0.009704893454909325,
        0.007962442003190517,
        0.007364823017269373,
        0.007136049214750528,
        0.006739614065736532,
        0.006547072436660528,
        0.006578254979103804,
        0.007930085994303226,
        0.006987808737903833,
        0.0067005162127316,
        0.006279789377003908,
        0.006302741356194019,
        0.006126865744590759,
        0.006008259952068329,
        0.005868914537131786,
        0.005706159397959709,
        0.005715200677514076,
        0.005666665267199278,
        0.005544053390622139,
        0.005776931066066027,
        0.006159735843539238,
        0.006422476377338171,
        0.006457202136516571,
        0.005981883965432644,
        0.006137960124760866,
        0.0065042306669056416,
        0.007180757354944944,
        0.006952929310500622,
        0.0063181184232234955,
        0.005419715773314238,
        0.005134474486112595,
        0.00525202602148056,
        0.005451735574752092,
        0.00580453360453248,
        0.005794452968984842,
        0.0066280183382332325,
        0.00571658369153738,
        0.0054603987373411655,
        0.005512292496860027,
        0.005005521699786186,
        0.005031194072216749,
        0.0052369143813848495,
        0.005733024794608355,
        0.006305056624114513,
        0.006402745842933655,
        0.006262639071792364,
        0.006207427941262722,
        0.0055166431702673435,
        0.0051102954894304276,
        0.004726031795144081,
        0.00445545744150877,
        0.004338403232395649,
        0.004714279901236296,
        0.004755563102662563,
        0.004726001992821693,
        0.004250328056514263,
        0.003990715369582176,
        0.003983031492680311,
        0.003932426683604717,
        0.004130824003368616,
        0.004232240840792656,
        0.004416286945343018,
        0.0044559296220541,
        0.004390834365040064,
        0.004447546787559986,
        0.004421784542500973,
        0.004405331797897816,
        0.0043871765956282616,
        0.004323477856814861,
        0.004236511420458555,
        0.004116910044103861,
        0.00401171064004302,
        0.0038728350773453712,
        0.0037414245307445526,
        0.0038916845805943012,
        0.003951450809836388,
        0.0039545088075101376,
        0.003795120632275939,
        0.003996936604380608,
        0.003918464761227369,
        0.003933081869035959,
        0.0038703028112649918,
        0.0037168958224356174,
        0.0036634840071201324,
        0.0037246730644255877,
        0.0037783635780215263,
        0.0037691378965973854,
        0.0038061216473579407,
        0.0037852751556783915,
        0.0037591825239360332,
        0.0037137262988835573,
        0.003743421519175172,
        0.0037450185045599937,
        0.0037509319372475147
    ]
}