{
    "epoch": [
        0,
        1,
        2,
        3,
        4,
        5,
        6,
        7,
        8,
        9,
        10,
        11,
        12,
        13,
        14,
        15,
        16,
        17,
        18,
        19,
        20,
        21,
        22,
        23,
        24,
        25,
        26,
        27,
        28,
        29,
        30,
        31,
        32,
        33,
        34,
        35,
        36,
        37,
        38,
        39,
        40,
        41,
        42,
        43,
        44,
        45,
        46,
        47,
        48,
        49,
        50,
        51,
        52,
        53,
        54,
        55,
        56,
        57,
        58,
        59,
        60,
        61,
        62,
        63,
        64,
        65,
        66,
        67,
        68,
        69,
        70,
        71,
        72,
        73,
        74,
        75,
        76,
        77,
        78,
        79,
        80,
        81,
        82,
        83,
        84,
        85,
        86,
        87,
        88,
        89,
        90,
        91,
        92,
        93,
        94,
        95,
        96,
        97,
        98,
        99
    ],
    "train_loss": [
        0.10325784236192703,
        0.04456179589033127,
        0.031037764623761177,
        0.023408593609929085,
        0.02781291864812374,
        0.014997437596321106,
        0.012869538739323616,
        0.010403565131127834,
        0.009978310205042362,
        0.009770234115421772,
        0.00946447066962719,
        0.009170779027044773,
        0.008962826803326607,
        0.008968355134129524,
        0.008867214433848858,
        0.008796188049018383,
        0.008636994287371635,
        0.008607299067080021,
        0.008587207645177841,
        0.008736665360629559,
        0.008847407065331936,
        0.008470077067613602,
        0.008029432035982609,
        0.008104557171463966,
        0.007914778776466846,
        0.007901668548583984,
        0.007484313100576401,
        0.007108261343091726,
        0.007096723187714815,
        0.0076656583696603775,
        0.007686610799282789,
        0.008193726651370525,
        0.008290990255773067,
        0.0071842181496322155,
        0.007254195865243673,
        0.007767822593450546,
        0.007421526592224836,
        0.0073245735839009285,
        0.007126370444893837,
        0.00698468741029501,
        0.006598138250410557,
        0.006508029997348785,
        0.006505669094622135,
        0.006459926720708609,
        0.006575241219252348,
        0.006955946795642376,
        0.00791989080607891,
        0.008245071396231651,
        0.00789182074368,
        0.007157673593610525,
        0.00631393026560545,
        0.006270330864936113,
        0.006378099787980318,
        0.006366288755089045,
        0.006417253520339727,
        0.006395881995558739,
        0.006650943774729967,
        0.006563470233231783,
        0.006361146457493305,
        0.006427352782338858,
        0.00647796131670475,
        0.006514083594083786,
        0.006531262770295143,
        0.0065316809341311455,
        0.006614713463932276,
        0.006847674958407879,
        0.007000134792178869,
        0.007068749982863665,
        0.007181273307651281,
        0.007189001422375441,
        0.007155325263738632,
        0.0071072764694690704,
        0.006926730740815401,
        0.006762325298041105,
        0.006680038291960955,
        0.006699275225400925,
        0.006750527303665876,
        0.0067198071628808975,
        0.006726650986820459,
        0.006683168467134237,
        0.006695401389151812,
        0.006721758749336004,
        0.006728792563080788,
        0.006883061956614256,
        0.006762392818927765,
        0.0067964838817715645,
        0.006762638688087463,
        0.0068214051425457,
        0.006782288663089275,
        0.006747233681380749,
        0.00677237706258893,
        0.006655908189713955,
        0.006639434956014156,
        0.006640036590397358,
        0.0066493297927081585,
        0.006675636861473322,
        0.006652042269706726,
        0.006665984634310007,
        0.006623412948101759,
        0.006607758346945047
    ]
}