{
    "epoch": [
        0,
        1,
        2,
        3,
        4,
        5,
        6,
        7,
        8,
        9,
        10,
        11,
        12,
        13,
        14,
        15,
        16,
        17,
        18,
        19,
        20,
        21,
        22,
        23,
        24,
        25,
        26,
        27,
        28,
        29,
        30,
        31,
        32,
        33,
        34,
        35,
        36,
        37,
        38,
        39,
        40,
        41,
        42,
        43,
        44,
        45,
        46,
        47,
        48,
        49,
        50,
        51,
        52,
        53,
        54,
        55,
        56,
        57,
        58,
        59,
        60,
        61,
        62,
        63,
        64,
        65,
        66,
        67,
        68,
        69,
        70,
        71,
        72,
        73,
        74,
        75,
        76,
        77,
        78,
        79,
        80,
        81,
        82,
        83,
        84,
        85,
        86,
        87,
        88,
        89,
        90,
        91,
        92,
        93,
        94,
        95,
        96,
        97,
        98,
        99
    ],
    "train_loss": [
        0.03685037046670914,
        0.02164735458791256,
        0.016895677894353867,
        0.013233722187578678,
        0.013526443392038345,
        0.00910884141921997,
        0.008671741932630539,
        0.010008679702877998,
        0.01222878135740757,
        0.010021470487117767,
        0.00828990712761879,
        0.007779124658554792,
        0.007565379608422518,
        0.0076958672143518925,
        0.007871211506426334,
        0.008075237274169922,
        0.007843222469091415,
        0.00788259319961071,
        0.007254546973854303,
        0.007228136993944645,
        0.007952035404741764,
        0.007139237597584724,
        0.00643515819683671,
        0.007034153211861849,
        0.007208606228232384,
        0.007774490397423506,
        0.008586837910115719,
        0.008241233415901661,
        0.008384134620428085,
        0.00909444596618414,
        0.009607736952602863,
        0.009675468318164349,
        0.008998754434287548,
        0.009174756705760956,
        0.008885362185537815,
        0.00881082471460104,
        0.008710292167961597,
        0.008622369728982449,
        0.008592101745307446,
        0.008504883386194706,
        0.008350632153451443,
        0.007918275892734528,
        0.007696951739490032,
        0.007274341769516468,
        0.007143717259168625,
        0.0069435215555131435,
        0.0066697681322693825,
        0.006412779912352562,
        0.0059821829199790955,
        0.005689505022019148,
        0.005311982240527868,
        0.00522257573902607,
        0.004864633083343506,
        0.004668132402002811,
        0.004357720725238323,
        0.004205451812595129,
        0.004110915120691061,
        0.003971715923398733,
        0.0037709118332713842,
        0.003661620430648327,
        0.003455628175288439,
        0.003430053358897567,
        0.0030599513556808233,
        0.002874609548598528,
        0.0025542904622852802,
        0.002751098945736885,
        0.00275075132958591,
        0.003076980821788311,
        0.0029802273493260145,
        0.002773112617433071,
        0.002495689783245325,
        0.003287950763478875,
        0.003298986004665494,
        0.0033687646500766277,
        0.0031597402412444353,
        0.0033650423865765333,
        0.0033434012439101934,
        0.0035609034821391106,
        0.0035185215529054403,
        0.0031393442768603563,
        0.0032066190615296364,
        0.0026495610363781452,
        0.0027421426493674517,
        0.0027217178139835596,
        0.0025336879771202803,
        0.0024151247926056385,
        0.0025526450481265783,
        0.0023655430413782597,
        0.0023065682034939528,
        0.002321423962712288,
        0.002365742577239871,
        0.0022341993171721697,
        0.0023747088853269815,
        0.002205429133027792,
        0.0021933873649686575,
        0.002229661913588643,
        0.0019282939611002803,
        0.0021512843668460846,
        0.0019164796685799956,
        0.0018360867397859693
    ]
}