{
    "epoch": [
        0,
        1,
        2,
        3,
        4,
        5,
        6,
        7,
        8,
        9,
        10,
        11,
        12,
        13,
        14,
        15,
        16,
        17,
        18,
        19,
        20,
        21,
        22,
        23,
        24,
        25,
        26,
        27,
        28,
        29,
        30,
        31,
        32,
        33,
        34,
        35,
        36,
        37,
        38,
        39,
        40,
        41,
        42,
        43,
        44,
        45,
        46,
        47,
        48,
        49,
        50,
        51,
        52,
        53,
        54,
        55,
        56,
        57,
        58,
        59,
        60,
        61,
        62,
        63,
        64,
        65,
        66,
        67,
        68,
        69,
        70,
        71,
        72,
        73,
        74,
        75,
        76,
        77,
        78,
        79,
        80,
        81,
        82,
        83,
        84,
        85,
        86,
        87,
        88,
        89,
        90,
        91,
        92,
        93,
        94,
        95,
        96,
        97,
        98,
        99
    ],
    "train_loss": [
        0.02308865450322628,
        0.013233169913291931,
        0.014126505702733994,
        0.011247379705309868,
        0.009939810261130333,
        0.010078724473714828,
        0.009383157826960087,
        0.009626195766031742,
        0.008852379396557808,
        0.009189301170408726,
        0.008957157842814922,
        0.009183513931930065,
        0.00832428690046072,
        0.00913977064192295,
        0.009487727656960487,
        0.009787588380277157,
        0.009767205454409122,
        0.009668267332017422,
        0.00902137067168951,
        0.008795704692602158,
        0.009249415248632431,
        0.00925038568675518,
        0.009245691820979118,
        0.009093347936868668,
        0.008958762511610985,
        0.00895802304148674,
        0.008967617526650429,
        0.008999347686767578,
        0.009047071449458599,
        0.00901999231427908,
        0.008972630836069584,
        0.008974089287221432,
        0.008975747041404247,
        0.00895780324935913,
        0.008936583064496517,
        0.008923908695578575,
        0.008947658352553844,
        0.008951088413596153,
        0.008903593756258488,
        0.008868296630680561,
        0.008874110877513885,
        0.00887203961610794,
        0.008888342417776585,
        0.008878699503839016,
        0.008860185742378235,
        0.008856364525854588,
        0.008892702870070934,
        0.008932018652558327,
        0.00886228121817112,
        0.008740769699215889,
        0.008768525905907154,
        0.009769255295395851,
        0.012192252092063427,
        0.011938575655221939,
        0.011094987392425537,
        0.011944753117859364,
        0.010455388575792313,
        0.00998340267688036,
        0.009755865670740604,
        0.009363830089569092,
        0.00990503653883934,
        0.011235866695642471,
        0.009937815368175507,
        0.009988087229430676,
        0.010220913216471672,
        0.011234822683036327,
        0.011183338239789009,
        0.011884246952831745,
        0.01274432148784399,
        0.014522680081427097,
        0.014626515097916126,
        0.013384501449763775,
        0.012389748357236385,
        0.011674187146127224,
        0.011121254414319992,
        0.010538272559642792,
        0.010115113109350204,
        0.009963319636881351,
        0.010143894702196121,
        0.009948944672942162,
        0.009746776893734932,
        0.00904192216694355,
        0.008661743253469467,
        0.00829769391566515,
        0.008060396648943424,
        0.00781553890556097,
        0.007647060789167881,
        0.007703504525125027,
        0.00777309387922287,
        0.00784977339208126,
        0.007935998030006886,
        0.007998947985470295,
        0.008261113427579403,
        0.008225088939070702,
        0.008184269070625305,
        0.008180967532098293,
        0.008300372399389744,
        0.008277672342956066,
        0.008094893768429756,
        0.007675847038626671
    ]
}