{
    "epoch": [
        0,
        1,
        2,
        3,
        4,
        5,
        6,
        7,
        8,
        9,
        10,
        11,
        12,
        13,
        14,
        15,
        16,
        17,
        18,
        19,
        20,
        21,
        22,
        23,
        24,
        25,
        26,
        27,
        28,
        29,
        30,
        31,
        32,
        33,
        34,
        35,
        36,
        37,
        38,
        39,
        40,
        41,
        42,
        43,
        44,
        45,
        46,
        47,
        48,
        49,
        50,
        51,
        52,
        53,
        54,
        55,
        56,
        57,
        58,
        59,
        60,
        61,
        62,
        63,
        64,
        65,
        66,
        67,
        68,
        69,
        70,
        71,
        72,
        73,
        74,
        75,
        76,
        77,
        78,
        79,
        80,
        81,
        82,
        83,
        84,
        85,
        86,
        87,
        88,
        89,
        90,
        91,
        92,
        93,
        94,
        95,
        96,
        97,
        98,
        99
    ],
    "train_loss": [
        0.03033214434981346,
        0.014371152967214584,
        0.01367152202874422,
        0.012932192534208298,
        0.012533191591501236,
        0.013103345409035683,
        0.012649099342525005,
        0.012532164342701435,
        0.016152899712324142,
        0.012752932496368885,
        0.009972999803721905,
        0.01033850759267807,
        0.0076185730285942554,
        0.006097482517361641,
        0.006090384442359209,
        0.006037469953298569,
        0.005878700874745846,
        0.006599887274205685,
        0.006608711555600166,
        0.0064308494329452515,
        0.006497182883322239,
        0.006307506933808327,
        0.006663029082119465,
        0.00740705756470561,
        0.006913176272064447,
        0.006605920847505331,
        0.006477177143096924,
        0.0063050840981304646,
        0.006228611804544926,
        0.006008325144648552,
        0.00592054845765233,
        0.005873821675777435,
        0.005837227683514357,
        0.005791983567178249,
        0.005740781780332327,
        0.0056810444220900536,
        0.005626619793474674,
        0.005576743744313717,
        0.005533270537853241,
        0.005441083572804928,
        0.005331092979758978,
        0.0052683693356812,
        0.005251751746982336,
        0.005224702879786491,
        0.005191315431147814,
        0.005116480402648449,
        0.005045078694820404,
        0.00503535894677043,
        0.004997790325433016,
        0.0049430434592068195,
        0.004924634005874395,
        0.004903570748865604,
        0.004887879826128483,
        0.005008727312088013,
        0.005084885749965906,
        0.005053359549492598,
        0.005020113196223974,
        0.005029462277889252,
        0.005096046719700098,
        0.005149988457560539,
        0.00516097154468298,
        0.005143189802765846,
        0.005034192465245724,
        0.005034702830016613,
        0.005034702830016613,
        0.005034739151597023,
        0.005034739151597023,
        0.004992909263819456,
        0.004912628326565027,
        0.0049132914282381535,
        0.004896856378763914,
        0.0048854718916118145,
        0.004865397699177265,
        0.004848433658480644,
        0.004813830833882093,
        0.004794561769813299,
        0.0047892555594444275,
        0.004799750167876482,
        0.004846354480832815,
        0.004919122904539108,
        0.004913357086479664,
        0.0049741799011826515,
        0.005013483110815287,
        0.005006071180105209,
        0.0050145783461630344,
        0.005007725674659014,
        0.004994238261133432,
        0.0049928706139326096,
        0.004977275617420673,
        0.00497779157012701,
        0.004973983857780695,
        0.004947403911501169,
        0.004903750028461218,
        0.004885703790932894,
        0.00488104997202754,
        0.004877998027950525,
        0.004885998088866472,
        0.004889932926744223,
        0.004894604440778494,
        0.004891748074442148
    ]
}