{
    "epoch": [
        0,
        1,
        2,
        3,
        4,
        5,
        6,
        7,
        8,
        9,
        10,
        11,
        12,
        13,
        14,
        15,
        16,
        17,
        18,
        19,
        20,
        21,
        22,
        23,
        24,
        25,
        26,
        27,
        28,
        29,
        30,
        31,
        32,
        33,
        34,
        35,
        36,
        37,
        38,
        39,
        40,
        41,
        42,
        43,
        44,
        45,
        46,
        47,
        48,
        49,
        50,
        51,
        52,
        53,
        54,
        55,
        56,
        57,
        58,
        59,
        60,
        61,
        62,
        63,
        64,
        65,
        66,
        67,
        68,
        69,
        70,
        71,
        72,
        73,
        74,
        75,
        76,
        77,
        78,
        79,
        80,
        81,
        82,
        83,
        84,
        85,
        86,
        87,
        88,
        89,
        90,
        91,
        92,
        93,
        94,
        95,
        96,
        97,
        98,
        99
    ],
    "train_loss": [
        0.03225155174732208,
        0.012601574882864952,
        0.015902988612651825,
        0.016000833362340927,
        0.014888276346027851,
        0.014472090639173985,
        0.014026614837348461,
        0.013880080543458462,
        0.013597900979220867,
        0.013669267296791077,
        0.013496588915586472,
        0.01326292660087347,
        0.013164250180125237,
        0.013158402405679226,
        0.013087252154946327,
        0.013041376136243343,
        0.012528497725725174,
        0.0121007664129138,
        0.011826807633042336,
        0.011679362505674362,
        0.012075916863977909,
        0.012030992656946182,
        0.011956493370234966,
        0.011879348196089268,
        0.011824301443994045,
        0.011868397705256939,
        0.01182591263204813,
        0.0117404256016016,
        0.011655820533633232,
        0.011606665328145027,
        0.011699954979121685,
        0.011591777205467224,
        0.011405952274799347,
        0.011079774238169193,
        0.011090598069131374,
        0.011307944543659687,
        0.011187255382537842,
        0.011243827641010284,
        0.011225512251257896,
        0.011177204549312592,
        0.011036188341677189,
        0.010993929579854012,
        0.011069913394749165,
        0.011082126758992672,
        0.011099729686975479,
        0.011069446802139282,
        0.011106543242931366,
        0.01110883243381977,
        0.011055370792746544,
        0.010986784473061562,
        0.0108786066994071,
        0.01086650975048542,
        0.010872247628867626,
        0.011004040949046612,
        0.010964172892272472,
        0.011017795652151108,
        0.011007152497768402,
        0.010978825390338898,
        0.010959758423268795,
        0.01090941857546568,
        0.010832694359123707,
        0.0107691315934062,
        0.010779657401144505,
        0.01079905778169632,
        0.010837724432349205,
        0.010845506563782692,
        0.010848134756088257,
        0.01083757821470499,
        0.01083355862647295,
        0.010834559798240662,
        0.01083676889538765,
        0.010848996229469776,
        0.010861487127840519,
        0.010870047844946384,
        0.010862923227250576,
        0.010861702263355255,
        0.010850482620298862,
        0.01083535049110651,
        0.010827192105352879,
        0.010809280909597874,
        0.010789982974529266,
        0.010766969993710518,
        0.010762153193354607,
        0.010667109861969948,
        0.010666434653103352,
        0.010621881112456322,
        0.010509445331990719,
        0.010433373041450977,
        0.010402163490653038,
        0.010343429632484913,
        0.010323001071810722,
        0.010270951315760612,
        0.01024620421230793,
        0.010237003676593304,
        0.010239074937999249,
        0.01022900640964508,
        0.010210114531219006,
        0.01016164943575859,
        0.010027771815657616,
        0.009998027235269547
    ]
}