{
    "epoch": [
        0,
        1,
        2,
        3,
        4,
        5,
        6,
        7,
        8,
        9,
        10,
        11,
        12,
        13,
        14,
        15,
        16,
        17,
        18,
        19,
        20,
        21,
        22,
        23,
        24,
        25,
        26,
        27,
        28,
        29,
        30,
        31,
        32,
        33,
        34,
        35,
        36,
        37,
        38,
        39,
        40,
        41,
        42,
        43,
        44,
        45,
        46,
        47,
        48,
        49,
        50,
        51,
        52,
        53,
        54,
        55,
        56,
        57,
        58,
        59,
        60,
        61,
        62,
        63,
        64,
        65,
        66,
        67,
        68,
        69,
        70,
        71,
        72,
        73,
        74,
        75,
        76,
        77,
        78,
        79,
        80,
        81,
        82,
        83,
        84,
        85,
        86,
        87,
        88,
        89,
        90,
        91,
        92,
        93,
        94,
        95,
        96,
        97,
        98,
        99
    ],
    "train_loss": [
        0.013878826051950455,
        0.011288341134786606,
        0.00904581043869257,
        0.0054567609913647175,
        0.007929708808660507,
        0.009631577879190445,
        0.008362452499568462,
        0.011693194508552551,
        0.008232193067669868,
        0.006463700905442238,
        0.009642858058214188,
        0.00827175471931696,
        0.009662589058279991,
        0.009779214859008789,
        0.009839680045843124,
        0.00933907926082611,
        0.009216743521392345,
        0.008959176018834114,
        0.008817318826913834,
        0.00809026975184679,
        0.007627421524375677,
        0.00745867844671011,
        0.007616570685058832,
        0.007591207977384329,
        0.007457975298166275,
        0.007418101187795401,
        0.007327986415475607,
        0.007147998083382845,
        0.006996343843638897,
        0.007075941655784845,
        0.00712998304516077,
        0.007170208264142275,
        0.007105400785803795,
        0.007029210217297077,
        0.006884243339300156,
        0.006716527510434389,
        0.006988951005041599,
        0.006872718222439289,
        0.006549677345901728,
        0.00629790686070919,
        0.006168986205011606,
        0.006193297915160656,
        0.0062685776501894,
        0.005426062270998955,
        0.004725771956145763,
        0.005020231939852238,
        0.004552324302494526,
        0.004356193356215954,
        0.004597085993736982,
        0.004391786642372608,
        0.003795113880187273,
        0.0038544251583516598,
        0.0037523985374718904,
        0.003376953536644578,
        0.003619843628257513,
        0.003792011411860585,
        0.0029937312938272953,
        0.0031722034327685833,
        0.0037867696955800056,
        0.0033515177201479673,
        0.0037597359623759985,
        0.0037088897079229355,
        0.00367038045078516,
        0.004130874760448933,
        0.0037381171714514494,
        0.0034414599649608135,
        0.003502160543575883,
        0.003517718520015478,
        0.003434893675148487,
        0.0033124496694654226,
        0.0031148141715675592,
        0.0028956907335668802,
        0.0028886531945317984,
        0.0030118871945887804,
        0.0029648446943610907,
        0.0029458021745085716,
        0.003059983253479004,
        0.003088391851633787,
        0.0029740515165030956,
        0.002951075555756688,
        0.003028846113011241,
        0.0030719363130629063,
        0.0031372965313494205,
        0.0032787108793854713,
        0.0033648398239165545,
        0.0035345370415598154,
        0.0038069505244493484,
        0.004051507916301489,
        0.0043115573935210705,
        0.004334326833486557,
        0.004492422100156546,
        0.004415924195200205,
        0.004016796126961708,
        0.003543553641065955,
        0.0033101392909884453,
        0.003053611144423485,
        0.0028213132172822952,
        0.0027749415021389723,
        0.002742234617471695,
        0.002689188811928034
    ]
}