{
    "epoch": [
        0,
        1,
        2,
        3,
        4,
        5,
        6,
        7,
        8,
        9,
        10,
        11,
        12,
        13,
        14,
        15,
        16,
        17,
        18,
        19,
        20,
        21,
        22,
        23,
        24,
        25,
        26,
        27,
        28,
        29,
        30,
        31,
        32,
        33,
        34,
        35,
        36,
        37,
        38,
        39,
        40,
        41,
        42,
        43,
        44,
        45,
        46,
        47,
        48,
        49,
        50,
        51,
        52,
        53,
        54,
        55,
        56,
        57,
        58,
        59,
        60,
        61,
        62,
        63,
        64,
        65,
        66,
        67,
        68,
        69,
        70,
        71,
        72,
        73,
        74,
        75,
        76,
        77,
        78,
        79,
        80,
        81,
        82,
        83,
        84,
        85,
        86,
        87,
        88,
        89,
        90,
        91,
        92,
        93,
        94,
        95,
        96,
        97,
        98,
        99
    ],
    "train_loss": [
        0.02737884223461151,
        0.012878606095910072,
        0.010669919662177563,
        0.00991347897797823,
        0.009520286694169044,
        0.009499633684754372,
        0.009331375360488892,
        0.00877426564693451,
        0.009910948574543,
        0.009261979721486568,
        0.005686008371412754,
        0.006679425481706858,
        0.008379701524972916,
        0.008948378264904022,
        0.008091574534773827,
        0.007825248874723911,
        0.006214188877493143,
        0.006247611716389656,
        0.00688014505431056,
        0.007128688041120768,
        0.007522902451455593,
        0.007566847838461399,
        0.008717195130884647,
        0.012094812467694283,
        0.013592763803899288,
        0.01248331181704998,
        0.009783679619431496,
        0.007269656751304865,
        0.007191387005150318,
        0.006132699083536863,
        0.006946900859475136,
        0.008058437146246433,
        0.0072795613668859005,
        0.007139182183891535,
        0.013548710383474827,
        0.00797147024422884,
        0.006392370443791151,
        0.006157307419925928,
        0.005556468851864338,
        0.0052382140420377254,
        0.004986067768186331,
        0.005064715631306171,
        0.005712675862014294,
        0.005749249365180731,
        0.0056966752745211124,
        0.0056294044479727745,
        0.005223121959716082,
        0.005374889355152845,
        0.005319266580045223,
        0.005468785297125578,
        0.005641122814267874,
        0.0054336306639015675,
        0.005316257011145353,
        0.0052757966332137585,
        0.005197764374315739,
        0.005287808366119862,
        0.005512996111065149,
        0.005681576207280159,
        0.005641650408506393,
        0.005561912432312965,
        0.005579682532697916,
        0.0055670286528766155,
        0.00556782865896821,
        0.005556126590818167,
        0.005545147228986025,
        0.005543631501495838,
        0.0055436319671571255,
        0.005543632432818413,
        0.005543508101254702,
        0.005543050356209278,
        0.005543050356209278,
        0.005543050356209278,
        0.005543362349271774,
        0.005543362349271774,
        0.0055432128719985485,
        0.00553912902250886,
        0.005529250483959913,
        0.005528805777430534,
        0.00553690642118454,
        0.005512669682502747,
        0.005492988508194685,
        0.005467941518872976,
        0.005459931679069996,
        0.005408726166933775,
        0.00539964297786355,
        0.005388959310948849,
        0.005362188443541527,
        0.0053612240590155125,
        0.005321587901562452,
        0.005318682640790939,
        0.0053168428130447865,
        0.005314969457685947,
        0.005314969457685947,
        0.005314969923347235,
        0.005314969923347235,
        0.005314970854669809,
        0.005314970854669809,
        0.005314970854669809,
        0.005314971320331097,
        0.005314970854669809
    ]
}