{
    "epoch": [
        0,
        1,
        2,
        3,
        4,
        5,
        6,
        7,
        8,
        9,
        10,
        11,
        12,
        13,
        14,
        15,
        16,
        17,
        18,
        19,
        20,
        21,
        22,
        23,
        24,
        25,
        26,
        27,
        28,
        29,
        30,
        31,
        32,
        33,
        34,
        35,
        36,
        37,
        38,
        39,
        40,
        41,
        42,
        43,
        44,
        45,
        46,
        47,
        48,
        49,
        50,
        51,
        52,
        53,
        54,
        55,
        56,
        57,
        58,
        59,
        60,
        61,
        62,
        63,
        64,
        65,
        66,
        67,
        68,
        69,
        70,
        71,
        72,
        73,
        74,
        75,
        76,
        77,
        78,
        79,
        80,
        81,
        82,
        83,
        84,
        85,
        86,
        87,
        88,
        89,
        90,
        91,
        92,
        93,
        94,
        95,
        96,
        97,
        98,
        99
    ],
    "train_loss": [
        0.11370472609996796,
        0.05618865415453911,
        0.036077797412872314,
        0.03168753162026405,
        0.02255484089255333,
        0.01882309839129448,
        0.018046637997031212,
        0.02251758612692356,
        0.01765650510787964,
        0.013213985599577427,
        0.010826348327100277,
        0.00958974752575159,
        0.008913378231227398,
        0.008726060390472412,
        0.008231227286159992,
        0.00817731861025095,
        0.008239123038947582,
        0.0085697490721941,
        0.00801608432084322,
        0.008107860572636127,
        0.007904610596597195,
        0.007603650912642479,
        0.007413296028971672,
        0.007146742660552263,
        0.006867390125989914,
        0.006815614644438028,
        0.006748510524630547,
        0.006718149874359369,
        0.006659740582108498,
        0.006755481939762831,
        0.006873984821140766,
        0.006785769481211901,
        0.006857225205749273,
        0.00716101098805666,
        0.006963367108255625,
        0.007170597556978464,
        0.007010033819824457,
        0.006804930046200752,
        0.006923079956322908,
        0.007398858666419983,
        0.007545802742242813,
        0.0073085022158920765,
        0.0073194364085793495,
        0.007426340598613024,
        0.0074636684730648994,
        0.007575012277811766,
        0.007605750113725662,
        0.007666620425879955,
        0.007727690972387791,
        0.0077689047902822495,
        0.007835662923753262,
        0.007909618318080902,
        0.007910885848104954,
        0.007907471619546413,
        0.007896394468843937,
        0.007919241674244404,
        0.007927621714770794,
        0.00798109918832779,
        0.00800141878426075,
        0.007992848753929138,
        0.00798353087157011,
        0.007984768599271774,
        0.008029364049434662,
        0.007982132025063038,
        0.008022040128707886,
        0.0080485874786973,
        0.007994585670530796,
        0.007996011525392532,
        0.007970777340233326,
        0.007930731400847435,
        0.007916465401649475,
        0.007912950590252876,
        0.007834802381694317,
        0.007802710868418217,
        0.007816361263394356,
        0.007785035762935877,
        0.007764077745378017,
        0.007760293316096067,
        0.0077948491089046,
        0.007768517360091209,
        0.007747880648821592,
        0.007715778425335884,
        0.0077024116180837154,
        0.007719993591308594,
        0.00771397864446044,
        0.007678030990064144,
        0.0076491995714604855,
        0.007627477869391441,
        0.007582893595099449,
        0.007576535455882549,
        0.007574328221380711,
        0.00752971600741148,
        0.00754624605178833,
        0.007556590251624584,
        0.0075656818225979805,
        0.007547672372311354,
        0.007524232380092144,
        0.007487461436539888,
        0.00747683085501194,
        0.007468764204531908
    ]
}