{
    "epoch": [
        0,
        1,
        2,
        3,
        4,
        5,
        6,
        7,
        8,
        9,
        10,
        11,
        12,
        13,
        14,
        15,
        16,
        17,
        18,
        19,
        20,
        21,
        22,
        23,
        24,
        25,
        26,
        27,
        28,
        29,
        30,
        31,
        32,
        33,
        34,
        35,
        36,
        37,
        38,
        39,
        40,
        41,
        42,
        43,
        44,
        45,
        46,
        47,
        48,
        49,
        50,
        51,
        52,
        53,
        54,
        55,
        56,
        57,
        58,
        59,
        60,
        61,
        62,
        63,
        64,
        65,
        66,
        67,
        68,
        69,
        70,
        71,
        72,
        73,
        74,
        75,
        76,
        77,
        78,
        79,
        80,
        81,
        82,
        83,
        84,
        85,
        86,
        87,
        88,
        89,
        90,
        91,
        92,
        93,
        94,
        95,
        96,
        97,
        98,
        99
    ],
    "train_loss": [
        0.02308870106935501,
        0.01363239623606205,
        0.013162024319171906,
        0.011068543419241905,
        0.010441484861075878,
        0.010285995900630951,
        0.009678405709564686,
        0.009668822400271893,
        0.009572749026119709,
        0.009258856996893883,
        0.00862709991633892,
        0.00867326371371746,
        0.008179925382137299,
        0.009443528950214386,
        0.009049615822732449,
        0.009539811871945858,
        0.00966157391667366,
        0.008626583963632584,
        0.00856829434633255,
        0.008581044152379036,
        0.008872628211975098,
        0.008541487157344818,
        0.008672921918332577,
        0.008524958044290543,
        0.00842640083283186,
        0.008393772877752781,
        0.008363957516849041,
        0.008366966620087624,
        0.008323188871145248,
        0.008211137726902962,
        0.008239367045462132,
        0.008323236368596554,
        0.00835788156837225,
        0.008399342186748981,
        0.008394314907491207,
        0.008345641195774078,
        0.008252601139247417,
        0.008172939531505108,
        0.008188556879758835,
        0.008202367462217808,
        0.008202050812542439,
        0.00816922727972269,
        0.008138746954500675,
        0.008118645288050175,
        0.008326840586960316,
        0.008661281317472458,
        0.009076012298464775,
        0.008591090328991413,
        0.008318716660141945,
        0.010737216100096703,
        0.0102298678830266,
        0.0106012849137187,
        0.013166191056370735,
        0.011464577168226242,
        0.009785081259906292,
        0.010059816762804985,
        0.012635978870093822,
        0.013265707530081272,
        0.012639762833714485,
        0.012121756561100483,
        0.011713559739291668,
        0.011327238753437996,
        0.011829781346023083,
        0.011638885363936424,
        0.011621078476309776,
        0.011588587425649166,
        0.011700185015797615,
        0.012379422783851624,
        0.012984833680093288,
        0.011877024546265602,
        0.010883646085858345,
        0.010065454058349133,
        0.009717321023344994,
        0.00912492722272873,
        0.00845164805650711,
        0.008207352831959724,
        0.007954846136271954,
        0.00795554555952549,
        0.007221238687634468,
        0.0067919716238975525,
        0.007090388331562281,
        0.008490224368870258,
        0.008858764544129372,
        0.008291579782962799,
        0.007749220822006464,
        0.007573447190225124,
        0.007453187368810177,
        0.007300133351236582,
        0.007181833498179913,
        0.007031043525785208,
        0.006913045886904001,
        0.0067459228448569775,
        0.006678297650068998,
        0.006602739915251732,
        0.006565916817635298,
        0.00658817682415247,
        0.006701211910694838,
        0.0068677146919071674,
        0.007106745149940252,
        0.007630962412804365
    ]
}