{
    "epoch": [
        0,
        1,
        2,
        3,
        4,
        5,
        6,
        7,
        8,
        9,
        10,
        11,
        12,
        13,
        14,
        15,
        16,
        17,
        18,
        19,
        20,
        21,
        22,
        23,
        24,
        25,
        26,
        27,
        28,
        29,
        30,
        31,
        32,
        33,
        34,
        35,
        36,
        37,
        38,
        39,
        40,
        41,
        42,
        43,
        44,
        45,
        46,
        47,
        48,
        49,
        50,
        51,
        52,
        53,
        54,
        55,
        56,
        57,
        58,
        59,
        60,
        61,
        62,
        63,
        64,
        65,
        66,
        67,
        68,
        69,
        70,
        71,
        72,
        73,
        74,
        75,
        76,
        77,
        78,
        79,
        80,
        81,
        82,
        83,
        84,
        85,
        86,
        87,
        88,
        89,
        90,
        91,
        92,
        93,
        94,
        95,
        96,
        97,
        98,
        99
    ],
    "train_loss": [
        0.427476704120636,
        0.2988640367984772,
        0.2342115342617035,
        0.19795380532741547,
        0.16989558935165405,
        0.17260655760765076,
        0.11172018945217133,
        0.08758348226547241,
        0.07271835207939148,
        0.06097893416881561,
        0.11293898522853851,
        0.08002571761608124,
        0.06374645978212357,
        0.05239465460181236,
        0.04509340971708298,
        0.06754742562770844,
        0.05026976764202118,
        0.043019890785217285,
        0.039551738649606705,
        0.037851832807064056,
        0.045003555715084076,
        0.03729047253727913,
        0.03334345296025276,
        0.03120347484946251,
        0.031049182638525963,
        0.03337401524186134,
        0.030926423147320747,
        0.03021005168557167,
        0.02989586815237999,
        0.030492110177874565,
        0.03575264289975166,
        0.03198712319135666,
        0.030456574633717537,
        0.0302408616989851,
        0.030598709359765053,
        0.03244813531637192,
        0.03151113539934158,
        0.032945938408374786,
        0.03345799073576927,
        0.03390534967184067,
        0.037299744784832,
        0.03444308042526245,
        0.03433140739798546,
        0.033616844564676285,
        0.03282571956515312,
        0.033732637763023376,
        0.03201489523053169,
        0.031059257686138153,
        0.03021436184644699,
        0.02965717203915119,
        0.02866007201373577,
        0.028139112517237663,
        0.02765692211687565,
        0.027036380022764206,
        0.02633187547326088,
        0.02549959346652031,
        0.024940313771367073,
        0.024872489273548126,
        0.024770399555563927,
        0.0249710101634264,
        0.02495564892888069,
        0.025329777970910072,
        0.02496512606739998,
        0.02540397271513939,
        0.02515130676329136,
        0.024956250563263893,
        0.025269730016589165,
        0.02551809698343277,
        0.025710465386509895,
        0.025174656882882118,
        0.024312276393175125,
        0.02379835583269596,
        0.023168805986642838,
        0.022870952263474464,
        0.022487878799438477,
        0.022442588582634926,
        0.022611582651734352,
        0.022772381082177162,
        0.022354569286108017,
        0.021968146786093712,
        0.021803133189678192,
        0.021546747535467148,
        0.021704411134123802,
        0.021888121962547302,
        0.02173631824553013,
        0.021679440513253212,
        0.021340223029255867,
        0.021247465163469315,
        0.021275611594319344,
        0.021428119391202927,
        0.021544301882386208,
        0.021577447652816772,
        0.021835574880242348,
        0.021606188267469406,
        0.02143535390496254,
        0.021546578034758568,
        0.021246792748570442,
        0.021207742393016815,
        0.021255970001220703,
        0.02140446938574314
    ]
}