{
    "epoch": [
        0,
        1,
        2,
        3,
        4,
        5,
        6,
        7,
        8,
        9,
        10,
        11,
        12,
        13,
        14,
        15,
        16,
        17,
        18,
        19,
        20,
        21,
        22,
        23,
        24,
        25,
        26,
        27,
        28,
        29,
        30,
        31,
        32,
        33,
        34,
        35,
        36,
        37,
        38,
        39,
        40,
        41,
        42,
        43,
        44,
        45,
        46,
        47,
        48,
        49,
        50,
        51,
        52,
        53,
        54,
        55,
        56,
        57,
        58,
        59,
        60,
        61,
        62,
        63,
        64,
        65,
        66,
        67,
        68,
        69,
        70,
        71,
        72,
        73,
        74,
        75,
        76,
        77,
        78,
        79,
        80,
        81,
        82,
        83,
        84,
        85,
        86,
        87,
        88,
        89,
        90,
        91,
        92,
        93,
        94,
        95,
        96,
        97,
        98,
        99
    ],
    "train_loss": [
        0.02965628355741501,
        0.020389115437865257,
        0.014133422635495663,
        0.011121293529868126,
        0.007570547051727772,
        0.009758342057466507,
        0.009783726185560226,
        0.0077560171484947205,
        0.007755415979772806,
        0.007802640087902546,
        0.008238346315920353,
        0.008245526812970638,
        0.008114959113299847,
        0.008061535656452179,
        0.007999321445822716,
        0.008150944486260414,
        0.007958768866956234,
        0.0078373271971941,
        0.007708678487688303,
        0.007473761681467295,
        0.007493059150874615,
        0.007505210116505623,
        0.007391299121081829,
        0.007313189096748829,
        0.0076400903053581715,
        0.0076386649161577225,
        0.008092761971056461,
        0.008954559452831745,
        0.009259693324565887,
        0.009122172370553017,
        0.00940313097089529,
        0.011060484685003757,
        0.012489700689911842,
        0.009936601854860783,
        0.00920848362147808,
        0.008575811050832272,
        0.007990960031747818,
        0.007703693583607674,
        0.007739332504570484,
        0.007760257925838232,
        0.00775956129655242,
        0.007882816717028618,
        0.0077004567719995975,
        0.007644220720976591,
        0.007523742038756609,
        0.007277697790414095,
        0.007205689325928688,
        0.007045477628707886,
        0.007030091248452663,
        0.007050630636513233,
        0.006859149318188429,
        0.006683023646473885,
        0.006843076087534428,
        0.006788712460547686,
        0.006815522909164429,
        0.006678854580968618,
        0.006421766243875027,
        0.006402827799320221,
        0.0064160809852182865,
        0.006549762561917305,
        0.006571038160473108,
        0.006534167565405369,
        0.006525821052491665,
        0.006532090250402689,
        0.0065485816448926926,
        0.006585325580090284,
        0.006605156697332859,
        0.00656769797205925,
        0.006532164290547371,
        0.0065850079990923405,
        0.006529610604047775,
        0.0064545925706624985,
        0.0063673569820821285,
        0.006260209251195192,
        0.006214226596057415,
        0.006148815155029297,
        0.006108155939728022,
        0.005248445551842451,
        0.005241022910922766,
        0.005426473915576935,
        0.005255623254925013,
        0.0052424343302845955,
        0.005221498664468527,
        0.005161541048437357,
        0.005240613594651222,
        0.0052700708620250225,
        0.0052084471099078655,
        0.0052193873561918736,
        0.005053149536252022,
        0.0050170281901955605,
        0.005070197395980358,
        0.005181378219276667,
        0.005175863392651081,
        0.005095678381621838,
        0.004978497978299856,
        0.0049680317752063274,
        0.004913440439850092,
        0.004869742784649134,
        0.004872458055615425,
        0.0048860725946724415
    ]
}