{
    "epoch": [
        0,
        1,
        2,
        3,
        4,
        5,
        6,
        7,
        8,
        9,
        10,
        11,
        12,
        13,
        14,
        15,
        16,
        17,
        18,
        19,
        20,
        21,
        22,
        23,
        24,
        25,
        26,
        27,
        28,
        29,
        30,
        31,
        32,
        33,
        34,
        35,
        36,
        37,
        38,
        39,
        40,
        41,
        42,
        43,
        44,
        45,
        46,
        47,
        48,
        49,
        50,
        51,
        52,
        53,
        54,
        55,
        56,
        57,
        58,
        59,
        60,
        61,
        62,
        63,
        64,
        65,
        66,
        67,
        68,
        69,
        70,
        71,
        72,
        73,
        74,
        75,
        76,
        77,
        78,
        79,
        80,
        81,
        82,
        83,
        84,
        85,
        86,
        87,
        88,
        89,
        90,
        91,
        92,
        93,
        94,
        95,
        96,
        97,
        98,
        99
    ],
    "train_loss": [
        0.1417623609304428,
        0.022633254528045654,
        0.014916597865521908,
        0.013708244077861309,
        0.017825614660978317,
        0.019417399540543556,
        0.019591040909290314,
        0.01768435910344124,
        0.016025064513087273,
        0.015000131912529469,
        0.014620279893279076,
        0.0141899473965168,
        0.014438106678426266,
        0.014252415858209133,
        0.014523983001708984,
        0.014185437001287937,
        0.01446709968149662,
        0.01329980418086052,
        0.01233669277280569,
        0.012351646088063717,
        0.0125651266425848,
        0.012616450898349285,
        0.011083779856562614,
        0.01076541654765606,
        0.010880926623940468,
        0.01131394412368536,
        0.011222079396247864,
        0.011221318505704403,
        0.011517241597175598,
        0.011533952318131924,
        0.011689241044223309,
        0.01155476737767458,
        0.011560074053704739,
        0.011566458269953728,
        0.011570666916668415,
        0.011649695225059986,
        0.011615986004471779,
        0.01156830508261919,
        0.011564360000193119,
        0.011564359068870544,
        0.011566480621695518,
        0.011566480621695518,
        0.011566480621695518,
        0.011566480621695518,
        0.011548339389264584,
        0.011540106497704983,
        0.01150432787835598,
        0.011477393098175526,
        0.011461565271019936,
        0.011455327272415161,
        0.01145418081432581,
        0.011454053223133087,
        0.011451872996985912,
        0.011450566351413727,
        0.011446085758507252,
        0.011445955373346806,
        0.011443951167166233,
        0.011435790918767452,
        0.011431397870182991,
        0.011431398801505566,
        0.011431397870182991,
        0.011431398801505566,
        0.01142198871821165,
        0.01140512339770794,
        0.011395079083740711,
        0.01139101292937994,
        0.01139101292937994,
        0.01139101292937994,
        0.011391011998057365,
        0.011391011998057365,
        0.01139101292937994,
        0.01139101292937994,
        0.01139101292937994,
        0.011391011998057365,
        0.011391011998057365,
        0.01139101292937994,
        0.01139101292937994,
        0.01139101292937994,
        0.01139101292937994,
        0.011389912106096745,
        0.011387519538402557,
        0.011371427215635777,
        0.011382991448044777,
        0.011403891257941723,
        0.011331012472510338,
        0.011205838993191719,
        0.011171930469572544,
        0.011173635721206665,
        0.011179117485880852,
        0.011185148730874062,
        0.011185149662196636,
        0.011185148730874062,
        0.011185148730874062,
        0.011185148730874062,
        0.011184104718267918,
        0.011201709508895874,
        0.011209867894649506,
        0.011205591261386871,
        0.011203603819012642,
        0.011203022673726082
    ]
}