{
    "epoch": [
        0,
        1,
        2,
        3,
        4,
        5,
        6,
        7,
        8,
        9,
        10,
        11,
        12,
        13,
        14,
        15,
        16,
        17,
        18,
        19,
        20,
        21,
        22,
        23,
        24,
        25,
        26,
        27,
        28,
        29,
        30,
        31,
        32,
        33,
        34,
        35,
        36,
        37,
        38,
        39,
        40,
        41,
        42,
        43,
        44,
        45,
        46,
        47,
        48,
        49,
        50,
        51,
        52,
        53,
        54,
        55,
        56,
        57,
        58,
        59,
        60,
        61,
        62,
        63,
        64,
        65,
        66,
        67,
        68,
        69,
        70,
        71,
        72,
        73,
        74,
        75,
        76,
        77,
        78,
        79,
        80,
        81,
        82,
        83,
        84,
        85,
        86,
        87,
        88,
        89,
        90,
        91,
        92,
        93,
        94,
        95,
        96,
        97,
        98,
        99
    ],
    "train_loss": [
        0.12801705300807953,
        0.023616058751940727,
        0.015973160043358803,
        0.01593509316444397,
        0.015300597995519638,
        0.018210750073194504,
        0.015805575996637344,
        0.015066533349454403,
        0.015348155051469803,
        0.014255431480705738,
        0.0140558872371912,
        0.01405338291078806,
        0.011876314878463745,
        0.012721577659249306,
        0.011398137547075748,
        0.010989719070494175,
        0.011038348078727722,
        0.010967167094349861,
        0.010678854770958424,
        0.0103334104642272,
        0.010228106752038002,
        0.010916605591773987,
        0.010750828310847282,
        0.010431977920234203,
        0.010328255593776703,
        0.009471559897065163,
        0.009457901120185852,
        0.009607220999896526,
        0.010452382266521454,
        0.010380666702985764,
        0.010368747636675835,
        0.01035524532198906,
        0.010391260497272015,
        0.010323207825422287,
        0.01029073353856802,
        0.010307046584784985,
        0.010283207520842552,
        0.010378841310739517,
        0.010433872230350971,
        0.010549060069024563,
        0.010823444463312626,
        0.010990413837134838,
        0.010959597304463387,
        0.011021887883543968,
        0.01094122976064682,
        0.01100977510213852,
        0.01116873137652874,
        0.011285270564258099,
        0.011467836797237396,
        0.011618643999099731,
        0.011487698182463646,
        0.011586179956793785,
        0.011672782711684704,
        0.011663436889648438,
        0.011737162247300148,
        0.011638492345809937,
        0.011392498388886452,
        0.011224698275327682,
        0.010716584511101246,
        0.010247967205941677,
        0.010089067742228508,
        0.009985821321606636,
        0.010016902349889278,
        0.010123868472874165,
        0.01039387658238411,
        0.0104533601552248,
        0.010407749563455582,
        0.010290553793311119,
        0.010257035493850708,
        0.010383195243775845,
        0.010640399530529976,
        0.01096613984555006,
        0.01135958731174469,
        0.011607793159782887,
        0.011630000546574593,
        0.011893367394804955,
        0.011898367665708065,
        0.0119277099147439,
        0.011944789439439774,
        0.012177810072898865,
        0.012475645169615746,
        0.01256647240370512,
        0.012575768865644932,
        0.012535185553133488,
        0.012399961240589619,
        0.012106760405004025,
        0.011833161115646362,
        0.011689560487866402,
        0.01159482542425394,
        0.011508150026202202,
        0.01140531711280346,
        0.011284250766038895,
        0.011200734414160252,
        0.011018828488886356,
        0.011006361804902554,
        0.011000811122357845,
        0.011028522625565529,
        0.011183234862983227,
        0.011227073147892952,
        0.011456578969955444
    ]
}