{
    "epoch": [
        0,
        1,
        2,
        3,
        4,
        5,
        6,
        7,
        8,
        9,
        10,
        11,
        12,
        13,
        14,
        15,
        16,
        17,
        18,
        19,
        20,
        21,
        22,
        23,
        24,
        25,
        26,
        27,
        28,
        29,
        30,
        31,
        32,
        33,
        34,
        35,
        36,
        37,
        38,
        39,
        40,
        41,
        42,
        43,
        44,
        45,
        46,
        47,
        48,
        49,
        50,
        51,
        52,
        53,
        54,
        55,
        56,
        57,
        58,
        59,
        60,
        61,
        62,
        63,
        64,
        65,
        66,
        67,
        68,
        69,
        70,
        71,
        72,
        73,
        74,
        75,
        76,
        77,
        78,
        79,
        80,
        81,
        82,
        83,
        84,
        85,
        86,
        87,
        88,
        89,
        90,
        91,
        92,
        93,
        94,
        95,
        96,
        97,
        98,
        99
    ],
    "train_loss": [
        0.06580356508493423,
        0.027387060225009918,
        0.017591377720236778,
        0.014990180730819702,
        0.01307479478418827,
        0.012884200550615788,
        0.00922711007297039,
        0.013482500799000263,
        0.007744647562503815,
        0.007230653893202543,
        0.006602318957448006,
        0.006534692831337452,
        0.006201513577252626,
        0.006040416192263365,
        0.0061484891921281815,
        0.006280429195612669,
        0.007411855272948742,
        0.00808507390320301,
        0.007394671905785799,
        0.007090860046446323,
        0.007024231366813183,
        0.007085605524480343,
        0.007046644110232592,
        0.006782063283026218,
        0.006956685800105333,
        0.006551226135343313,
        0.006361792795360088,
        0.006362812127918005,
        0.0061508058570325375,
        0.005903999321162701,
        0.006014311220496893,
        0.006258971057832241,
        0.006052697543054819,
        0.006187768187373877,
        0.006219964940100908,
        0.006706418935209513,
        0.006295111496001482,
        0.006031456403434277,
        0.006042260676622391,
        0.005984927993267775,
        0.006281789857894182,
        0.006073745433241129,
        0.005989572033286095,
        0.0057837036438286304,
        0.005573458503931761,
        0.0058004483580589294,
        0.005827491171658039,
        0.005865560844540596,
        0.005891566630452871,
        0.005897745490074158,
        0.005950322840362787,
        0.006014405284076929,
        0.006020823959261179,
        0.00603141775354743,
        0.0061173406429588795,
        0.005981591064482927,
        0.005963169038295746,
        0.005878514610230923,
        0.005842327140271664,
        0.005826308857649565,
        0.0058273025788366795,
        0.005776394158601761,
        0.005793823394924402,
        0.005761671345680952,
        0.005743062123656273,
        0.005760910455137491,
        0.005762324668467045,
        0.005770804360508919,
        0.00575950276106596,
        0.005746424663811922,
        0.0057433596812188625,
        0.0057855029590427876,
        0.0057659633457660675,
        0.005720160901546478,
        0.005737828556448221,
        0.0057516396045684814,
        0.005738551262766123,
        0.0057606166228652,
        0.005754757672548294,
        0.005700654350221157,
        0.005794582422822714,
        0.005695137195289135,
        0.005724429152905941,
        0.0056984918192029,
        0.005734056234359741,
        0.005645100027322769,
        0.005663547199219465,
        0.005631748586893082,
        0.00563795305788517,
        0.005635466892272234,
        0.005625312682241201,
        0.005659730173647404,
        0.005569479428231716,
        0.005646687000989914,
        0.005618928465992212,
        0.005652665626257658,
        0.005621960386633873,
        0.00561797758564353,
        0.005611585918813944,
        0.005602293182164431
    ]
}