{
    "epoch": [
        0,
        1,
        2,
        3,
        4,
        5,
        6,
        7,
        8,
        9,
        10,
        11,
        12,
        13,
        14,
        15,
        16,
        17,
        18,
        19,
        20,
        21,
        22,
        23,
        24,
        25,
        26,
        27,
        28,
        29,
        30,
        31,
        32,
        33,
        34,
        35,
        36,
        37,
        38,
        39,
        40,
        41,
        42,
        43,
        44,
        45,
        46,
        47,
        48,
        49,
        50,
        51,
        52,
        53,
        54,
        55,
        56,
        57,
        58,
        59,
        60,
        61,
        62,
        63,
        64,
        65,
        66,
        67,
        68,
        69,
        70,
        71,
        72,
        73,
        74,
        75,
        76,
        77,
        78,
        79,
        80,
        81,
        82,
        83,
        84,
        85,
        86,
        87,
        88,
        89,
        90,
        91,
        92,
        93,
        94,
        95,
        96,
        97,
        98,
        99
    ],
    "train_loss": [
        0.026021268218755722,
        0.011672500520944595,
        0.011458531953394413,
        0.011166637763381004,
        0.011218162253499031,
        0.011431796476244926,
        0.01112083625048399,
        0.011308795772492886,
        0.011141451075673103,
        0.011181121692061424,
        0.01145272795110941,
        0.011225356720387936,
        0.011071550659835339,
        0.010937933810055256,
        0.01083329040557146,
        0.010855883359909058,
        0.010913219302892685,
        0.010961581952869892,
        0.010994820855557919,
        0.011070560663938522,
        0.011001582257449627,
        0.011183347553014755,
        0.011066613718867302,
        0.01107238233089447,
        0.010942159220576286,
        0.010845574550330639,
        0.010787537321448326,
        0.010691686533391476,
        0.010593676008284092,
        0.01037648692727089,
        0.010405585169792175,
        0.010344667360186577,
        0.010248777456581593,
        0.010202965699136257,
        0.010179365985095501,
        0.010132545605301857,
        0.010144295170903206,
        0.010196124203503132,
        0.010153591632843018,
        0.01015270221978426,
        0.010340645909309387,
        0.01038450188934803,
        0.010381515137851238,
        0.010435917414724827,
        0.010501992888748646,
        0.010407605208456516,
        0.010356742888689041,
        0.010242568328976631,
        0.010076528415083885,
        0.009939078241586685,
        0.009998949244618416,
        0.009940598160028458,
        0.009733878076076508,
        0.009719382971525192,
        0.00962743628770113,
        0.009515417739748955,
        0.009493823163211346,
        0.009561740793287754,
        0.009722529910504818,
        0.00988084264099598,
        0.010037072002887726,
        0.01020129956305027,
        0.010396037250757217,
        0.010630473494529724,
        0.010799444280564785,
        0.010904043912887573,
        0.011053964495658875,
        0.01123025082051754,
        0.011381012387573719,
        0.01136384904384613,
        0.011405530385673046,
        0.011378283612430096,
        0.011001767590641975,
        0.010615076869726181,
        0.010423111729323864,
        0.010395091958343983,
        0.010360989719629288,
        0.010288343764841557,
        0.010172673501074314,
        0.010049337521195412,
        0.010029591619968414,
        0.009944196790456772,
        0.01000511646270752,
        0.009942143224179745,
        0.009943969547748566,
        0.0099330497905612,
        0.009917265735566616,
        0.009892301633954048,
        0.009864024817943573,
        0.009843690320849419,
        0.009774480946362019,
        0.009762002155184746,
        0.009713719598948956,
        0.009678637608885765,
        0.009670245461165905,
        0.009696003049612045,
        0.009699536487460136,
        0.009697048924863338,
        0.00967219565063715,
        0.009667563252151012
    ]
}