{
    "epoch": [
        0,
        1,
        2,
        3,
        4,
        5,
        6,
        7,
        8,
        9,
        10,
        11,
        12,
        13,
        14,
        15,
        16,
        17,
        18,
        19,
        20,
        21,
        22,
        23,
        24,
        25,
        26,
        27,
        28,
        29,
        30,
        31,
        32,
        33,
        34,
        35,
        36,
        37,
        38,
        39,
        40,
        41,
        42,
        43,
        44,
        45,
        46,
        47,
        48,
        49,
        50,
        51,
        52,
        53,
        54,
        55,
        56,
        57,
        58,
        59,
        60,
        61,
        62,
        63,
        64,
        65,
        66,
        67,
        68,
        69,
        70,
        71,
        72,
        73,
        74,
        75,
        76,
        77,
        78,
        79,
        80,
        81,
        82,
        83,
        84,
        85,
        86,
        87,
        88,
        89,
        90,
        91,
        92,
        93,
        94,
        95,
        96,
        97,
        98,
        99
    ],
    "train_loss": [
        0.2892693281173706,
        0.17140191793441772,
        0.11814635992050171,
        0.09119214862585068,
        0.07675818353891373,
        0.17136342823505402,
        0.09360828250646591,
        0.06867591291666031,
        0.05459904298186302,
        0.04360760375857353,
        0.04440682381391525,
        0.037154100835323334,
        0.034193333238363266,
        0.033058714121580124,
        0.032543934881687164,
        0.034946177154779434,
        0.03138531371951103,
        0.030439024791121483,
        0.02876976504921913,
        0.02701685205101967,
        0.02849390357732773,
        0.0265535619109869,
        0.02537231333553791,
        0.024426693096756935,
        0.023401422426104546,
        0.02359648235142231,
        0.021993471309542656,
        0.022579189389944077,
        0.022190053015947342,
        0.021480979397892952,
        0.021972190588712692,
        0.02066287398338318,
        0.019992809742689133,
        0.019823383539915085,
        0.01949945092201233,
        0.019798291847109795,
        0.019071239978075027,
        0.017956126481294632,
        0.017763527110219002,
        0.01788918487727642,
        0.017990784719586372,
        0.017359208315610886,
        0.01690138690173626,
        0.017195574939250946,
        0.017387215048074722,
        0.01901966892182827,
        0.01722896099090576,
        0.016523130238056183,
        0.016399359330534935,
        0.01654120907187462,
        0.01635150797665119,
        0.016546258702874184,
        0.017709149047732353,
        0.017850948497653008,
        0.017620129510760307,
        0.017481431365013123,
        0.017461661249399185,
        0.01787710003554821,
        0.01849810779094696,
        0.01822832226753235,
        0.017061367630958557,
        0.01676785573363304,
        0.01689211092889309,
        0.0165224801748991,
        0.016254782676696777,
        0.016049839556217194,
        0.01588600128889084,
        0.015973951667547226,
        0.015888793393969536,
        0.016133051365613937,
        0.016501758247613907,
        0.016764335334300995,
        0.016526442021131516,
        0.016196222975850105,
        0.016128769144415855,
        0.015865691006183624,
        0.015342317521572113,
        0.014904394745826721,
        0.014997441321611404,
        0.01479633804410696,
        0.014578786678612232,
        0.014958836138248444,
        0.014703912660479546,
        0.014489293098449707,
        0.014526278711855412,
        0.014796861447393894,
        0.014827616512775421,
        0.014403258450329304,
        0.01447581872344017,
        0.014308000914752483,
        0.014379744417965412,
        0.014647508971393108,
        0.014576246030628681,
        0.014659798704087734,
        0.014926579780876637,
        0.015341020189225674,
        0.015554671175777912,
        0.015364793129265308,
        0.015306323766708374,
        0.015364954248070717
    ]
}