{
    "epoch": [
        0,
        1,
        2,
        3,
        4,
        5,
        6,
        7,
        8,
        9,
        10,
        11,
        12,
        13,
        14,
        15,
        16,
        17,
        18,
        19,
        20,
        21,
        22,
        23,
        24,
        25,
        26,
        27,
        28,
        29,
        30,
        31,
        32,
        33,
        34,
        35,
        36,
        37,
        38,
        39,
        40,
        41,
        42,
        43,
        44,
        45,
        46,
        47,
        48,
        49,
        50,
        51,
        52,
        53,
        54,
        55,
        56,
        57,
        58,
        59,
        60,
        61,
        62,
        63,
        64,
        65,
        66,
        67,
        68,
        69,
        70,
        71,
        72,
        73,
        74,
        75,
        76,
        77,
        78,
        79,
        80,
        81,
        82,
        83,
        84,
        85,
        86,
        87,
        88,
        89,
        90,
        91,
        92,
        93,
        94,
        95,
        96,
        97,
        98,
        99
    ],
    "train_loss": [
        0.09823811054229736,
        0.03571515530347824,
        0.02781234309077263,
        0.02391091361641884,
        0.024774421006441116,
        0.018065106123685837,
        0.012165309861302376,
        0.012605647556483746,
        0.011450243182480335,
        0.011673103086650372,
        0.009383334778249264,
        0.009508219547569752,
        0.010082964785397053,
        0.008228106424212456,
        0.008463702164590359,
        0.009472658857703209,
        0.00929904542863369,
        0.009382478892803192,
        0.008165416307747364,
        0.008760582655668259,
        0.007486247457563877,
        0.008581914007663727,
        0.00802496075630188,
        0.007950682193040848,
        0.007658243644982576,
        0.007842771708965302,
        0.007417627144604921,
        0.007222482468932867,
        0.007024733349680901,
        0.006849726662039757,
        0.006929565686732531,
        0.006930092349648476,
        0.006922157946974039,
        0.006930434610694647,
        0.006997942924499512,
        0.006961544509977102,
        0.006909959949553013,
        0.006811597850173712,
        0.006613047793507576,
        0.006432070396840572,
        0.006322558969259262,
        0.006394066382199526,
        0.006293540820479393,
        0.005714433267712593,
        0.005727070849388838,
        0.005892589688301086,
        0.006104855798184872,
        0.0062024216167628765,
        0.006314118392765522,
        0.006239944603294134,
        0.006186109501868486,
        0.006078633014112711,
        0.006103357765823603,
        0.0061596655286848545,
        0.006217300891876221,
        0.0062262858264148235,
        0.00628683902323246,
        0.006325515918433666,
        0.006346988491714001,
        0.006234758533537388,
        0.006268455181270838,
        0.0062248846516013145,
        0.006336563266813755,
        0.00626154150813818,
        0.006267853081226349,
        0.006196980830281973,
        0.006236085202544928,
        0.006319154053926468,
        0.00630149757489562,
        0.006316685117781162,
        0.006454103626310825,
        0.0064620585180819035,
        0.006340943276882172,
        0.006286810152232647,
        0.0062417760491371155,
        0.006240831688046455,
        0.006264775991439819,
        0.006274724844843149,
        0.006262472830712795,
        0.006264684721827507,
        0.0062567610293626785,
        0.006247581448405981,
        0.006217044312506914,
        0.006182901095598936,
        0.006168239749968052,
        0.006168318912386894,
        0.006158108357340097,
        0.006131489761173725,
        0.006129282992333174,
        0.006089210044592619,
        0.006064633373171091,
        0.006043077912181616,
        0.0060587236657738686,
        0.006073666736483574,
        0.006062367931008339,
        0.006073921453207731,
        0.006061925552785397,
        0.006016629748046398,
        0.006019616965204477,
        0.006008225493133068
    ]
}