{
    "epoch": [
        0,
        1,
        2,
        3,
        4,
        5,
        6,
        7,
        8,
        9,
        10,
        11,
        12,
        13,
        14,
        15,
        16,
        17,
        18,
        19,
        20,
        21,
        22,
        23,
        24,
        25,
        26,
        27,
        28,
        29,
        30,
        31,
        32,
        33,
        34,
        35,
        36,
        37,
        38,
        39,
        40,
        41,
        42,
        43,
        44,
        45,
        46,
        47,
        48,
        49,
        50,
        51,
        52,
        53,
        54,
        55,
        56,
        57,
        58,
        59,
        60,
        61,
        62,
        63,
        64,
        65,
        66,
        67,
        68,
        69,
        70,
        71,
        72,
        73,
        74,
        75,
        76,
        77,
        78,
        79,
        80,
        81,
        82,
        83,
        84,
        85,
        86,
        87,
        88,
        89,
        90,
        91,
        92,
        93,
        94,
        95,
        96,
        97,
        98,
        99
    ],
    "train_loss": [
        0.5797920227050781,
        0.46400097012519836,
        0.35839328169822693,
        0.2903842329978943,
        0.23461642861366272,
        0.24229148030281067,
        0.16693413257598877,
        0.12595881521701813,
        0.11015528440475464,
        0.10137931257486343,
        0.10588942468166351,
        0.08656884729862213,
        0.07650126516819,
        0.06837035715579987,
        0.06134757399559021,
        0.08155252039432526,
        0.07279390096664429,
        0.06543587893247604,
        0.057957980781793594,
        0.05469892546534538,
        0.06224049627780914,
        0.0573309101164341,
        0.05219700187444687,
        0.04765566438436508,
        0.04403267428278923,
        0.04832467809319496,
        0.04346904531121254,
        0.03989562392234802,
        0.03755403310060501,
        0.036024633795022964,
        0.037792645394802094,
        0.03565463796257973,
        0.03435685858130455,
        0.03327101096510887,
        0.03211329132318497,
        0.034780118614435196,
        0.03340354189276695,
        0.032505352050065994,
        0.031510915607213974,
        0.030836256220936775,
        0.03403400629758835,
        0.03132247179746628,
        0.030108049511909485,
        0.029403865337371826,
        0.028875716030597687,
        0.03267078474164009,
        0.029621947556734085,
        0.029004575684666634,
        0.02823074348270893,
        0.02778484858572483,
        0.027481041848659515,
        0.02719765342772007,
        0.027122460305690765,
        0.026729144155979156,
        0.025950755923986435,
        0.025499377399683,
        0.02494121342897415,
        0.023992568254470825,
        0.02335791476070881,
        0.024456942453980446,
        0.023129576817154884,
        0.02435445599257946,
        0.02441338822245598,
        0.025316037237644196,
        0.02596358023583889,
        0.02617138810455799,
        0.025767486542463303,
        0.024635735899209976,
        0.024162983521819115,
        0.02326461672782898,
        0.022682156413793564,
        0.022209540009498596,
        0.02204338274896145,
        0.021638143807649612,
        0.021271314471960068,
        0.020670104771852493,
        0.02091372013092041,
        0.021329432725906372,
        0.02217032201588154,
        0.021855827420949936,
        0.021803511306643486,
        0.021337278187274933,
        0.021363837644457817,
        0.021333273500204086,
        0.02197231538593769,
        0.02201133407652378,
        0.021549561992287636,
        0.021261684596538544,
        0.021702313795685768,
        0.02150457538664341,
        0.021481754258275032,
        0.021985990926623344,
        0.021318908780813217,
        0.020824473351240158,
        0.019987577572464943,
        0.018973201513290405,
        0.018928324803709984,
        0.018683239817619324,
        0.01914774440228939,
        0.01901661977171898
    ]
}