{
    "epoch": [
        0,
        1,
        2,
        3,
        4,
        5,
        6,
        7,
        8,
        9,
        10,
        11,
        12,
        13,
        14,
        15,
        16,
        17,
        18,
        19,
        20,
        21,
        22,
        23,
        24,
        25,
        26,
        27,
        28,
        29,
        30,
        31,
        32,
        33,
        34,
        35,
        36,
        37,
        38,
        39,
        40,
        41,
        42,
        43,
        44,
        45,
        46,
        47,
        48,
        49,
        50,
        51,
        52,
        53,
        54,
        55,
        56,
        57,
        58,
        59,
        60,
        61,
        62,
        63,
        64,
        65,
        66,
        67,
        68,
        69,
        70,
        71,
        72,
        73,
        74,
        75,
        76,
        77,
        78,
        79,
        80,
        81,
        82,
        83,
        84,
        85,
        86,
        87,
        88,
        89,
        90,
        91,
        92,
        93,
        94,
        95,
        96,
        97,
        98,
        99
    ],
    "train_loss": [
        0.025886405259370804,
        0.011491662822663784,
        0.00821756199002266,
        0.007258335594087839,
        0.006723153870552778,
        0.0066477772779762745,
        0.006632890552282333,
        0.010837480425834656,
        0.008992248214781284,
        0.0083325719460845,
        0.0074689663015306,
        0.008090173825621605,
        0.00877609383314848,
        0.008204986341297626,
        0.006788784638047218,
        0.00640041334554553,
        0.008155240677297115,
        0.006139438133686781,
        0.005597907118499279,
        0.006937302649021149,
        0.007092083338648081,
        0.006634381599724293,
        0.0061661479994654655,
        0.005972957704216242,
        0.005364648997783661,
        0.005437773186713457,
        0.0055192396976053715,
        0.005701208487153053,
        0.0059814793057739735,
        0.006736761424690485,
        0.007726679556071758,
        0.007359879557043314,
        0.007430482655763626,
        0.0058108060620725155,
        0.005953358951956034,
        0.005649982951581478,
        0.005641321185976267,
        0.005846038926392794,
        0.005704726092517376,
        0.005565061699599028,
        0.00533630233258009,
        0.00516219437122345,
        0.005136275198310614,
        0.005218665115535259,
        0.004899566527456045,
        0.005342194810509682,
        0.005024431739002466,
        0.00466770539060235,
        0.004572289064526558,
        0.004552424885332584,
        0.004739677999168634,
        0.004805917385965586,
        0.004906673450022936,
        0.004910019692033529,
        0.004926081281155348,
        0.004999259952455759,
        0.005029287654906511,
        0.0049323043785989285,
        0.004797727335244417,
        0.004748235922306776,
        0.004704051651060581,
        0.004719248507171869,
        0.004769040737301111,
        0.004783945623785257,
        0.004796347580850124,
        0.004803194664418697,
        0.0047966535203158855,
        0.004780368413776159,
        0.004774697124958038,
        0.004779932089149952,
        0.004823608789592981,
        0.004847967531532049,
        0.004849907476454973,
        0.004737755283713341,
        0.004644495435059071,
        0.0047729844227433205,
        0.004839115776121616,
        0.004890040028840303,
        0.004862446337938309,
        0.004799657501280308,
        0.004770359955728054,
        0.0047384221106767654,
        0.004713029600679874,
        0.004712702240794897,
        0.004692008253186941,
        0.004703595768660307,
        0.0047561125829815865,
        0.004777328111231327,
        0.004792400170117617,
        0.004798954352736473,
        0.004766866099089384,
        0.00474335765466094,
        0.004695580806583166,
        0.004642023239284754,
        0.004569243639707565,
        0.004544474650174379,
        0.004526979755610228,
        0.004508273210376501,
        0.004494798369705677,
        0.004472952336072922
    ]
}