{
    "epoch": [
        0,
        1,
        2,
        3,
        4,
        5,
        6,
        7,
        8,
        9,
        10,
        11,
        12,
        13,
        14,
        15,
        16,
        17,
        18,
        19,
        20,
        21,
        22,
        23,
        24,
        25,
        26,
        27,
        28,
        29,
        30,
        31,
        32,
        33,
        34,
        35,
        36,
        37,
        38,
        39,
        40,
        41,
        42,
        43,
        44,
        45,
        46,
        47,
        48,
        49,
        50,
        51,
        52,
        53,
        54,
        55,
        56,
        57,
        58,
        59,
        60,
        61,
        62,
        63,
        64,
        65,
        66,
        67,
        68,
        69,
        70,
        71,
        72,
        73,
        74,
        75,
        76,
        77,
        78,
        79,
        80,
        81,
        82,
        83,
        84,
        85,
        86,
        87,
        88,
        89,
        90,
        91,
        92,
        93,
        94,
        95,
        96,
        97,
        98,
        99
    ],
    "train_loss": [
        0.09010974317789078,
        0.05002224072813988,
        0.03727852553129196,
        0.03423698991537094,
        0.02849089726805687,
        0.02575226128101349,
        0.022348929196596146,
        0.020550135523080826,
        0.019755292683839798,
        0.019511884078383446,
        0.017802173271775246,
        0.016901398077607155,
        0.01718861609697342,
        0.017710501328110695,
        0.016330217942595482,
        0.016531098634004593,
        0.01592695340514183,
        0.015797430649399757,
        0.015884187072515488,
        0.015773296356201172,
        0.01615281030535698,
        0.015744632109999657,
        0.01675145886838436,
        0.018124975264072418,
        0.017392534762620926,
        0.01691366732120514,
        0.015333585441112518,
        0.015692222863435745,
        0.015125466510653496,
        0.014936263673007488,
        0.01572687178850174,
        0.014760412275791168,
        0.014382472261786461,
        0.014216146431863308,
        0.014260734431445599,
        0.014507721178233624,
        0.01405589934438467,
        0.013767349533736706,
        0.01361373346298933,
        0.013696123845875263,
        0.013683227822184563,
        0.013594750314950943,
        0.013462220318615437,
        0.013259466737508774,
        0.013296988792717457,
        0.013506980612874031,
        0.013448690064251423,
        0.013232964091002941,
        0.013167533092200756,
        0.013128203339874744,
        0.01310921460390091,
        0.013129201717674732,
        0.013184186071157455,
        0.01320234127342701,
        0.013153833337128162,
        0.013215729966759682,
        0.013262663036584854,
        0.013255415484309196,
        0.013202349655330181,
        0.013215058483183384,
        0.013234535232186317,
        0.013186365365982056,
        0.013233781792223454,
        0.013308607041835785,
        0.013324198313057423,
        0.013318337500095367,
        0.013369775377213955,
        0.01342252641916275,
        0.013380851596593857,
        0.013332996517419815,
        0.013378092087805271,
        0.013371765613555908,
        0.013388227671384811,
        0.013433718122541904,
        0.013430675491690636,
        0.013504904694855213,
        0.01354772038757801,
        0.013613410294055939,
        0.01361075695604086,
        0.013569412752985954,
        0.01354941725730896,
        0.013638650998473167,
        0.01371503621339798,
        0.01378479041159153,
        0.013816379010677338,
        0.013824944384396076,
        0.01386995892971754,
        0.013890044763684273,
        0.013931352645158768,
        0.013929382897913456,
        0.013965343125164509,
        0.014032005332410336,
        0.014093929901719093,
        0.014167207293212414,
        0.014198919758200645,
        0.014200570061802864,
        0.014208102598786354,
        0.01423586718738079,
        0.01426217146217823,
        0.014197547920048237
    ]
}