{
    "epoch": [
        0,
        1,
        2,
        3,
        4,
        5,
        6,
        7,
        8,
        9,
        10,
        11,
        12,
        13,
        14,
        15,
        16,
        17,
        18,
        19,
        20,
        21,
        22,
        23,
        24,
        25,
        26,
        27,
        28,
        29,
        30,
        31,
        32,
        33,
        34,
        35,
        36,
        37,
        38,
        39,
        40,
        41,
        42,
        43,
        44,
        45,
        46,
        47,
        48,
        49,
        50,
        51,
        52,
        53,
        54,
        55,
        56,
        57,
        58,
        59,
        60,
        61,
        62,
        63,
        64,
        65,
        66,
        67,
        68,
        69,
        70,
        71,
        72,
        73,
        74,
        75,
        76,
        77,
        78,
        79,
        80,
        81,
        82,
        83,
        84,
        85,
        86,
        87,
        88,
        89,
        90,
        91,
        92,
        93,
        94,
        95,
        96,
        97,
        98,
        99
    ],
    "train_loss": [
        0.037078093737363815,
        0.028574680909514427,
        0.01312791183590889,
        0.01343765202909708,
        0.009298295713961124,
        0.006938057020306587,
        0.0061242105439305305,
        0.007080121897161007,
        0.00650873314589262,
        0.006301167421042919,
        0.0059712775982916355,
        0.006478757597506046,
        0.006277119275182486,
        0.006224471610039473,
        0.005789759568870068,
        0.005911927204579115,
        0.005584931932389736,
        0.004961160011589527,
        0.004841920454055071,
        0.005178170278668404,
        0.004803555551916361,
        0.005281202029436827,
        0.006119551602751017,
        0.0064562587067484856,
        0.006320767104625702,
        0.006027547176927328,
        0.005589823704212904,
        0.006020347587764263,
        0.005999148357659578,
        0.005907974671572447,
        0.006240874994546175,
        0.006392448674887419,
        0.007641107775270939,
        0.007585326675325632,
        0.007416577078402042,
        0.006803291384130716,
        0.006233722437173128,
        0.005370224826037884,
        0.00554464478045702,
        0.0050903609953820705,
        0.004611734300851822,
        0.004636781755834818,
        0.004739019088447094,
        0.004912675824016333,
        0.006603538058698177,
        0.0072142998687922955,
        0.007708708755671978,
        0.007332319393754005,
        0.006512186955660582,
        0.0060676648281514645,
        0.004672450479120016,
        0.004201013594865799,
        0.004072947893291712,
        0.00423744972795248,
        0.004492961335927248,
        0.004933511838316917,
        0.005128076765686274,
        0.0051621911115944386,
        0.006016488187015057,
        0.0058128139935433865,
        0.005670701619237661,
        0.005558648146688938,
        0.005192315671592951,
        0.004876585677266121,
        0.00469821086153388,
        0.0042955814860761166,
        0.004285284783691168,
        0.004332156851887703,
        0.004369727335870266,
        0.0044144825078547,
        0.0045633804984390736,
        0.005026186816394329,
        0.0051020230166614056,
        0.005109592340886593,
        0.005142467562109232,
        0.005160876549780369,
        0.005119661334902048,
        0.005028293933719397,
        0.005010562017560005,
        0.004992954432964325,
        0.004929414018988609,
        0.004847110249102116,
        0.004819418303668499,
        0.004674218129366636,
        0.004563056863844395,
        0.004489674232900143,
        0.004455192014575005,
        0.004390363115817308,
        0.004357315134257078,
        0.00433980580419302,
        0.004324003122746944,
        0.004321119282394648,
        0.004320750944316387,
        0.004333497956395149,
        0.004340531770139933,
        0.004320860840380192,
        0.00432071415707469,
        0.00431916955858469,
        0.004301979206502438,
        0.00429930817335844
    ]
}