{
    "epoch": [
        0,
        1,
        2,
        3,
        4,
        5,
        6,
        7,
        8,
        9,
        10,
        11,
        12,
        13,
        14,
        15,
        16,
        17,
        18,
        19,
        20,
        21,
        22,
        23,
        24,
        25,
        26,
        27,
        28,
        29,
        30,
        31,
        32,
        33,
        34,
        35,
        36,
        37,
        38,
        39,
        40,
        41,
        42,
        43,
        44,
        45,
        46,
        47,
        48,
        49,
        50,
        51,
        52,
        53,
        54,
        55,
        56,
        57,
        58,
        59,
        60,
        61,
        62,
        63,
        64,
        65,
        66,
        67,
        68,
        69,
        70,
        71,
        72,
        73,
        74,
        75,
        76,
        77,
        78,
        79,
        80,
        81,
        82,
        83,
        84,
        85,
        86,
        87,
        88,
        89,
        90,
        91,
        92,
        93,
        94,
        95,
        96,
        97,
        98,
        99
    ],
    "train_loss": [
        0.1378074586391449,
        0.06709252297878265,
        0.044862229377031326,
        0.03524795174598694,
        0.028427425771951675,
        0.024362921714782715,
        0.02114298567175865,
        0.017107795923948288,
        0.017504218965768814,
        0.021047478541731834,
        0.018943721428513527,
        0.01740305870771408,
        0.013267653994262218,
        0.01295698992908001,
        0.012828946113586426,
        0.010200419463217258,
        0.011117769405245781,
        0.008635937236249447,
        0.008713768795132637,
        0.008453326299786568,
        0.011084274388849735,
        0.014925059862434864,
        0.01857426017522812,
        0.009841282851994038,
        0.008246926590800285,
        0.008026860654354095,
        0.007745019625872374,
        0.007508426904678345,
        0.007397475652396679,
        0.007336481474339962,
        0.007341097109019756,
        0.007265306543558836,
        0.006978506688028574,
        0.006861723959445953,
        0.006994532886892557,
        0.006715876050293446,
        0.006724300794303417,
        0.006665500346571207,
        0.00657525984570384,
        0.006438486278057098,
        0.006425953935831785,
        0.006448497995734215,
        0.0062948958948254585,
        0.006230047903954983,
        0.0062462277710437775,
        0.006242785137146711,
        0.006212372798472643,
        0.006209947168827057,
        0.006198739167302847,
        0.0061858296394348145,
        0.006184095982462168,
        0.006184788886457682,
        0.006165002007037401,
        0.006147102918475866,
        0.006139139644801617,
        0.006149657070636749,
        0.006154276430606842,
        0.006165375001728535,
        0.006162848323583603,
        0.006152472924441099,
        0.0061407918110489845,
        0.006109816953539848,
        0.006095007061958313,
        0.00609771441668272,
        0.00609771441668272,
        0.00609771441668272,
        0.006095973774790764,
        0.006088120862841606,
        0.0060651227831840515,
        0.006060977000743151,
        0.006077395286411047,
        0.006124825682491064,
        0.006118942517787218,
        0.006125311832875013,
        0.006124440580606461,
        0.006124440114945173,
        0.006126694846898317,
        0.00612335791811347,
        0.006103982217609882,
        0.006076058838516474,
        0.006059052888303995,
        0.0060417260974645615,
        0.006038082763552666,
        0.0060395486652851105,
        0.006042748689651489,
        0.006033007986843586,
        0.005981652997434139,
        0.005981652066111565,
        0.005981652531772852,
        0.005981652531772852,
        0.005981652997434139,
        0.005981652531772852,
        0.005981652531772852,
        0.005980992689728737,
        0.00598099222406745,
        0.005980992689728737,
        0.005980992689728737,
        0.005980992689728737,
        0.005980992689728737,
        0.005980991758406162
    ]
}