{
    "epoch": [
        0,
        1,
        2,
        3,
        4,
        5,
        6,
        7,
        8,
        9,
        10,
        11,
        12,
        13,
        14,
        15,
        16,
        17,
        18,
        19,
        20,
        21,
        22,
        23,
        24,
        25,
        26,
        27,
        28,
        29,
        30,
        31,
        32,
        33,
        34,
        35,
        36,
        37,
        38,
        39,
        40,
        41,
        42,
        43,
        44,
        45,
        46,
        47,
        48,
        49,
        50,
        51,
        52,
        53,
        54,
        55,
        56,
        57,
        58,
        59,
        60,
        61,
        62,
        63,
        64,
        65,
        66,
        67,
        68,
        69,
        70,
        71,
        72,
        73,
        74,
        75,
        76,
        77,
        78,
        79,
        80,
        81,
        82,
        83,
        84,
        85,
        86,
        87,
        88,
        89,
        90,
        91,
        92,
        93,
        94,
        95,
        96,
        97,
        98,
        99
    ],
    "train_loss": [
        0.46993082761764526,
        0.3200819194316864,
        0.2275458127260208,
        0.16102221608161926,
        0.12552931904792786,
        0.1618829071521759,
        0.11838964372873306,
        0.08887279033660889,
        0.06951059401035309,
        0.054036837071180344,
        0.07700607180595398,
        0.05353276804089546,
        0.04765991494059563,
        0.04378389194607735,
        0.04040002077817917,
        0.041224777698516846,
        0.03755253925919533,
        0.036091189831495285,
        0.03459557518362999,
        0.03354773297905922,
        0.03616655617952347,
        0.034028273075819016,
        0.032675787806510925,
        0.032023172825574875,
        0.031085029244422913,
        0.03469336777925491,
        0.03226606547832489,
        0.03146930783987045,
        0.03188225254416466,
        0.03126291185617447,
        0.033195093274116516,
        0.031717270612716675,
        0.030015602707862854,
        0.028502406552433968,
        0.02781742811203003,
        0.028694601729512215,
        0.027639027684926987,
        0.02728954330086708,
        0.026667863130569458,
        0.026320012286305428,
        0.027060886844992638,
        0.025648988783359528,
        0.024982281029224396,
        0.024568350985646248,
        0.024731053039431572,
        0.026982178911566734,
        0.024550456553697586,
        0.023440880700945854,
        0.022743765264749527,
        0.022167978808283806,
        0.022083885967731476,
        0.022124789655208588,
        0.0220649391412735,
        0.021576790139079094,
        0.02104993537068367,
        0.02099224179983139,
        0.020930664613842964,
        0.020845618098974228,
        0.021083073690533638,
        0.020748648792505264,
        0.020638499408960342,
        0.02012132667005062,
        0.020064732059836388,
        0.01959698647260666,
        0.019142799079418182,
        0.019159682095050812,
        0.019387247040867805,
        0.01949130743741989,
        0.019450275227427483,
        0.01964976266026497,
        0.019444454461336136,
        0.019481388852000237,
        0.01960403472185135,
        0.01978464610874653,
        0.01967630162835121,
        0.019545946270227432,
        0.019484251737594604,
        0.01946246810257435,
        0.01912994496524334,
        0.019080905243754387,
        0.018688427284359932,
        0.018545027822256088,
        0.018375493586063385,
        0.018436480313539505,
        0.018408505246043205,
        0.018622593954205513,
        0.018485939130187035,
        0.018667684867978096,
        0.01838580332696438,
        0.018357010558247566,
        0.018359050154685974,
        0.018258586525917053,
        0.018075810745358467,
        0.01800478994846344,
        0.01801602728664875,
        0.018129954114556313,
        0.01809018850326538,
        0.018386222422122955,
        0.018533630296587944,
        0.01931690238416195
    ]
}