{
    "epoch": [
        0,
        1,
        2,
        3,
        4,
        5,
        6,
        7,
        8,
        9,
        10,
        11,
        12,
        13,
        14,
        15,
        16,
        17,
        18,
        19,
        20,
        21,
        22,
        23,
        24,
        25,
        26,
        27,
        28,
        29,
        30,
        31,
        32,
        33,
        34,
        35,
        36,
        37,
        38,
        39,
        40,
        41,
        42,
        43,
        44,
        45,
        46,
        47,
        48,
        49,
        50,
        51,
        52,
        53,
        54,
        55,
        56,
        57,
        58,
        59,
        60,
        61,
        62,
        63,
        64,
        65,
        66,
        67,
        68,
        69,
        70,
        71,
        72,
        73,
        74,
        75,
        76,
        77,
        78,
        79,
        80,
        81,
        82,
        83,
        84,
        85,
        86,
        87,
        88,
        89,
        90,
        91,
        92,
        93,
        94,
        95,
        96,
        97,
        98,
        99
    ],
    "train_loss": [
        0.09225494414567947,
        0.04407547786831856,
        0.027583329007029533,
        0.027566323056817055,
        0.021173179149627686,
        0.02067459747195244,
        0.01598225347697735,
        0.015359064564108849,
        0.0145582789555192,
        0.014108361676335335,
        0.010677981190383434,
        0.010166960768401623,
        0.009779910556972027,
        0.008846353739500046,
        0.010508355684578419,
        0.010163967497646809,
        0.01006095577031374,
        0.010141621343791485,
        0.010877287946641445,
        0.01069716364145279,
        0.0104839988052845,
        0.010367298498749733,
        0.00997878983616829,
        0.010027186013758183,
        0.009990873746573925,
        0.009989562444388866,
        0.009898527525365353,
        0.009847993962466717,
        0.009852158837020397,
        0.009641029872000217,
        0.009632054716348648,
        0.009734751656651497,
        0.010040631517767906,
        0.010309447534382343,
        0.01044560968875885,
        0.010166664607822895,
        0.010002795606851578,
        0.01020027045160532,
        0.01033244002610445,
        0.01016633678227663,
        0.010194805450737476,
        0.009929750114679337,
        0.010160576552152634,
        0.01039867289364338,
        0.010531661100685596,
        0.010505633428692818,
        0.011986917816102505,
        0.014196997508406639,
        0.015264466404914856,
        0.015020467340946198,
        0.011864284053444862,
        0.009427102282643318,
        0.008405454456806183,
        0.008687871508300304,
        0.00893328431993723,
        0.009250949136912823,
        0.009055854752659798,
        0.00884624570608139,
        0.008517585694789886,
        0.0075926692225039005,
        0.007312504108995199,
        0.006438610143959522,
        0.006409077905118465,
        0.00625139195472002,
        0.0062717958353459835,
        0.006849500350654125,
        0.006689975969493389,
        0.006498898379504681,
        0.006402130238711834,
        0.0063293324783444405,
        0.006227831356227398,
        0.006212515756487846,
        0.006195021793246269,
        0.006061890162527561,
        0.0061175404116511345,
        0.00619971938431263,
        0.006498070899397135,
        0.0075555057264864445,
        0.008095630444586277,
        0.008184208534657955,
        0.00797249749302864,
        0.00787348859012127,
        0.007880615070462227,
        0.007896417751908302,
        0.007939540781080723,
        0.007832174189388752,
        0.007815646938979626,
        0.007812343072146177,
        0.007824969477951527,
        0.007804739288985729,
        0.007820121943950653,
        0.007848466746509075,
        0.007821384817361832,
        0.007798898499459028,
        0.0079696299508214,
        0.007873090915381908,
        0.00790654867887497,
        0.00786953791975975,
        0.007850132882595062,
        0.007889448665082455
    ]
}