{
    "epoch": [
        0,
        1,
        2,
        3,
        4,
        5,
        6,
        7,
        8,
        9,
        10,
        11,
        12,
        13,
        14,
        15,
        16,
        17,
        18,
        19,
        20,
        21,
        22,
        23,
        24,
        25,
        26,
        27,
        28,
        29,
        30,
        31,
        32,
        33,
        34,
        35,
        36,
        37,
        38,
        39,
        40,
        41,
        42,
        43,
        44,
        45,
        46,
        47,
        48,
        49,
        50,
        51,
        52,
        53,
        54,
        55,
        56,
        57,
        58,
        59,
        60,
        61,
        62,
        63,
        64,
        65,
        66,
        67,
        68,
        69,
        70,
        71,
        72,
        73,
        74,
        75,
        76,
        77,
        78,
        79,
        80,
        81,
        82,
        83,
        84,
        85,
        86,
        87,
        88,
        89,
        90,
        91,
        92,
        93,
        94,
        95,
        96,
        97,
        98,
        99
    ],
    "train_loss": [
        0.1319332867860794,
        0.05280815809965134,
        0.03292495012283325,
        0.02783951349556446,
        0.024291256442666054,
        0.02328331768512726,
        0.020601246505975723,
        0.014684238471090794,
        0.012709769420325756,
        0.012504944577813148,
        0.010701390914618969,
        0.010712721385061741,
        0.011165639385581017,
        0.01150524988770485,
        0.011514666490256786,
        0.011039729230105877,
        0.01000882126390934,
        0.010552061721682549,
        0.00937799084931612,
        0.009737050160765648,
        0.010059503838419914,
        0.01058868132531643,
        0.011581000871956348,
        0.011733151972293854,
        0.010674843564629555,
        0.009988181293010712,
        0.010071047581732273,
        0.011510155163705349,
        0.012453376315534115,
        0.008707195520401001,
        0.008040972985327244,
        0.007904225960373878,
        0.007908430881798267,
        0.00773510430008173,
        0.007880394347012043,
        0.007570463232696056,
        0.007510507944971323,
        0.007139190100133419,
        0.0070396363735198975,
        0.0070600504986941814,
        0.007016169372946024,
        0.0068494644947350025,
        0.006786735728383064,
        0.006720529403537512,
        0.00667718518525362,
        0.006629458628594875,
        0.006579933688044548,
        0.0066032810136675835,
        0.0067457533441483974,
        0.006961156614124775,
        0.007428518962115049,
        0.007478439249098301,
        0.0076815844513475895,
        0.007801129017025232,
        0.00790808442980051,
        0.008056473918259144,
        0.008343243971467018,
        0.008616292849183083,
        0.00865038763731718,
        0.009053763933479786,
        0.009491167962551117,
        0.009391768835484982,
        0.009631992317736149,
        0.009618660435080528,
        0.009780460968613625,
        0.00992667954415083,
        0.009989170357584953,
        0.010172334499657154,
        0.010148674249649048,
        0.01008215919137001,
        0.010337087325751781,
        0.010391444899141788,
        0.010339425876736641,
        0.010260321199893951,
        0.010387245565652847,
        0.009889529086649418,
        0.009625285863876343,
        0.009268099442124367,
        0.008968337439000607,
        0.008710358291864395,
        0.008673494681715965,
        0.008494456298649311,
        0.008467208594083786,
        0.00841654185205698,
        0.00821616593748331,
        0.00809760857373476,
        0.008026370778679848,
        0.007981348782777786,
        0.007861149497330189,
        0.007741705980151892,
        0.007623561657965183,
        0.007535263430327177,
        0.007426510564982891,
        0.007396338507533073,
        0.007360013667494059,
        0.007331008091568947,
        0.007316350005567074,
        0.007321346551179886,
        0.007320721633732319,
        0.007264716550707817
    ]
}