{
    "epoch": [
        0,
        1,
        2,
        3,
        4,
        5,
        6,
        7,
        8,
        9,
        10,
        11,
        12,
        13,
        14,
        15,
        16,
        17,
        18,
        19,
        20,
        21,
        22,
        23,
        24,
        25,
        26,
        27,
        28,
        29,
        30,
        31,
        32,
        33,
        34,
        35,
        36,
        37,
        38,
        39,
        40,
        41,
        42,
        43,
        44,
        45,
        46,
        47,
        48,
        49,
        50,
        51,
        52,
        53,
        54,
        55,
        56,
        57,
        58,
        59,
        60,
        61,
        62,
        63,
        64,
        65,
        66,
        67,
        68,
        69,
        70,
        71,
        72,
        73,
        74,
        75,
        76,
        77,
        78,
        79,
        80,
        81,
        82,
        83,
        84,
        85,
        86,
        87,
        88,
        89,
        90,
        91,
        92,
        93,
        94,
        95,
        96,
        97,
        98,
        99
    ],
    "train_loss": [
        0.05793268606066704,
        0.026275167241692543,
        0.026594923809170723,
        0.017775408923625946,
        0.016110381111502647,
        0.018151303753256798,
        0.014198065735399723,
        0.011873858980834484,
        0.012238013558089733,
        0.011101977899670601,
        0.011236856691539288,
        0.010218680836260319,
        0.010161148384213448,
        0.007687821984291077,
        0.008141976781189442,
        0.009191359393298626,
        0.0070075481198728085,
        0.00641665467992425,
        0.006710330955684185,
        0.007219647988677025,
        0.00748604629188776,
        0.007685696706175804,
        0.008353538811206818,
        0.00790779571980238,
        0.008928737603127956,
        0.010135481134057045,
        0.009555933065712452,
        0.00934666022658348,
        0.010500872507691383,
        0.012413796037435532,
        0.012849642895162106,
        0.014369847252964973,
        0.014850934967398643,
        0.014140109531581402,
        0.013296064920723438,
        0.014560243114829063,
        0.013665640726685524,
        0.012867794372141361,
        0.01228276826441288,
        0.012098100036382675,
        0.012841134332120419,
        0.011999436654150486,
        0.01166677288711071,
        0.010787096805870533,
        0.008997895754873753,
        0.007783184293657541,
        0.008402779698371887,
        0.008529607206583023,
        0.008965245448052883,
        0.00939150806516409,
        0.00944521278142929,
        0.00960747990757227,
        0.009563308209180832,
        0.009911753237247467,
        0.009819760918617249,
        0.009716073982417583,
        0.009501459077000618,
        0.00914354994893074,
        0.008357902988791466,
        0.007888900116086006,
        0.007626490667462349,
        0.007523403503000736,
        0.007278610486537218,
        0.006601900327950716,
        0.006144525017589331,
        0.005989722907543182,
        0.005755522288382053,
        0.006193357519805431,
        0.006736641749739647,
        0.007069407496601343,
        0.007617421448230743,
        0.008187827654182911,
        0.008953645825386047,
        0.009185854345560074,
        0.009385964833199978,
        0.009744142182171345,
        0.010023819282650948,
        0.00983521994203329,
        0.00935397855937481,
        0.009024547412991524,
        0.008353893645107746,
        0.008068687282502651,
        0.00794119294732809,
        0.007421202026307583,
        0.007296782452613115,
        0.007066721096634865,
        0.007116944063454866,
        0.007353196386247873,
        0.007093640975654125,
        0.006687918212264776,
        0.006584204733371735,
        0.006606921087950468,
        0.0066567398607730865,
        0.006485745310783386,
        0.0060735601000487804,
        0.005719172768294811,
        0.0062565878033638,
        0.006848131772130728,
        0.007200227584689856,
        0.007580405101180077
    ]
}