{
    "epoch": [
        0,
        1,
        2,
        3,
        4,
        5,
        6,
        7,
        8,
        9,
        10,
        11,
        12,
        13,
        14,
        15,
        16,
        17,
        18,
        19,
        20,
        21,
        22,
        23,
        24,
        25,
        26,
        27,
        28,
        29,
        30,
        31,
        32,
        33,
        34,
        35,
        36,
        37,
        38,
        39,
        40,
        41,
        42,
        43,
        44,
        45,
        46,
        47,
        48,
        49,
        50,
        51,
        52,
        53,
        54,
        55,
        56,
        57,
        58,
        59,
        60,
        61,
        62,
        63,
        64,
        65,
        66,
        67,
        68,
        69,
        70,
        71,
        72,
        73,
        74,
        75,
        76,
        77,
        78,
        79,
        80,
        81,
        82,
        83,
        84,
        85,
        86,
        87,
        88,
        89,
        90,
        91,
        92,
        93,
        94,
        95,
        96,
        97,
        98,
        99
    ],
    "train_loss": [
        0.6214552521705627,
        0.4922022521495819,
        0.3874499499797821,
        0.30873799324035645,
        0.26673850417137146,
        0.1755964457988739,
        0.12383199483156204,
        0.10032439976930618,
        0.0852510929107666,
        0.07489655166864395,
        0.09856933355331421,
        0.07016905397176743,
        0.061509743332862854,
        0.05592205002903938,
        0.05030306801199913,
        0.06529753655195236,
        0.05494300648570061,
        0.04906989634037018,
        0.04352928325533867,
        0.039093054831027985,
        0.049878641963005066,
        0.03923801705241203,
        0.03622448816895485,
        0.03385757654905319,
        0.031782373785972595,
        0.041287876665592194,
        0.03484998643398285,
        0.03227313607931137,
        0.030774161219596863,
        0.02953340671956539,
        0.03227679803967476,
        0.03007085993885994,
        0.02882913313806057,
        0.02802126295864582,
        0.027545729652047157,
        0.029028642922639847,
        0.02582085318863392,
        0.02398751489818096,
        0.02280699461698532,
        0.022181497886776924,
        0.026520049199461937,
        0.024092642590403557,
        0.023895317688584328,
        0.023628883063793182,
        0.02206273376941681,
        0.02708418108522892,
        0.02299056015908718,
        0.021279217675328255,
        0.02049068547785282,
        0.020248230546712875,
        0.01986960507929325,
        0.019488919526338577,
        0.020269161090254784,
        0.02091177925467491,
        0.02093413472175598,
        0.02004384435713291,
        0.02011951431632042,
        0.01991567388176918,
        0.02024051547050476,
        0.021086113527417183,
        0.021069804206490517,
        0.020725727081298828,
        0.020159713923931122,
        0.020400406792759895,
        0.02022484503686428,
        0.02011949196457863,
        0.01976783201098442,
        0.018803302198648453,
        0.019072147086262703,
        0.018718520179390907,
        0.018838027492165565,
        0.0176333449780941,
        0.016872158274054527,
        0.01705838181078434,
        0.01693476364016533,
        0.01790572516620159,
        0.019248083233833313,
        0.019739961251616478,
        0.01896749809384346,
        0.018497465178370476,
        0.018551426008343697,
        0.01829397678375244,
        0.018794847652316093,
        0.018463781103491783,
        0.017846664413809776,
        0.017718954011797905,
        0.01792607642710209,
        0.018006373196840286,
        0.01817299984395504,
        0.018213139846920967,
        0.017821665853261948,
        0.01765182800590992,
        0.0172959603369236,
        0.017777273431420326,
        0.018062978982925415,
        0.017376312986016273,
        0.017485864460468292,
        0.017786480486392975,
        0.018343450501561165,
        0.019038552418351173
    ]
}