{
    "epoch": [
        0,
        1,
        2,
        3,
        4,
        5,
        6,
        7,
        8,
        9,
        10,
        11,
        12,
        13,
        14,
        15,
        16,
        17,
        18,
        19,
        20,
        21,
        22,
        23,
        24,
        25,
        26,
        27,
        28,
        29,
        30,
        31,
        32,
        33,
        34,
        35,
        36,
        37,
        38,
        39,
        40,
        41,
        42,
        43,
        44,
        45,
        46,
        47,
        48,
        49,
        50,
        51,
        52,
        53,
        54,
        55,
        56,
        57,
        58,
        59,
        60,
        61,
        62,
        63,
        64,
        65,
        66,
        67,
        68,
        69,
        70,
        71,
        72,
        73,
        74,
        75,
        76,
        77,
        78,
        79,
        80,
        81,
        82,
        83,
        84,
        85,
        86,
        87,
        88,
        89,
        90,
        91,
        92,
        93,
        94,
        95,
        96,
        97,
        98,
        99
    ],
    "train_loss": [
        0.43095675110816956,
        0.20595723390579224,
        0.16152694821357727,
        0.12722830474376678,
        0.0996161475777626,
        0.08199905604124069,
        0.05851786211133003,
        0.05071914196014404,
        0.04690386354923248,
        0.04337911307811737,
        0.040609050542116165,
        0.03709902614355087,
        0.03555041924118996,
        0.034173592925071716,
        0.03665803000330925,
        0.03867529332637787,
        0.0391605943441391,
        0.03341136500239372,
        0.031076554208993912,
        0.028674263507127762,
        0.027188390493392944,
        0.0253475122153759,
        0.02254396304488182,
        0.023501219227910042,
        0.022861765697598457,
        0.02151419222354889,
        0.02096291445195675,
        0.020250899717211723,
        0.02218710631132126,
        0.020210206508636475,
        0.019657237455248833,
        0.019485268741846085,
        0.019516780972480774,
        0.01880001462996006,
        0.018564119935035706,
        0.018908632919192314,
        0.01743946596980095,
        0.017678575590252876,
        0.017865817993879318,
        0.01799781806766987,
        0.01757865957915783,
        0.0179778803139925,
        0.020558854565024376,
        0.0216577909886837,
        0.018743883818387985,
        0.017004812136292458,
        0.0161170344799757,
        0.014404557645320892,
        0.014839023351669312,
        0.016509173437952995,
        0.014104687608778477,
        0.013902309350669384,
        0.013736642897129059,
        0.013947182334959507,
        0.01404204498976469,
        0.014219729229807854,
        0.014280387200415134,
        0.01407005824148655,
        0.014113782905042171,
        0.014546887017786503,
        0.013536443933844566,
        0.014838983304798603,
        0.016136962920427322,
        0.017391657456755638,
        0.020331166684627533,
        0.01996421441435814,
        0.02023422345519066,
        0.02084815502166748,
        0.027582770213484764,
        0.02134256809949875,
        0.01979607716202736,
        0.019167492166161537,
        0.018156545236706734,
        0.01551482267677784,
        0.014652983285486698,
        0.01396232284605503,
        0.01311320997774601,
        0.01222185231745243,
        0.012127304449677467,
        0.012444295920431614,
        0.0118795745074749,
        0.012340710498392582,
        0.012706984765827656,
        0.01277830172330141,
        0.012815620750188828,
        0.012593054212629795,
        0.012456909753382206,
        0.012426718138158321,
        0.012188233435153961,
        0.012303469702601433,
        0.012605261988937855,
        0.012677595019340515,
        0.01275452971458435,
        0.012947430834174156,
        0.012707207351922989,
        0.012711826711893082,
        0.012823802419006824,
        0.013177570886909962,
        0.013422251679003239,
        0.0136008495464921
    ]
}