{
    "epoch": [
        0,
        1,
        2,
        3,
        4,
        5,
        6,
        7,
        8,
        9,
        10,
        11,
        12,
        13,
        14,
        15,
        16,
        17,
        18,
        19,
        20,
        21,
        22,
        23,
        24,
        25,
        26,
        27,
        28,
        29,
        30,
        31,
        32,
        33,
        34,
        35,
        36,
        37,
        38,
        39,
        40,
        41,
        42,
        43,
        44,
        45,
        46,
        47,
        48,
        49,
        50,
        51,
        52,
        53,
        54,
        55,
        56,
        57,
        58,
        59,
        60,
        61,
        62,
        63,
        64,
        65,
        66,
        67,
        68,
        69,
        70,
        71,
        72,
        73,
        74,
        75,
        76,
        77,
        78,
        79,
        80,
        81,
        82,
        83,
        84,
        85,
        86,
        87,
        88,
        89,
        90,
        91,
        92,
        93,
        94,
        95,
        96,
        97,
        98,
        99
    ],
    "train_loss": [
        0.028538567945361137,
        0.016819428652524948,
        0.01806630566716194,
        0.014692803844809532,
        0.010345668531954288,
        0.010362411849200726,
        0.01021094061434269,
        0.010785222984850407,
        0.011666467413306236,
        0.01200427208095789,
        0.012002323754131794,
        0.010666442103683949,
        0.008883391506969929,
        0.009285959415137768,
        0.009632764384150505,
        0.010267185047268867,
        0.009808211587369442,
        0.008334158919751644,
        0.008581820875406265,
        0.007960309274494648,
        0.008423562161624432,
        0.008346016518771648,
        0.008127113804221153,
        0.00811867043375969,
        0.008210288360714912,
        0.008593160659074783,
        0.008843607269227505,
        0.008891018107533455,
        0.010035666637122631,
        0.010566351935267448,
        0.010090762749314308,
        0.009816898964345455,
        0.009002615697681904,
        0.00852317176759243,
        0.008225698955357075,
        0.008142170496284962,
        0.008074783720076084,
        0.00800522230565548,
        0.007983504794538021,
        0.007935759611427784,
        0.0077867889776825905,
        0.007920756004750729,
        0.007837695069611073,
        0.007794883102178574,
        0.007760808803141117,
        0.007730339653789997,
        0.007816757075488567,
        0.007723106537014246,
        0.0077600316144526005,
        0.0077294581569731236,
        0.007787865586578846,
        0.007751063443720341,
        0.007788529619574547,
        0.007951783016324043,
        0.007798852398991585,
        0.007793729193508625,
        0.007845781743526459,
        0.00782758742570877,
        0.007800648920238018,
        0.007793550845235586,
        0.007815980352461338,
        0.007812836207449436,
        0.007820763625204563,
        0.007825787179172039,
        0.007828239351511002,
        0.007838904857635498,
        0.00785068329423666,
        0.007868897169828415,
        0.007862954400479794,
        0.00783134251832962,
        0.007828432135283947,
        0.007808839436620474,
        0.007807291578501463,
        0.007812389638274908,
        0.007815596647560596,
        0.00781289953738451,
        0.0077986582182347775,
        0.007779782172292471,
        0.00777949346229434,
        0.007796977646648884,
        0.007792875170707703,
        0.007787872571498156,
        0.007765310816466808,
        0.007753354962915182,
        0.007768694777041674,
        0.007781441323459148,
        0.007814646698534489,
        0.007757504004985094,
        0.007702788338065147,
        0.007722511421889067,
        0.00775348162278533,
        0.00775348162278533,
        0.007734174374490976,
        0.007723488844931126,
        0.007711314596235752,
        0.007726541254669428,
        0.007734854239970446,
        0.007752363104373217,
        0.007753952406346798,
        0.007744785863906145
    ]
}