{
    "epoch": [
        0,
        1,
        2,
        3,
        4,
        5,
        6,
        7,
        8,
        9,
        10,
        11,
        12,
        13,
        14,
        15,
        16,
        17,
        18,
        19,
        20,
        21,
        22,
        23,
        24,
        25,
        26,
        27,
        28,
        29,
        30,
        31,
        32,
        33,
        34,
        35,
        36,
        37,
        38,
        39,
        40,
        41,
        42,
        43,
        44,
        45,
        46,
        47,
        48,
        49,
        50,
        51,
        52,
        53,
        54,
        55,
        56,
        57,
        58,
        59,
        60,
        61,
        62,
        63,
        64,
        65,
        66,
        67,
        68,
        69,
        70,
        71,
        72,
        73,
        74,
        75,
        76,
        77,
        78,
        79,
        80,
        81,
        82,
        83,
        84,
        85,
        86,
        87,
        88,
        89,
        90,
        91,
        92,
        93,
        94,
        95,
        96,
        97,
        98,
        99
    ],
    "train_loss": [
        0.5089961886405945,
        0.3823659121990204,
        0.3250340223312378,
        0.2879564166069031,
        0.2576320469379425,
        0.2671302258968353,
        0.1974181979894638,
        0.16696271300315857,
        0.1422056406736374,
        0.12829840183258057,
        0.14132936298847198,
        0.1251647174358368,
        0.116975799202919,
        0.10939351469278336,
        0.09936203062534332,
        0.10163605958223343,
        0.09455366432666779,
        0.08889549225568771,
        0.08422946184873581,
        0.07884880155324936,
        0.07765461504459381,
        0.07210742682218552,
        0.0675763413310051,
        0.06459213048219681,
        0.06131501868367195,
        0.06095454841852188,
        0.05739234760403633,
        0.054277803748846054,
        0.05194910243153572,
        0.0498821958899498,
        0.051914867013692856,
        0.04730527848005295,
        0.04471832141280174,
        0.042977187782526016,
        0.0416819266974926,
        0.0459713451564312,
        0.04302239045500755,
        0.041331592947244644,
        0.04022020846605301,
        0.03918082267045975,
        0.04021523520350456,
        0.03923272341489792,
        0.03828964754939079,
        0.038091376423835754,
        0.037484586238861084,
        0.0390530601143837,
        0.03678033873438835,
        0.03515934944152832,
        0.034398335963487625,
        0.033661119639873505,
        0.032925188541412354,
        0.0321749672293663,
        0.03165470063686371,
        0.03142623230814934,
        0.031424131244421005,
        0.031460244208574295,
        0.031557440757751465,
        0.03147654980421066,
        0.031362686306238174,
        0.031002826988697052,
        0.030468078330159187,
        0.030283981934189796,
        0.029963409528136253,
        0.029555583372712135,
        0.02937237359583378,
        0.028913795948028564,
        0.02842707931995392,
        0.027790667489171028,
        0.027429087087512016,
        0.026933571323752403,
        0.02709261327981949,
        0.026779113337397575,
        0.026526719331741333,
        0.026201725006103516,
        0.02612324245274067,
        0.026235690340399742,
        0.02660262957215309,
        0.026914874091744423,
        0.026849960908293724,
        0.028000185266137123,
        0.027626074850559235,
        0.028399372473359108,
        0.028192074969410896,
        0.02730490081012249,
        0.02641703560948372,
        0.02587270550429821,
        0.02536838687956333,
        0.025376012548804283,
        0.024960771203041077,
        0.024903450161218643,
        0.024682652205228806,
        0.024289356544613838,
        0.024043139070272446,
        0.023873524740338326,
        0.02376052923500538,
        0.023504113778471947,
        0.023097623139619827,
        0.022868560627102852,
        0.02255711518228054,
        0.02255137450993061
    ]
}