{
    "epoch": [
        0,
        1,
        2,
        3,
        4,
        5,
        6,
        7,
        8,
        9,
        10,
        11,
        12,
        13,
        14,
        15,
        16,
        17,
        18,
        19,
        20,
        21,
        22,
        23,
        24,
        25,
        26,
        27,
        28,
        29,
        30,
        31,
        32,
        33,
        34,
        35,
        36,
        37,
        38,
        39,
        40,
        41,
        42,
        43,
        44,
        45,
        46,
        47,
        48,
        49,
        50,
        51,
        52,
        53,
        54,
        55,
        56,
        57,
        58,
        59,
        60,
        61,
        62,
        63,
        64,
        65,
        66,
        67,
        68,
        69,
        70,
        71,
        72,
        73,
        74,
        75,
        76,
        77,
        78,
        79,
        80,
        81,
        82,
        83,
        84,
        85,
        86,
        87,
        88,
        89,
        90,
        91,
        92,
        93,
        94,
        95,
        96,
        97,
        98,
        99
    ],
    "train_loss": [
        0.017892107367515564,
        0.013897130265831947,
        0.010994508862495422,
        0.007894410751760006,
        0.008356818929314613,
        0.007705619093030691,
        0.006783338263630867,
        0.006292728241533041,
        0.006733093410730362,
        0.006355588790029287,
        0.006367919035255909,
        0.006149938330054283,
        0.006289422512054443,
        0.00613136263564229,
        0.006142023950815201,
        0.006200851406902075,
        0.005968636833131313,
        0.005907561630010605,
        0.005877299699932337,
        0.005787532310932875,
        0.00575862405821681,
        0.00574990501627326,
        0.005774885881692171,
        0.005787135101854801,
        0.005767418071627617,
        0.005764265079051256,
        0.0057605658657848835,
        0.005768311209976673,
        0.005775336176156998,
        0.005771605297923088,
        0.005759512074291706,
        0.005763571243733168,
        0.0057801431976258755,
        0.005769695155322552,
        0.005736436229199171,
        0.005713816732168198,
        0.005697167478501797,
        0.005628041457384825,
        0.005591989029198885,
        0.005603158846497536,
        0.005412723869085312,
        0.005324536934494972,
        0.005219309125095606,
        0.005185258109122515,
        0.005223584361374378,
        0.005231120157986879,
        0.00520562008023262,
        0.005215320736169815,
        0.005234228912740946,
        0.005216530524194241,
        0.005202958360314369,
        0.005214206874370575,
        0.005203218199312687,
        0.005197159945964813,
        0.005214426666498184,
        0.005202510394155979,
        0.0051942868158221245,
        0.00519306305795908,
        0.005196013022214174,
        0.00519303884357214,
        0.0051803868263959885,
        0.005177184473723173,
        0.005185839254409075,
        0.005183225031942129,
        0.0051739108748734,
        0.005155221093446016,
        0.005176346283406019,
        0.005164948757737875,
        0.0051436093635857105,
        0.005166263319551945,
        0.005138289649039507,
        0.005152567755430937,
        0.005162465386092663,
        0.00513527961447835,
        0.0051325466483831406,
        0.005159406922757626,
        0.005150576587766409,
        0.005135998595505953,
        0.005132265388965607,
        0.005110565572977066,
        0.005095238331705332,
        0.005067745689302683,
        0.005054262466728687,
        0.005019280128180981,
        0.005043757148087025,
        0.005021536257117987,
        0.0050412742421031,
        0.0050702448934316635,
        0.005017541814595461,
        0.005091003142297268,
        0.005060289055109024,
        0.0051330518908798695,
        0.00510500418022275,
        0.0052446359768509865,
        0.005296282935887575,
        0.005356701090931892,
        0.005427458323538303,
        0.00535412086173892,
        0.0052669052965939045,
        0.005170393735170364
    ]
}