{
    "epoch": [
        0,
        1,
        2,
        3,
        4,
        5,
        6,
        7,
        8,
        9,
        10,
        11,
        12,
        13,
        14,
        15,
        16,
        17,
        18,
        19,
        20,
        21,
        22,
        23,
        24,
        25,
        26,
        27,
        28,
        29,
        30,
        31,
        32,
        33,
        34,
        35,
        36,
        37,
        38,
        39,
        40,
        41,
        42,
        43,
        44,
        45,
        46,
        47,
        48,
        49,
        50,
        51,
        52,
        53,
        54,
        55,
        56,
        57,
        58,
        59,
        60,
        61,
        62,
        63,
        64,
        65,
        66,
        67,
        68,
        69,
        70,
        71,
        72,
        73,
        74,
        75,
        76,
        77,
        78,
        79,
        80,
        81,
        82,
        83,
        84,
        85,
        86,
        87,
        88,
        89,
        90,
        91,
        92,
        93,
        94,
        95,
        96,
        97,
        98,
        99
    ],
    "train_loss": [
        0.050110381096601486,
        0.019143274053931236,
        0.01646462082862854,
        0.013152270577847958,
        0.01387875434011221,
        0.011120538227260113,
        0.008589120581746101,
        0.008856539614498615,
        0.007382218260318041,
        0.00675456365570426,
        0.005894895642995834,
        0.005930532235652208,
        0.006166616454720497,
        0.00684655224904418,
        0.007334657944738865,
        0.007064209785312414,
        0.0067995525896549225,
        0.006440059281885624,
        0.006120041478425264,
        0.006053415592759848,
        0.006002144422382116,
        0.006574166007339954,
        0.007302673999220133,
        0.007411568891257048,
        0.0071954973973333836,
        0.006614163052290678,
        0.0062358183786273,
        0.006133692339062691,
        0.006092077121138573,
        0.006072424817830324,
        0.00608043884858489,
        0.006090069655328989,
        0.006068699527531862,
        0.005976373329758644,
        0.005919710732996464,
        0.005863273981958628,
        0.0057766069658100605,
        0.005682958755642176,
        0.0057013994082808495,
        0.005713732913136482,
        0.005710092838853598,
        0.0058002476580441,
        0.005936856847256422,
        0.0059349448420107365,
        0.005873648915439844,
        0.005754711106419563,
        0.005591022782027721,
        0.005465338937938213,
        0.005517563782632351,
        0.005523948464542627,
        0.005684285890311003,
        0.006298851687461138,
        0.006505267228931189,
        0.006765022873878479,
        0.006866265553981066,
        0.006679247133433819,
        0.006115125026553869,
        0.00584582332521677,
        0.005552723538130522,
        0.005401018541306257,
        0.005384870804846287,
        0.005388554651290178,
        0.005387132056057453,
        0.0053847599774599075,
        0.005402207840234041,
        0.005450143478810787,
        0.00549392169341445,
        0.00556422071531415,
        0.005620500538498163,
        0.005722170230001211,
        0.005897209979593754,
        0.006072549149394035,
        0.006300819106400013,
        0.006456397939473391,
        0.006378909107297659,
        0.006315239239484072,
        0.0064717610366642475,
        0.00678282929584384,
        0.006878374610096216,
        0.007200983352959156,
        0.00757531588897109,
        0.008001178503036499,
        0.008518681861460209,
        0.009067068807780743,
        0.009662162512540817,
        0.010012739337980747,
        0.010542938485741615,
        0.010753270238637924,
        0.011147964745759964,
        0.011677524074912071,
        0.011742658913135529,
        0.011772715486586094,
        0.011212356388568878,
        0.010769810527563095,
        0.01044828724116087,
        0.010090327821671963,
        0.009605896659195423,
        0.008846799843013287,
        0.008454078808426857,
        0.008183850906789303
    ]
}