{
    "epoch": [
        0,
        1,
        2,
        3,
        4,
        5,
        6,
        7,
        8,
        9,
        10,
        11,
        12,
        13,
        14,
        15,
        16,
        17,
        18,
        19,
        20,
        21,
        22,
        23,
        24,
        25,
        26,
        27,
        28,
        29
    ],
    "train_loss": [
        0.027197524905204773,
        0.021418102085590363,
        0.015934301540255547,
        0.013228023424744606,
        0.010960889048874378,
        0.011049111373722553,
        0.010362142696976662,
        0.010278836823999882,
        0.01090754009783268,
        0.011303630657494068,
        0.014004110358655453,
        0.009538535960018635,
        0.00791941862553358,
        0.008330466225743294,
        0.008009648881852627,
        0.0070604304783046246,
        0.006776617374271154,
        0.006823945324867964,
        0.006906895432621241,
        0.006995814852416515,
        0.006853607948869467,
        0.006847322452813387,
        0.006936460733413696,
        0.007112555671483278,
        0.007047325372695923,
        0.006834054831415415,
        0.006650335621088743,
        0.006617512553930283,
        0.006591686047613621,
        0.006581716239452362
    ]
}