{
    "epoch": [
        0,
        1,
        2,
        3,
        4,
        5,
        6,
        7,
        8,
        9,
        10,
        11,
        12,
        13,
        14,
        15,
        16,
        17,
        18,
        19,
        20,
        21,
        22,
        23,
        24,
        25,
        26,
        27,
        28,
        29,
        30,
        31,
        32,
        33,
        34,
        35,
        36,
        37,
        38,
        39,
        40,
        41,
        42,
        43,
        44,
        45,
        46,
        47,
        48,
        49,
        50,
        51,
        52,
        53,
        54,
        55,
        56,
        57,
        58,
        59,
        60,
        61,
        62,
        63,
        64,
        65,
        66,
        67,
        68,
        69,
        70,
        71,
        72,
        73,
        74,
        75,
        76,
        77,
        78,
        79,
        80,
        81,
        82,
        83,
        84,
        85,
        86,
        87,
        88,
        89,
        90,
        91,
        92,
        93,
        94,
        95,
        96,
        97,
        98,
        99
    ],
    "train_loss": [
        0.013190957717597485,
        0.008647226728498936,
        0.014196731150150299,
        0.011913951486349106,
        0.006974912714213133,
        0.0076967449858784676,
        0.005715651903301477,
        0.006231651641428471,
        0.007770175114274025,
        0.012046166695654392,
        0.013128922320902348,
        0.011317059397697449,
        0.011520026251673698,
        0.011689509265124798,
        0.010712485760450363,
        0.014966808259487152,
        0.012662641704082489,
        0.011221432127058506,
        0.01019290555268526,
        0.01092560775578022,
        0.011336988769471645,
        0.009905044920742512,
        0.00988120399415493,
        0.009451108053326607,
        0.009236515499651432,
        0.011022134684026241,
        0.0106206014752388,
        0.010368587449193,
        0.009727203287184238,
        0.009727063588798046,
        0.010542511940002441,
        0.010295938700437546,
        0.010171898640692234,
        0.0100519098341465,
        0.009898824617266655,
        0.009825298562645912,
        0.009759430773556232,
        0.009747641161084175,
        0.009817102923989296,
        0.00965867843478918,
        0.009662468917667866,
        0.009600931778550148,
        0.00957309827208519,
        0.009427646175026894,
        0.009429650381207466,
        0.009575973264873028,
        0.00957651436328888,
        0.009576513431966305,
        0.00957651436328888,
        0.009576515294611454,
        0.00957651436328888,
        0.009576503187417984,
        0.009576503187417984,
        0.009576503187417984,
        0.009576503187417984,
        0.009576503187417984,
        0.009576503187417984,
        0.009576503187417984,
        0.009576503187417984,
        0.00957650225609541,
        0.00957650225609541,
        0.009576503187417984,
        0.009576503187417984,
        0.009576503187417984,
        0.009576503187417984,
        0.009576503187417984,
        0.009576503187417984,
        0.009576503187417984,
        0.009576503187417984,
        0.009576503187417984,
        0.009576504118740559,
        0.009576503187417984,
        0.00957650225609541,
        0.009576503187417984,
        0.00957650225609541,
        0.009576503187417984,
        0.009576503187417984,
        0.009576503187417984,
        0.009576503187417984,
        0.009576503187417984,
        0.00957650225609541,
        0.009576503187417984,
        0.009576503187417984,
        0.009576503187417984,
        0.009597993455827236,
        0.009590458124876022,
        0.009600766934454441,
        0.009587413631379604,
        0.009590793401002884,
        0.009611589834094048,
        0.009611761197447777,
        0.00963488221168518,
        0.009625907056033611,
        0.009492258541285992,
        0.009466663002967834,
        0.009396855719387531,
        0.009378524497151375,
        0.009424176998436451,
        0.009231976233422756,
        0.009188570082187653
    ]
}