{
    "epoch": [
        0,
        1,
        2,
        3,
        4,
        5,
        6,
        7,
        8,
        9,
        10,
        11,
        12,
        13,
        14,
        15,
        16,
        17,
        18,
        19,
        20,
        21,
        22,
        23,
        24,
        25,
        26,
        27,
        28,
        29,
        30,
        31,
        32,
        33,
        34,
        35,
        36,
        37,
        38,
        39,
        40,
        41,
        42,
        43,
        44,
        45,
        46,
        47,
        48,
        49,
        50,
        51,
        52,
        53,
        54,
        55,
        56,
        57,
        58,
        59,
        60,
        61,
        62,
        63,
        64,
        65,
        66,
        67,
        68,
        69,
        70,
        71,
        72,
        73,
        74,
        75,
        76,
        77,
        78,
        79,
        80,
        81,
        82,
        83,
        84,
        85,
        86,
        87,
        88,
        89,
        90,
        91,
        92,
        93,
        94,
        95,
        96,
        97,
        98,
        99
    ],
    "train_loss": [
        0.023319540545344353,
        0.013344955630600452,
        0.00579320453107357,
        0.006093757227063179,
        0.006172540597617626,
        0.00561335077509284,
        0.0079074427485466,
        0.009184286929666996,
        0.013270452618598938,
        0.011340678669512272,
        0.011062311939895153,
        0.010542510077357292,
        0.008912837132811546,
        0.006591559387743473,
        0.006017077714204788,
        0.004877633880823851,
        0.005314583424478769,
        0.0056065768003463745,
        0.0054753669537603855,
        0.005554379895329475,
        0.005413284990936518,
        0.005392760969698429,
        0.0053255595266819,
        0.005290850531309843,
        0.0051994165405631065,
        0.004977651871740818,
        0.00472120800986886,
        0.00434500677511096,
        0.004218945279717445,
        0.0040097362361848354,
        0.0038969311863183975,
        0.003972598351538181,
        0.004173999186605215,
        0.004021958913654089,
        0.0040364875458180904,
        0.003992664162069559,
        0.003996784333139658,
        0.004027634393423796,
        0.004103912506252527,
        0.004127901513129473,
        0.004097798839211464,
        0.0040268488228321075,
        0.003942298237234354,
        0.0038261953741312027,
        0.0035931416787207127,
        0.0034831641241908073,
        0.003364016069099307,
        0.003203790169209242,
        0.0028715941589325666,
        0.0025608104187995195,
        0.002345154993236065,
        0.0021643959917128086,
        0.0021519965957850218,
        0.0022817046847194433,
        0.002584313740953803,
        0.002626412082463503,
        0.0027039863634854555,
        0.002732635708525777,
        0.0027718774508684874,
        0.0028044257778674364,
        0.0028689908795058727,
        0.0029008935671299696,
        0.00289418688043952,
        0.0028688746970146894,
        0.002874847501516342,
        0.002875932492315769,
        0.0029031038284301758,
        0.0027774181216955185,
        0.002776612527668476,
        0.0026053637266159058,
        0.0025271771010011435,
        0.0025732468347996473,
        0.002541261026635766,
        0.00280294893309474,
        0.0025790068320930004,
        0.0027771855238825083,
        0.002802843227982521,
        0.0029936423525214195,
        0.003087076358497143,
        0.0027258158661425114,
        0.002548077143728733,
        0.0026421467773616314,
        0.0024335335474461317,
        0.0024326269049197435,
        0.002334561664611101,
        0.0021859474945813417,
        0.0021860285196453333,
        0.002096425974741578,
        0.002280949614942074,
        0.0027616536244750023,
        0.0039137681014835835,
        0.005082971882075071,
        0.005425102077424526,
        0.006257482338696718,
        0.006632489152252674,
        0.006840795278549194,
        0.006841439753770828,
        0.007492065895348787,
        0.00840047374367714,
        0.008985989727079868
    ]
}