{
    "epoch": [
        0,
        1,
        2,
        3,
        4,
        5,
        6,
        7,
        8,
        9,
        10,
        11,
        12,
        13,
        14,
        15,
        16,
        17,
        18,
        19,
        20,
        21,
        22,
        23,
        24,
        25,
        26,
        27,
        28,
        29,
        30,
        31,
        32,
        33,
        34,
        35,
        36,
        37,
        38,
        39,
        40,
        41,
        42,
        43,
        44,
        45,
        46,
        47,
        48,
        49,
        50,
        51,
        52,
        53,
        54,
        55,
        56,
        57,
        58,
        59,
        60,
        61,
        62,
        63,
        64,
        65,
        66,
        67,
        68,
        69,
        70,
        71,
        72,
        73,
        74,
        75,
        76,
        77,
        78,
        79,
        80,
        81,
        82,
        83,
        84,
        85,
        86,
        87,
        88,
        89,
        90,
        91,
        92,
        93,
        94,
        95,
        96,
        97,
        98,
        99
    ],
    "train_loss": [
        0.09060106426477432,
        0.040908362716436386,
        0.03033914975821972,
        0.028051258996129036,
        0.02393876574933529,
        0.02431427873671055,
        0.017480242997407913,
        0.01581922359764576,
        0.015155700035393238,
        0.013394812121987343,
        0.013829757459461689,
        0.013707154430449009,
        0.012651645578444004,
        0.012523750774562359,
        0.012023994699120522,
        0.01101776771247387,
        0.011393405497074127,
        0.01210051216185093,
        0.011706731282174587,
        0.011383607052266598,
        0.01140088401734829,
        0.011332636699080467,
        0.011264053173363209,
        0.010677528567612171,
        0.010233581997454166,
        0.010176587849855423,
        0.01054823212325573,
        0.010257008485496044,
        0.010625647380948067,
        0.010237131267786026,
        0.010000576265156269,
        0.009885509498417377,
        0.009924080222845078,
        0.009915972128510475,
        0.009724009782075882,
        0.010038567706942558,
        0.010466957464814186,
        0.010738926939666271,
        0.01069453451782465,
        0.010336672887206078,
        0.009667537175118923,
        0.009647829458117485,
        0.009602444246411324,
        0.009608300402760506,
        0.009412653744220734,
        0.009333601221442223,
        0.00933830440044403,
        0.009326525963842869,
        0.009764107875525951,
        0.01015683077275753,
        0.0102588115260005,
        0.010336363688111305,
        0.010456345044076443,
        0.010287181474268436,
        0.010125304572284222,
        0.010179428383708,
        0.010057433508336544,
        0.009865491650998592,
        0.009655550122261047,
        0.009753369726240635,
        0.009196866303682327,
        0.009005652740597725,
        0.00897920224815607,
        0.008997187949717045,
        0.00882917083799839,
        0.008886207826435566,
        0.00936335138976574,
        0.010133098810911179,
        0.008572147227823734,
        0.008776246570050716,
        0.00811303872615099,
        0.00801593903452158,
        0.007552876602858305,
        0.007899515330791473,
        0.009732077829539776,
        0.010551688261330128,
        0.008943707682192326,
        0.008436242118477821,
        0.008260861039161682,
        0.00824301689863205,
        0.008350077085196972,
        0.007600163109600544,
        0.00747643643990159,
        0.007317870855331421,
        0.007274383679032326,
        0.007089261896908283,
        0.006933808792382479,
        0.006956051103770733,
        0.006907026749104261,
        0.006858275271952152,
        0.006879034917801619,
        0.006851429585367441,
        0.006916087586432695,
        0.006946518551558256,
        0.00687769241631031,
        0.006983788684010506,
        0.006901297252625227,
        0.006946515291929245,
        0.006832838524132967,
        0.0066864145919680595
    ]
}