{
    "epoch": [
        0,
        1,
        2,
        3,
        4,
        5,
        6,
        7,
        8,
        9,
        10,
        11,
        12,
        13,
        14,
        15,
        16,
        17,
        18,
        19,
        20,
        21,
        22,
        23,
        24,
        25,
        26,
        27,
        28,
        29,
        30,
        31,
        32,
        33,
        34,
        35,
        36,
        37,
        38,
        39,
        40,
        41,
        42,
        43,
        44,
        45,
        46,
        47,
        48,
        49,
        50,
        51,
        52,
        53,
        54,
        55,
        56,
        57,
        58,
        59,
        60,
        61,
        62,
        63,
        64,
        65,
        66,
        67,
        68,
        69,
        70,
        71,
        72,
        73,
        74,
        75,
        76,
        77,
        78,
        79,
        80,
        81,
        82,
        83,
        84,
        85,
        86,
        87,
        88,
        89,
        90,
        91,
        92,
        93,
        94,
        95,
        96,
        97,
        98,
        99
    ],
    "train_loss": [
        0.29353031516075134,
        0.1643947809934616,
        0.12711186707019806,
        0.10266577452421188,
        0.08583776652812958,
        0.13051654398441315,
        0.08668264746665955,
        0.06496427953243256,
        0.05362788960337639,
        0.0459936186671257,
        0.04996558278799057,
        0.04219384863972664,
        0.03783383220434189,
        0.035055216401815414,
        0.03315355256199837,
        0.03590148687362671,
        0.031575947999954224,
        0.030185841023921967,
        0.02995363064110279,
        0.02973071299493313,
        0.03463464975357056,
        0.028767811134457588,
        0.026243163272738457,
        0.025413500145077705,
        0.024898212403059006,
        0.028569350019097328,
        0.025740565732121468,
        0.02509865164756775,
        0.024702247232198715,
        0.02393484115600586,
        0.02592577412724495,
        0.023317262530326843,
        0.022914674133062363,
        0.02301257848739624,
        0.023250337690114975,
        0.027176938951015472,
        0.0235066507011652,
        0.023419726639986038,
        0.024448169395327568,
        0.02473786287009716,
        0.026239769533276558,
        0.024258334189653397,
        0.022535573691129684,
        0.021741921082139015,
        0.02163497731089592,
        0.0228586308658123,
        0.022152716293931007,
        0.02075969986617565,
        0.019765781238675117,
        0.01937447302043438,
        0.01971455104649067,
        0.0204422976821661,
        0.02065199241042137,
        0.02099793404340744,
        0.020697759464383125,
        0.019937746226787567,
        0.019680308178067207,
        0.01902742311358452,
        0.01880001276731491,
        0.018820226192474365,
        0.019482046365737915,
        0.019478263333439827,
        0.019324377179145813,
        0.019246619194746017,
        0.019145268946886063,
        0.018832752481102943,
        0.01860976032912731,
        0.018713895231485367,
        0.019450277090072632,
        0.01974194496870041,
        0.019756371155381203,
        0.019590381532907486,
        0.019608164206147194,
        0.019150247797369957,
        0.018730521202087402,
        0.018717722967267036,
        0.018329812213778496,
        0.018010275438427925,
        0.017656417563557625,
        0.017291489988565445,
        0.01731596142053604,
        0.01719149388372898,
        0.017143992707133293,
        0.01708623394370079,
        0.01686258800327778,
        0.01695782132446766,
        0.016855275258421898,
        0.01723329722881317,
        0.017373500391840935,
        0.017316939309239388,
        0.017453238368034363,
        0.017413973808288574,
        0.01719120517373085,
        0.017474105581641197,
        0.01735946163535118,
        0.017541004344820976,
        0.017504828050732613,
        0.01779833622276783,
        0.018052097409963608,
        0.01830429956316948
    ]
}