{
    "epoch": [
        0,
        1,
        2,
        3,
        4,
        5,
        6,
        7,
        8,
        9,
        10,
        11,
        12,
        13,
        14,
        15,
        16,
        17,
        18,
        19,
        20,
        21,
        22,
        23,
        24,
        25,
        26,
        27,
        28,
        29,
        30,
        31,
        32,
        33,
        34,
        35,
        36,
        37,
        38,
        39,
        40,
        41,
        42,
        43,
        44,
        45,
        46,
        47,
        48,
        49,
        50,
        51,
        52,
        53,
        54,
        55,
        56,
        57,
        58,
        59,
        60,
        61,
        62,
        63,
        64,
        65,
        66,
        67,
        68,
        69,
        70,
        71,
        72,
        73,
        74,
        75,
        76,
        77,
        78,
        79,
        80,
        81,
        82,
        83,
        84,
        85,
        86,
        87,
        88,
        89,
        90,
        91,
        92,
        93,
        94,
        95,
        96,
        97,
        98,
        99
    ],
    "train_loss": [
        0.3537788987159729,
        0.17159613966941833,
        0.11623603105545044,
        0.0895952507853508,
        0.07389646768569946,
        0.13250842690467834,
        0.0878150537610054,
        0.0670396015048027,
        0.05237206071615219,
        0.04542951285839081,
        0.05257856100797653,
        0.045836396515369415,
        0.03995441645383835,
        0.03358732536435127,
        0.0294785276055336,
        0.03020710125565529,
        0.025621622800827026,
        0.02579563297331333,
        0.024678463116288185,
        0.02385670877993107,
        0.022284599021077156,
        0.020528331398963928,
        0.021167144179344177,
        0.021656392142176628,
        0.021836571395397186,
        0.023455942049622536,
        0.022404059767723083,
        0.021496878936886787,
        0.021177634596824646,
        0.019981857389211655,
        0.021994315087795258,
        0.019323257729411125,
        0.019847124814987183,
        0.01960710994899273,
        0.019497450441122055,
        0.02119479514658451,
        0.01879868097603321,
        0.016992654651403427,
        0.016941513866186142,
        0.016273481771349907,
        0.019231697544455528,
        0.016576772555708885,
        0.015276243910193443,
        0.014790433458983898,
        0.015201062895357609,
        0.01670321449637413,
        0.01596136763691902,
        0.01637244038283825,
        0.016029130667448044,
        0.014900840818881989,
        0.014783536083996296,
        0.014679094776511192,
        0.014619242399930954,
        0.014546447433531284,
        0.014684019610285759,
        0.014655021019279957,
        0.014391203410923481,
        0.014081625267863274,
        0.014627257362008095,
        0.015363096259534359,
        0.015516935847699642,
        0.015790658071637154,
        0.015531093813478947,
        0.015045128762722015,
        0.01525132916867733,
        0.015623582527041435,
        0.015727443620562553,
        0.01564076356589794,
        0.015750110149383545,
        0.015646090731024742,
        0.01538274995982647,
        0.014918546192348003,
        0.014761047437787056,
        0.014395947568118572,
        0.014295867644250393,
        0.014101218432188034,
        0.014025984331965446,
        0.013995070941746235,
        0.01397024653851986,
        0.01412659790366888,
        0.013758753426373005,
        0.013515936210751534,
        0.0134551040828228,
        0.013958891853690147,
        0.014133120886981487,
        0.014258167706429958,
        0.014477362856268883,
        0.014415433630347252,
        0.014165659435093403,
        0.013690941035747528,
        0.013795720413327217,
        0.013824203051626682,
        0.013838522136211395,
        0.014063208363950253,
        0.01398534420877695,
        0.013684499077498913,
        0.013734359294176102,
        0.013776986859738827,
        0.013843376189470291,
        0.01372293196618557
    ]
}