{
    "epoch": [
        0,
        1,
        2,
        3,
        4,
        5,
        6,
        7,
        8,
        9,
        10,
        11,
        12,
        13,
        14,
        15,
        16,
        17,
        18,
        19,
        20,
        21,
        22,
        23,
        24,
        25,
        26,
        27,
        28,
        29,
        30,
        31,
        32,
        33,
        34,
        35,
        36,
        37,
        38,
        39,
        40,
        41,
        42,
        43,
        44,
        45,
        46,
        47,
        48,
        49,
        50,
        51,
        52,
        53,
        54,
        55,
        56,
        57,
        58,
        59,
        60,
        61,
        62,
        63,
        64,
        65,
        66,
        67,
        68,
        69,
        70,
        71,
        72,
        73,
        74,
        75,
        76,
        77,
        78,
        79,
        80,
        81,
        82,
        83,
        84,
        85,
        86,
        87,
        88,
        89,
        90,
        91,
        92,
        93,
        94,
        95,
        96,
        97,
        98,
        99
    ],
    "train_loss": [
        0.41214585304260254,
        0.15880629420280457,
        0.10678958892822266,
        0.08003678917884827,
        0.06431779265403748,
        0.07997191697359085,
        0.053524844348430634,
        0.03964777663350105,
        0.031032191589474678,
        0.0253419429063797,
        0.04470951110124588,
        0.03683880716562271,
        0.031363703310489655,
        0.028346305713057518,
        0.02598216012120247,
        0.02697993442416191,
        0.02272915653884411,
        0.021649541333317757,
        0.019063489511609077,
        0.018113302066922188,
        0.026561357080936432,
        0.02042989246547222,
        0.016862867400050163,
        0.014588934369385242,
        0.013375204056501389,
        0.014088673517107964,
        0.013246559537947178,
        0.012504464946687222,
        0.013588877394795418,
        0.012721006758511066,
        0.01282199751585722,
        0.01264997385442257,
        0.015123695135116577,
        0.015483051538467407,
        0.016411688178777695,
        0.015601473860442638,
        0.012638292275369167,
        0.011065270751714706,
        0.010260211303830147,
        0.011042642407119274,
        0.014218275435268879,
        0.01374349370598793,
        0.0129630072042346,
        0.011085600592195988,
        0.010434187017381191,
        0.009095937013626099,
        0.00865086168050766,
        0.009599992074072361,
        0.010331905446946621,
        0.012200046330690384,
        0.013621743768453598,
        0.012521880678832531,
        0.013780788518488407,
        0.013217633590102196,
        0.013077421113848686,
        0.012596815824508667,
        0.010511025786399841,
        0.010584581643342972,
        0.010809589177370071,
        0.011596432887017727,
        0.011394733563065529,
        0.011682122014462948,
        0.009966094978153706,
        0.00853003654628992,
        0.008256889879703522,
        0.00837724469602108,
        0.00886987429112196,
        0.008431395515799522,
        0.008312858641147614,
        0.007924117147922516,
        0.008136752061545849,
        0.007732916623353958,
        0.007401530630886555,
        0.007125125266611576,
        0.0078067053109407425,
        0.007276672404259443,
        0.007494431920349598,
        0.007274444214999676,
        0.00679740309715271,
        0.007599906995892525,
        0.008219743147492409,
        0.008782995864748955,
        0.00861552357673645,
        0.008401679806411266,
        0.007615812588483095,
        0.007639392279088497,
        0.006940082646906376,
        0.007401222828775644,
        0.007122809998691082,
        0.007374787703156471,
        0.00684796879068017,
        0.006462045479565859,
        0.0063293022103607655,
        0.006320856511592865,
        0.005964216776192188,
        0.006205151788890362,
        0.006312885321676731,
        0.006139927543699741,
        0.006135205738246441,
        0.006238821428269148
    ]
}