{
    "epoch": [
        0,
        1,
        2,
        3,
        4,
        5,
        6,
        7,
        8,
        9,
        10,
        11,
        12,
        13,
        14,
        15,
        16,
        17,
        18,
        19,
        20,
        21,
        22,
        23,
        24,
        25,
        26,
        27,
        28,
        29,
        30,
        31,
        32,
        33,
        34,
        35,
        36,
        37,
        38,
        39,
        40,
        41,
        42,
        43,
        44,
        45,
        46,
        47,
        48,
        49,
        50,
        51,
        52,
        53,
        54,
        55,
        56,
        57,
        58,
        59,
        60,
        61,
        62,
        63,
        64,
        65,
        66,
        67,
        68,
        69,
        70,
        71,
        72,
        73,
        74,
        75,
        76,
        77,
        78,
        79,
        80,
        81,
        82,
        83,
        84,
        85,
        86,
        87,
        88,
        89,
        90,
        91,
        92,
        93,
        94,
        95,
        96,
        97,
        98,
        99
    ],
    "train_loss": [
        0.025453228503465652,
        0.013315064832568169,
        0.011110274121165276,
        0.009978738613426685,
        0.008261016570031643,
        0.008882557973265648,
        0.00857786275446415,
        0.00826606061309576,
        0.008167370222508907,
        0.008128074929118156,
        0.008181565441191196,
        0.007920061238110065,
        0.0077263242565095425,
        0.007675034459680319,
        0.007594246417284012,
        0.007669477257877588,
        0.007714349776506424,
        0.007761708460748196,
        0.007669040001928806,
        0.007576470263302326,
        0.007565503939986229,
        0.007482509128749371,
        0.007401833776384592,
        0.00739170890301466,
        0.007358923088759184,
        0.007375401444733143,
        0.00734623521566391,
        0.007295273244380951,
        0.007219240069389343,
        0.007209585513919592,
        0.007211256306618452,
        0.00718460651114583,
        0.007178882602602243,
        0.007154651917517185,
        0.007103554904460907,
        0.007119235582649708,
        0.0071116117760539055,
        0.0070852902717888355,
        0.0070705171674489975,
        0.0070571210235357285,
        0.007067931350320578,
        0.007075271103531122,
        0.007062975317239761,
        0.00704134302213788,
        0.0070235105231404305,
        0.00702706491574645,
        0.007005871273577213,
        0.006979438476264477,
        0.006941568572074175,
        0.006916971877217293,
        0.006900968961417675,
        0.006892078556120396,
        0.006867564748972654,
        0.006855962332338095,
        0.006851328071206808,
        0.006851337384432554,
        0.00684933178126812,
        0.006857764907181263,
        0.006862919311970472,
        0.00686012115329504,
        0.006859065033495426,
        0.006862129550427198,
        0.006877025123685598,
        0.006911248899996281,
        0.006955584045499563,
        0.006986288353800774,
        0.006979810539633036,
        0.006991564761847258,
        0.006995426956564188,
        0.00700079882517457,
        0.007013367023319006,
        0.007050879765301943,
        0.007088810205459595,
        0.007083526812493801,
        0.007090607192367315,
        0.0070937443524599075,
        0.007094757631421089,
        0.007097339723259211,
        0.007086539641022682,
        0.00705922394990921,
        0.0070394789800047874,
        0.007012370508164167,
        0.006992351729422808,
        0.006957360543310642,
        0.006946575362235308,
        0.006930248346179724,
        0.006926208734512329,
        0.006924360990524292,
        0.006923287641257048,
        0.0069204638712108135,
        0.0069204638712108135,
        0.0069204638712108135,
        0.006920214276760817,
        0.006919126026332378,
        0.006919090636074543,
        0.006918900180608034,
        0.006918614264577627,
        0.006918396335095167,
        0.006917774211615324,
        0.006917797029018402
    ]
}