{
    "epoch": [
        0,
        1,
        2,
        3,
        4,
        5,
        6,
        7,
        8,
        9,
        10,
        11,
        12,
        13,
        14,
        15,
        16,
        17,
        18,
        19,
        20,
        21,
        22,
        23,
        24,
        25,
        26,
        27,
        28,
        29,
        30,
        31,
        32,
        33,
        34,
        35,
        36,
        37,
        38,
        39,
        40,
        41,
        42,
        43,
        44,
        45,
        46,
        47,
        48,
        49,
        50,
        51,
        52,
        53,
        54,
        55,
        56,
        57,
        58,
        59,
        60,
        61,
        62,
        63,
        64,
        65,
        66,
        67,
        68,
        69,
        70,
        71,
        72,
        73,
        74,
        75,
        76,
        77,
        78,
        79,
        80,
        81,
        82,
        83,
        84,
        85,
        86,
        87,
        88,
        89,
        90,
        91,
        92,
        93,
        94,
        95,
        96,
        97,
        98,
        99
    ],
    "train_loss": [
        0.03867611289024353,
        0.02308710850775242,
        0.015268712304532528,
        0.013858149759471416,
        0.016499772667884827,
        0.021062767133116722,
        0.013985653407871723,
        0.012204593978822231,
        0.010935481637716293,
        0.00979552324861288,
        0.013530131429433823,
        0.01240046788007021,
        0.011792575940489769,
        0.010968147777020931,
        0.011214809492230415,
        0.010895158164203167,
        0.011084791272878647,
        0.01195010170340538,
        0.010733583010733128,
        0.009791062213480473,
        0.009478268213570118,
        0.00782751850783825,
        0.007672553416341543,
        0.008138193748891354,
        0.007436991203576326,
        0.007205261383205652,
        0.007544312160462141,
        0.007756046485155821,
        0.0071054077707231045,
        0.006646882742643356,
        0.006508604623377323,
        0.006329256575554609,
        0.005934129469096661,
        0.0058712526224553585,
        0.005956433247774839,
        0.005524073261767626,
        0.005740948021411896,
        0.00483330013230443,
        0.0052878656424582005,
        0.005835980176925659,
        0.006849756930023432,
        0.008206606842577457,
        0.008952944539487362,
        0.008194878697395325,
        0.008335640653967857,
        0.007593287155032158,
        0.006678159348666668,
        0.006151731126010418,
        0.006779115181416273,
        0.006992125418037176,
        0.006243141368031502,
        0.0049480265006423,
        0.004958535544574261,
        0.005026731640100479,
        0.005278570111840963,
        0.005673674400895834,
        0.006493392866104841,
        0.0057761031202971935,
        0.00547943077981472,
        0.004964467138051987,
        0.0048342919908463955,
        0.00482739694416523,
        0.004746607970446348,
        0.004814967978745699,
        0.004918266087770462,
        0.005086764693260193,
        0.00513644702732563,
        0.004835575353354216,
        0.004609414376318455,
        0.004492567852139473,
        0.004397199954837561,
        0.004338475875556469,
        0.004461047239601612,
        0.00463452422991395,
        0.004825596697628498,
        0.005179524887353182,
        0.005459443666040897,
        0.005374700762331486,
        0.005023114383220673,
        0.0048540267162024975,
        0.0046507143415510654,
        0.004645572975277901,
        0.00455970736220479,
        0.004627490881830454,
        0.00485905259847641,
        0.005237787030637264,
        0.005369359627366066,
        0.005320451222360134,
        0.005261952523142099,
        0.005532553419470787,
        0.006138540804386139,
        0.006867151707410812,
        0.007367942947894335,
        0.0071060536429286,
        0.0069182561710476875,
        0.006968730594962835,
        0.0072832899168133736,
        0.007856867276132107,
        0.007753258105367422,
        0.007499394938349724
    ]
}