{
    "epoch": [
        0,
        1,
        2,
        3,
        4,
        5,
        6,
        7,
        8,
        9,
        10,
        11,
        12,
        13,
        14,
        15,
        16,
        17,
        18,
        19,
        20,
        21,
        22,
        23,
        24,
        25,
        26,
        27,
        28,
        29,
        30,
        31,
        32,
        33,
        34,
        35,
        36,
        37,
        38,
        39,
        40,
        41,
        42,
        43,
        44,
        45,
        46,
        47,
        48,
        49,
        50,
        51,
        52,
        53,
        54,
        55,
        56,
        57,
        58,
        59,
        60,
        61,
        62,
        63,
        64,
        65,
        66,
        67,
        68,
        69,
        70,
        71,
        72,
        73,
        74,
        75,
        76,
        77,
        78,
        79,
        80,
        81,
        82,
        83,
        84,
        85,
        86,
        87,
        88,
        89,
        90,
        91,
        92,
        93,
        94,
        95,
        96,
        97,
        98,
        99
    ],
    "train_loss": [
        0.22742633521556854,
        0.1149495542049408,
        0.06928824633359909,
        0.04966223984956741,
        0.04158514738082886,
        0.03378387168049812,
        0.024222441017627716,
        0.020917342975735664,
        0.019186774268746376,
        0.01945621706545353,
        0.012374630197882652,
        0.01203199289739132,
        0.01555003970861435,
        0.01316507626324892,
        0.010280183516442776,
        0.007875729352235794,
        0.007533712778240442,
        0.007528513204306364,
        0.007561156526207924,
        0.007540924474596977,
        0.007948675192892551,
        0.008319257758557796,
        0.00926248449832201,
        0.010697808116674423,
        0.010668963193893433,
        0.009527625516057014,
        0.009389268234372139,
        0.009209182113409042,
        0.008882682770490646,
        0.008515586145222187,
        0.008093473501503468,
        0.007694536354392767,
        0.007715429645031691,
        0.007791966665536165,
        0.007854720577597618,
        0.007630025967955589,
        0.007174493279308081,
        0.007120683789253235,
        0.007012362126260996,
        0.007259113248437643,
        0.007375661749392748,
        0.007454325444996357,
        0.007475707679986954,
        0.0074445707723498344,
        0.007518901955336332,
        0.007631479296833277,
        0.00766382459551096,
        0.007623770274221897,
        0.007578189484775066,
        0.007417499087750912,
        0.007457957603037357,
        0.007283993065357208,
        0.0072320071049034595,
        0.007274987176060677,
        0.007208479102700949,
        0.007120173424482346,
        0.007035944145172834,
        0.007101616356521845,
        0.007121703587472439,
        0.007065683603286743,
        0.006999365985393524,
        0.0069214580580592155,
        0.006961765233427286,
        0.006951240822672844,
        0.006898714695125818,
        0.006807149853557348,
        0.00669984333217144,
        0.006708106491714716,
        0.006647384259849787,
        0.006599027663469315,
        0.006659629289060831,
        0.006704967003315687,
        0.006663549225777388,
        0.006579820066690445,
        0.006633894983679056,
        0.006606743671000004,
        0.006573236547410488,
        0.00671128835529089,
        0.00692522618919611,
        0.0072428821586072445,
        0.007178584113717079,
        0.007071287836879492,
        0.006989679764956236,
        0.006961798761039972,
        0.0068282182328403,
        0.006706546526402235,
        0.0066029406152665615,
        0.006530014332383871,
        0.006477598566561937,
        0.006471073254942894,
        0.006472691427916288,
        0.006476437672972679,
        0.006482874974608421,
        0.006504653953015804,
        0.0065153432078659534,
        0.006503750570118427,
        0.00648841867223382,
        0.0064741321839392185,
        0.006460641045123339,
        0.006461929529905319
    ]
}