{
    "epoch": [
        0,
        1,
        2,
        3,
        4,
        5,
        6,
        7,
        8,
        9,
        10,
        11,
        12,
        13,
        14,
        15,
        16,
        17,
        18,
        19,
        20,
        21,
        22,
        23,
        24,
        25,
        26,
        27,
        28,
        29,
        30,
        31,
        32,
        33,
        34,
        35,
        36,
        37,
        38,
        39,
        40,
        41,
        42,
        43,
        44,
        45,
        46,
        47,
        48,
        49,
        50,
        51,
        52,
        53,
        54,
        55,
        56,
        57,
        58,
        59,
        60,
        61,
        62,
        63,
        64,
        65,
        66,
        67,
        68,
        69,
        70,
        71,
        72,
        73,
        74,
        75,
        76,
        77,
        78,
        79,
        80,
        81,
        82,
        83,
        84,
        85,
        86,
        87,
        88,
        89,
        90,
        91,
        92,
        93,
        94,
        95,
        96,
        97,
        98,
        99
    ],
    "train_loss": [
        0.03169955685734749,
        0.020517829805612564,
        0.01236236933618784,
        0.011659077368676662,
        0.011588353663682938,
        0.0122313741594553,
        0.011327178217470646,
        0.011005464009940624,
        0.010910076089203358,
        0.010407062247395515,
        0.010163409635424614,
        0.010081744752824306,
        0.010070696473121643,
        0.010100976563990116,
        0.01005826611071825,
        0.010146311484277248,
        0.010151940397918224,
        0.010140268132090569,
        0.010077049024403095,
        0.010075462982058525,
        0.010127678513526917,
        0.010003458708524704,
        0.009943883866071701,
        0.010296870954334736,
        0.009827292524278164,
        0.009974178858101368,
        0.00980872567743063,
        0.009616062976419926,
        0.00960454624146223,
        0.009423834271728992,
        0.009702105075120926,
        0.009562525898218155,
        0.009250208735466003,
        0.009156633168458939,
        0.008924749679863453,
        0.008971348404884338,
        0.00876309908926487,
        0.00859096646308899,
        0.008637230843305588,
        0.008733786642551422,
        0.008993450552225113,
        0.009115943685173988,
        0.009250338189303875,
        0.009223883040249348,
        0.009250277653336525,
        0.009242885746061802,
        0.009157875552773476,
        0.009026739746332169,
        0.008888172917068005,
        0.0087857935577631,
        0.008779416792094707,
        0.00871975626796484,
        0.00852535106241703,
        0.008363022468984127,
        0.008318197913467884,
        0.008308857679367065,
        0.008337490260601044,
        0.00826385710388422,
        0.008298338390886784,
        0.008395218290388584,
        0.008485827594995499,
        0.00850163958966732,
        0.008588345721364021,
        0.008214452303946018,
        0.008170485496520996,
        0.008016913197934628,
        0.008136823773384094,
        0.007969055324792862,
        0.007833564653992653,
        0.007850375957787037,
        0.007932675071060658,
        0.007906523533165455,
        0.00788641907274723,
        0.007897285744547844,
        0.007921640761196613,
        0.007873326539993286,
        0.007816890254616737,
        0.007785158231854439,
        0.007766244001686573,
        0.007803046610206366,
        0.007845677435398102,
        0.007874012924730778,
        0.007879303768277168,
        0.007881274446845055,
        0.007875330746173859,
        0.007849609479308128,
        0.007829627953469753,
        0.007830015383660793,
        0.00786028616130352,
        0.00789988599717617,
        0.00795254111289978,
        0.007953811436891556,
        0.007954400032758713,
        0.007951757870614529,
        0.007944331504404545,
        0.007930201478302479,
        0.007928463630378246,
        0.007927917875349522,
        0.007931596599519253,
        0.007960197515785694
    ]
}