{
    "epoch": [
        0,
        1,
        2,
        3,
        4,
        5,
        6,
        7,
        8,
        9,
        10,
        11,
        12,
        13,
        14,
        15,
        16,
        17,
        18,
        19,
        20,
        21,
        22,
        23,
        24,
        25,
        26,
        27,
        28,
        29,
        30,
        31,
        32,
        33,
        34,
        35,
        36,
        37,
        38,
        39,
        40,
        41,
        42,
        43,
        44,
        45,
        46,
        47,
        48,
        49,
        50,
        51,
        52,
        53,
        54,
        55,
        56,
        57,
        58,
        59,
        60,
        61,
        62,
        63,
        64,
        65,
        66,
        67,
        68,
        69,
        70,
        71,
        72,
        73,
        74,
        75,
        76,
        77,
        78,
        79,
        80,
        81,
        82,
        83,
        84,
        85,
        86,
        87,
        88,
        89,
        90,
        91,
        92,
        93,
        94,
        95,
        96,
        97,
        98,
        99
    ],
    "train_loss": [
        0.033244434744119644,
        0.01760631613433361,
        0.013664382509887218,
        0.014179135672748089,
        0.012133229523897171,
        0.010725272819399834,
        0.010796939954161644,
        0.013718957081437111,
        0.010073453187942505,
        0.008578553795814514,
        0.00796030554920435,
        0.007179779000580311,
        0.008101247251033783,
        0.008693689480423927,
        0.010526751168072224,
        0.009593246504664421,
        0.009449505247175694,
        0.008952968753874302,
        0.007998869754374027,
        0.00786000955849886,
        0.008800926618278027,
        0.009047653526067734,
        0.008739694021642208,
        0.009007836692035198,
        0.008873432874679565,
        0.008578632958233356,
        0.008625811897218227,
        0.008294589817523956,
        0.00808149203658104,
        0.008017593994736671,
        0.007907542400062084,
        0.007680028676986694,
        0.007361241616308689,
        0.007222206797450781,
        0.0070632873103022575,
        0.007048203144222498,
        0.006796685513108969,
        0.006612962111830711,
        0.006832320708781481,
        0.00714901415631175,
        0.007860271260142326,
        0.009732943959534168,
        0.010481544770300388,
        0.011092481203377247,
        0.011822951026260853,
        0.011782055720686913,
        0.01144307292997837,
        0.011452842503786087,
        0.01077964249998331,
        0.010274838656187057,
        0.00959902722388506,
        0.00938196387141943,
        0.009479527361690998,
        0.009632758796215057,
        0.010864135809242725,
        0.011549095623195171,
        0.011801313608884811,
        0.013110821135342121,
        0.013383577577769756,
        0.013729124329984188,
        0.013806995935738087,
        0.013719738461077213,
        0.013602797873318195,
        0.013472695834934711,
        0.013398873619735241,
        0.013095526956021786,
        0.01320851780474186,
        0.013332189992070198,
        0.012661789543926716,
        0.01223751250654459,
        0.012191695161163807,
        0.012125654146075249,
        0.011866813525557518,
        0.011553437449038029,
        0.011408325284719467,
        0.010943051427602768,
        0.009389029815793037,
        0.008807096630334854,
        0.008384955115616322,
        0.008736083284020424,
        0.007967636920511723,
        0.00787235889583826,
        0.007842546328902245,
        0.007969138212502003,
        0.007651349529623985,
        0.007537907920777798,
        0.00756097910925746,
        0.007427307311445475,
        0.007550724316388369,
        0.007362606003880501,
        0.007354496978223324,
        0.007414896972477436,
        0.007382919546216726,
        0.007393954787403345,
        0.007498172111809254,
        0.007311465684324503,
        0.007620261516422033,
        0.007719791028648615,
        0.007755630183964968,
        0.007861546240746975
    ]
}