{
    "epoch": [
        0,
        1,
        2,
        3,
        4,
        5,
        6,
        7,
        8,
        9,
        10,
        11,
        12,
        13,
        14,
        15,
        16,
        17,
        18,
        19,
        20,
        21,
        22,
        23,
        24,
        25,
        26,
        27,
        28,
        29,
        30,
        31,
        32,
        33,
        34,
        35,
        36,
        37,
        38,
        39,
        40,
        41,
        42,
        43,
        44,
        45,
        46,
        47,
        48,
        49,
        50,
        51,
        52,
        53,
        54,
        55,
        56,
        57,
        58,
        59,
        60,
        61,
        62,
        63,
        64,
        65,
        66,
        67,
        68,
        69,
        70,
        71,
        72,
        73,
        74,
        75,
        76,
        77,
        78,
        79,
        80,
        81,
        82,
        83,
        84,
        85,
        86,
        87,
        88,
        89,
        90,
        91,
        92,
        93,
        94,
        95,
        96,
        97,
        98,
        99
    ],
    "train_loss": [
        0.34430328011512756,
        0.12665851414203644,
        0.08810031414031982,
        0.05488980561494827,
        0.031373102217912674,
        0.02659147046506405,
        0.025789951905608177,
        0.018068095669150352,
        0.015702590346336365,
        0.011902176775038242,
        0.011961603537201881,
        0.011497854255139828,
        0.015605541877448559,
        0.012598542496562004,
        0.008691457100212574,
        0.008709111250936985,
        0.007932332344353199,
        0.0076524862088263035,
        0.00778733566403389,
        0.007644863333553076,
        0.007714043837040663,
        0.007704088930040598,
        0.0076217688620090485,
        0.007656514644622803,
        0.007633806671947241,
        0.007560376543551683,
        0.0073511358350515366,
        0.007373955566436052,
        0.007206252310425043,
        0.007297453936189413,
        0.006947869900614023,
        0.006685938220471144,
        0.006783308461308479,
        0.0068487259559333324,
        0.007320980075746775,
        0.00763307511806488,
        0.007421563845127821,
        0.007132531143724918,
        0.006969592534005642,
        0.007105627562850714,
        0.007325548678636551,
        0.0075668045319616795,
        0.008238905109465122,
        0.008553827181458473,
        0.00816294178366661,
        0.008560199290513992,
        0.00859314389526844,
        0.008663952350616455,
        0.008672782219946384,
        0.008275829255580902,
        0.00797824002802372,
        0.007527605630457401,
        0.0072990162298083305,
        0.007194375619292259,
        0.007102543022483587,
        0.006843225099146366,
        0.006607959512621164,
        0.006174516398459673,
        0.005749887321144342,
        0.005759913474321365,
        0.005806091707199812,
        0.005700054578483105,
        0.005544010084122419,
        0.005489236209541559,
        0.005508082918822765,
        0.005488947965204716,
        0.005435127764940262,
        0.0055714682675898075,
        0.005626589059829712,
        0.00563088059425354,
        0.005668634083122015,
        0.005790626164525747,
        0.005758746527135372,
        0.005816854070872068,
        0.005891256965696812,
        0.005875477101653814,
        0.00589786097407341,
        0.0059224264696240425,
        0.0058877114206552505,
        0.005848029628396034,
        0.005970175378024578,
        0.005921682808548212,
        0.0059468913823366165,
        0.00591668114066124,
        0.005981615278869867,
        0.005914697423577309,
        0.005990299861878157,
        0.005989072844386101,
        0.006018745247274637,
        0.006166097242385149,
        0.006304252427071333,
        0.006339677609503269,
        0.006254103966057301,
        0.006408638786524534,
        0.00681091845035553,
        0.006894626654684544,
        0.006987152621150017,
        0.007275289390236139,
        0.007643193006515503,
        0.007933780550956726
    ]
}