{
    "timestamp": "20250203_170227",
    "method": "mlp_optuna",
    "configuration": {
        "m": 1.0,
        "c": 0.1,
        "k": 50.0,
        "force_type": "sine",
        "amplitude": 1.0,
        "freq": 1.0,
        "random_seed": 42,
        "x0": 0.0,
        "v0": 0.0,
        "t_max": 10.0,
        "dt": 0.02,
        "noise_std": 0.05
    },
    "true_parameters": [
        1.0,
        0.1,
        50.0
    ],
    "estimated_parameters": [
        0.08525753136672765,
        0.0,
        0.0
    ],
    "parameter_errors": [
        91.47424686332724,
        100.0,
        100.0
    ],
    "force_rmse": 0.12344497913281241,
    "optimization_info": {
        "success": true,
        "message": "MLP-Optuna training and SINDy parameter estimation completed",
        "hyperparameters": {
            "n_layers": 3,
            "n_units_l0": 768,
            "n_units_l1": 512,
            "n_units_l2": 640,
            "activation": "ELU",
            "dropout": 0.33751059211990087,
            "lr": 0.005969610260893204,
            "weight_decay": 1.5178735921175522e-05,
            "batch_size": 32,
            "patience": 50
        },
        "optuna_study": {
            "best_value": 0.1931614950299263,
            "n_trials": 50,
            "n_finished_trials": 32
        },
        "mlp_training": {
            "best_val_loss": 0.19345389306545258,
            "train_losses": [
                0.3702921986579895,
                0.22200342416763305,
                0.2222818672657013,
                0.24172310531139374,
                0.22306532859802247,
                0.20185032188892366,
                0.20657639801502228,
                0.20540476143360137,
                0.19006287455558776,
                0.17941668927669524,
                0.17134079039096833,
                0.14186283349990844,
                0.15211388617753982,
                0.12682486027479173,
                0.11628396958112716,
                0.1472431465983391,
                0.10365306586027145,
                0.10514087677001953,
                0.08102223426103591,
                0.07984141111373902,
                0.09092412739992142,
                0.0736965537071228,
                0.05766813084483147,
                0.06857065930962562,
                0.05558167546987534,
                0.06799585074186325,
                0.04669973850250244,
                0.040373878180980684,
                0.05488543137907982,
                0.06472668200731277,
                0.06328765377402305,
                0.0661134123802185,
                0.06269734501838684,
                0.04419003427028656,
                0.041671207547187804,
                0.03725452795624733,
                0.03555101417005062,
                0.036880402266979216,
                0.05683167539536953,
                0.051887452602386475,
                0.04212530255317688,
                0.03393056206405163,
                0.03569142073392868,
                0.05728320330381394,
                0.03753136172890663,
                0.044760337471961974,
                0.04816335812211037,
                0.036998138576745984,
                0.03732089996337891,
                0.04230401366949081,
                0.05576280876994133,
                0.039732800796628,
                0.04515501707792282,
                0.033006737008690834,
                0.04572137519717216,
                0.04034072235226631,
                0.03486224189400673,
                0.033384574577212334,
                0.0592728391289711,
                0.0723755519837141,
                0.042775966599583624,
                0.052205078303813934,
                0.036952045559883115,
                0.05790340080857277,
                0.03782262578606606,
                0.035540240630507466,
                0.038981861621141436,
                0.0342962522059679,
                0.0491067361086607,
                0.03797596767544746,
                0.04086301624774933,
                0.037779448181390764,
                0.036666172370314595,
                0.04916458651423454,
                0.04568315260112286,
                0.044792342185974124,
                0.04440549202263355,
                0.03739656619727612,
                0.049116553738713264,
                0.04365591928362846,
                0.040479676052927974,
                0.03771996721625328,
                0.03162214644253254,
                0.029144905880093573,
                0.04368705451488495,
                0.036781825497746466,
                0.035513009130954745,
                0.03852949440479279,
                0.041173405200243,
                0.035447826609015465,
                0.03067101687192917,
                0.03801885172724724,
                0.04246280044317245,
                0.058242100104689595,
                0.05652324929833412,
                0.031921086460351945,
                0.04383936561644077,
                0.033663971722126006,
                0.046244896948337555,
                0.041046904772520064,
                0.04351325295865536,
                0.041713996604084966,
                0.043142031878232956,
                0.033213081583380696,
                0.03226424790918827,
                0.025908899679780006,
                0.03124333880841732,
                0.05462129674851894,
                0.053492520749568936,
                0.03285522870719433,
                0.027952609211206438,
                0.04169166684150696,
                0.05615333467721939,
                0.038869709521532056,
                0.0293113399296999,
                0.03433105908334255,
                0.037827090546488765,
                0.042566141486167906,
                0.02825879566371441,
                0.02383766621351242,
                0.023034805059432985,
                0.02552829273045063,
                0.024100638926029205,
                0.028237584978342056,
                0.03251530304551124,
                0.03295954018831253,
                0.030921097472310068,
                0.027967993915081025,
                0.027329228445887567,
                0.022800732776522635,
                0.026880984753370286,
                0.03121316768229008,
                0.02739165723323822,
                0.03809730112552643,
                0.030386757850646973,
                0.04128940589725971,
                0.023819923028349878,
                0.039943518489599227,
                0.030605537444353105,
                0.05032272003591061,
                0.024876508675515652,
                0.028982895240187646,
                0.0354159127920866,
                0.023896802216768265,
                0.025619779154658316,
                0.03426631540060043,
                0.03258799389004707,
                0.030180154368281364,
                0.02785272113978863,
                0.026383542641997337,
                0.022423657402396203,
                0.034450574591755864,
                0.05060615949332714,
                0.02532712146639824,
                0.025452535785734653,
                0.021360463090240957,
                0.023809676058590412,
                0.021167873591184615,
                0.02769175060093403,
                0.027293791249394416,
                0.02157174739986658,
                0.026181166991591454,
                0.025037222169339658,
                0.01848418768495321,
                0.026293937861919404,
                0.02052688170224428,
                0.026271339133381845,
                0.021629818342626096,
                0.02572749648243189,
                0.020347884856164455,
                0.0474667564034462,
                0.04023875817656517,
                0.03319641388952732,
                0.021544278226792814,
                0.02457867804914713,
                0.02094199098646641,
