{
    "epoch": [
        0,
        1,
        2,
        3,
        4,
        5,
        6,
        7,
        8,
        9,
        10,
        11,
        12,
        13,
        14,
        15,
        16,
        17,
        18,
        19,
        20,
        21,
        22,
        23,
        24,
        25,
        26,
        27,
        28,
        29,
        30,
        31,
        32,
        33,
        34,
        35,
        36,
        37,
        38,
        39,
        40,
        41,
        42,
        43,
        44,
        45,
        46,
        47,
        48,
        49,
        50,
        51,
        52,
        53,
        54,
        55,
        56,
        57,
        58,
        59,
        60,
        61,
        62,
        63,
        64,
        65,
        66,
        67,
        68,
        69,
        70,
        71,
        72,
        73,
        74,
        75,
        76,
        77,
        78,
        79,
        80,
        81,
        82,
        83,
        84,
        85,
        86,
        87,
        88,
        89,
        90,
        91,
        92,
        93,
        94,
        95,
        96,
        97,
        98,
        99
    ],
    "train_loss": [
        0.29507043957710266,
        0.13354478776454926,
        0.08228883147239685,
        0.06051582470536232,
        0.04599585756659508,
        0.034439388662576675,
        0.02405376359820366,
        0.01746700145304203,
        0.01433635875582695,
        0.014387577772140503,
        0.011154631152749062,
        0.008665379136800766,
        0.008771355263888836,
        0.010185545310378075,
        0.008780959993600845,
        0.008552231825888157,
        0.008497060276567936,
        0.008818045258522034,
        0.008497048169374466,
        0.008485631085932255,
        0.008960170671343803,
        0.010039123706519604,
        0.01109401322901249,
        0.011652499437332153,
        0.012972074560821056,
        0.015424070879817009,
        0.016080915927886963,
        0.016620341688394547,
        0.01527760922908783,
        0.01581898331642151,
        0.014898847788572311,
        0.014891589991748333,
        0.012834620662033558,
        0.011075006797909737,
        0.010374755598604679,
        0.009702776558697224,
        0.00951371155679226,
        0.009125161916017532,
        0.00866769626736641,
        0.008424355648458004,
        0.00840949360281229,
        0.008597507141530514,
        0.009027695283293724,
        0.00898722279816866,
        0.008938259445130825,
        0.0088689299300313,
        0.008816377259790897,
        0.008738445118069649,
        0.008776168338954449,
        0.00878822710365057,
        0.00870230421423912,
        0.008687966503202915,
        0.008641690015792847,
        0.008584201335906982,
        0.00845141988247633,
        0.008474579080939293,
        0.008380288258194923,
        0.008152846246957779,
        0.008012767881155014,
        0.007849039509892464,
        0.007966768927872181,
        0.008010855875909328,
        0.008003036491572857,
        0.007750270422548056,
        0.007698453962802887,
        0.007674741093069315,
        0.007625420577824116,
        0.007491343189030886,
        0.007469114847481251,
        0.007561355363577604,
        0.007500195875763893,
        0.007379450835287571,
        0.0073150284588336945,
        0.007230457384139299,
        0.007279424928128719,
        0.007164711132645607,
        0.007242450024932623,
        0.0072027212008833885,
        0.007255882024765015,
        0.006979910656809807,
        0.006748141720890999,
        0.00674399035051465,
        0.0067076366394758224,
        0.006623083259910345,
        0.006614349782466888,
        0.0064931404776871204,
        0.006493125110864639,
        0.00648091034963727,
        0.006652099080383778,
        0.006625760346651077,
        0.006481141317635775,
        0.006577841471880674,
        0.006652771029621363,
        0.006741860881447792,
        0.006879610475152731,
        0.0069811600260436535,
        0.007197665516287088,
        0.007346111815422773,
        0.007530966307967901,
        0.007758885622024536
    ]
}