{
    "epoch": [
        0,
        1,
        2,
        3,
        4,
        5,
        6,
        7,
        8,
        9,
        10,
        11,
        12,
        13,
        14,
        15,
        16,
        17,
        18,
        19,
        20,
        21,
        22,
        23,
        24,
        25,
        26,
        27,
        28,
        29,
        30,
        31,
        32,
        33,
        34,
        35,
        36,
        37,
        38,
        39,
        40,
        41,
        42,
        43,
        44,
        45,
        46,
        47,
        48,
        49,
        50,
        51,
        52,
        53,
        54,
        55,
        56,
        57,
        58,
        59,
        60,
        61,
        62,
        63,
        64,
        65,
        66,
        67,
        68,
        69,
        70,
        71,
        72,
        73,
        74,
        75,
        76,
        77,
        78,
        79,
        80,
        81,
        82,
        83,
        84,
        85,
        86,
        87,
        88,
        89,
        90,
        91,
        92,
        93,
        94,
        95,
        96,
        97,
        98,
        99
    ],
    "train_loss": [
        0.5483678579330444,
        0.40782418847084045,
        0.34460166096687317,
        0.2981228232383728,
        0.2746085822582245,
        0.22241902351379395,
        0.20719896256923676,
        0.1886734813451767,
        0.17693600058555603,
        0.1641988754272461,
        0.18444234132766724,
        0.1766187995672226,
        0.16581346094608307,
        0.15706251561641693,
        0.14523179829120636,
        0.13833487033843994,
        0.11696314066648483,
        0.09448851644992828,
        0.07768045365810394,
        0.06361262500286102,
        0.06231530383229256,
        0.054386261850595474,
        0.04525722190737724,
        0.03356616944074631,
        0.030696941539645195,
        0.02863381803035736,
        0.026583917438983917,
        0.023743392899632454,
        0.022528737783432007,
        0.018642108887434006,
        0.026536710560321808,
        0.021491656079888344,
        0.02016890048980713,
        0.01954890415072441,
        0.017420034855604172,
        0.01656241901218891,
        0.013291501440107822,
        0.011808240786194801,
        0.013935958966612816,
        0.015702158212661743,
        0.017791444435715675,
        0.015770262107253075,
        0.015342728234827518,
        0.01746780425310135,
        0.018749991431832314,
        0.022288771346211433,
        0.015682263299822807,
        0.014693341217935085,
        0.01591208204627037,
        0.015592248179018497,
        0.015605627559125423,
        0.016088072210550308,
        0.017732802778482437,
        0.015587016940116882,
        0.01565621793270111,
        0.01614857278764248,
        0.018038390204310417,
        0.018923068419098854,
        0.017195967957377434,
        0.017850220203399658,
        0.01825004443526268,
        0.018685687333345413,
        0.018317408859729767,
        0.018899809569120407,
        0.017378870397806168,
        0.015283340588212013,
        0.01367011945694685,
        0.0133504718542099,
        0.012792437337338924,
        0.013093464076519012,
        0.012822686694562435,
        0.013779178261756897,
        0.014949144795536995,
        0.014466281048953533,
        0.013655244372785091,
        0.013780741952359676,
        0.013862053863704205,
        0.013412486761808395,
        0.012547928839921951,
        0.012751011177897453,
        0.012252768501639366,
        0.01296438742429018,
        0.014108785428106785,
        0.012420153245329857,
        0.012285463511943817,
        0.012082796543836594,
        0.011159325018525124,
        0.011434047482907772,
        0.011343198828399181,
        0.011180403642356396,
        0.011034698225557804,
        0.01093269418925047,
        0.010223194025456905,
        0.009937189519405365,
        0.009828065522015095,
        0.009887280873954296,
        0.010546152479946613,
        0.009829660877585411,
        0.011334627866744995,
        0.01183533575385809
    ]
}