{
    "epoch": [
        0,
        1,
        2,
        3,
        4,
        5,
        6,
        7,
        8,
        9,
        10,
        11,
        12,
        13,
        14,
        15,
        16,
        17,
        18,
        19,
        20,
        21,
        22,
        23,
        24,
        25,
        26,
        27,
        28,
        29,
        30,
        31,
        32,
        33,
        34,
        35,
        36,
        37,
        38,
        39,
        40,
        41,
        42,
        43,
        44,
        45,
        46,
        47,
        48,
        49,
        50,
        51,
        52,
        53,
        54,
        55,
        56,
        57,
        58,
        59,
        60,
        61,
        62,
        63,
        64,
        65,
        66,
        67,
        68,
        69,
        70,
        71,
        72,
        73,
        74,
        75,
        76,
        77,
        78,
        79,
        80,
        81,
        82,
        83,
        84,
        85,
        86,
        87,
        88,
        89,
        90,
        91,
        92,
        93,
        94,
        95,
        96,
        97,
        98,
        99
    ],
    "train_loss": [
        0.030946165323257446,
        0.013201660476624966,
        0.01007064525038004,
        0.009513727389276028,
        0.009597735479474068,
        0.009515517391264439,
        0.009459116496145725,
        0.009472989477217197,
        0.009154035709798336,
        0.007820880971848965,
        0.007536482531577349,
        0.011085890233516693,
        0.0077914646826684475,
        0.006849783472716808,
        0.00576382502913475,
        0.006772284395992756,
        0.00947259645909071,
        0.008302976377308369,
        0.007761190179735422,
        0.00738507742062211,
        0.007316985633224249,
        0.0071705542504787445,
        0.007092262618243694,
        0.006640848703682423,
        0.006855966988950968,
        0.006353975739330053,
        0.006260158959776163,
        0.006170372013002634,
        0.0061319260857999325,
        0.0062887114472687244,
        0.006314239930361509,
        0.006350475829094648,
        0.006240342743694782,
        0.006147956941276789,
        0.006042676046490669,
        0.006067004520446062,
        0.006015186198055744,
        0.005963181145489216,
        0.0059692650102078915,
        0.00601830892264843,
        0.0060967751778662205,
        0.006144701037555933,
        0.006149758584797382,
        0.006172316148877144,
        0.006560466252267361,
        0.006376880221068859,
        0.005758977495133877,
        0.005643713753670454,
        0.00574170658364892,
        0.005905155558139086,
        0.006000217981636524,
        0.005901445169001818,
        0.005794118158519268,
        0.005445568822324276,
        0.005255760159343481,
        0.005227942019701004,
        0.00523459492251277,
        0.00524854427203536,
        0.005289395339787006,
        0.005255680065602064,
        0.005195846781134605,
        0.0052351923659443855,
        0.005367144010961056,
        0.005357775371521711,
        0.005370628088712692,
        0.005256077274680138,
        0.005168464034795761,
        0.005114809609949589,
        0.005062026437371969,
        0.005010791122913361,
        0.004884412046521902,
        0.00489209545776248,
        0.004906001500785351,
        0.004932574927806854,
        0.004950760863721371,
        0.004981220234185457,
        0.0049985614605247974,
        0.0050161462277174,
        0.005020579323172569,
        0.0050224983133375645,
        0.005023424979299307,
        0.004994404036551714,
        0.0049940189346671104,
        0.005090632941573858,
        0.004918414168059826,
        0.004711339715868235,
        0.004652715753763914,
        0.004612063989043236,
        0.004531863145530224,
        0.004559508990496397,
        0.004509688820689917,
        0.004489197861403227,
        0.0045114243403077126,
        0.004532948601990938,
        0.004593989346176386,
        0.00466187484562397,
        0.0046950941905379295,
        0.004655397497117519,
        0.004595620092004538,
        0.004581986926496029
    ]
}