{
    "epoch": [
        0,
        1,
        2,
        3,
        4,
        5,
        6,
        7,
        8,
        9,
        10,
        11,
        12,
        13,
        14,
        15,
        16,
        17,
        18,
        19,
        20,
        21,
        22,
        23,
        24,
        25,
        26,
        27,
        28,
        29,
        30,
        31,
        32,
        33,
        34,
        35,
        36,
        37,
        38,
        39,
        40,
        41,
        42,
        43,
        44,
        45,
        46,
        47,
        48,
        49,
        50,
        51,
        52,
        53,
        54,
        55,
        56,
        57,
        58,
        59,
        60,
        61,
        62,
        63,
        64,
        65,
        66,
        67,
        68,
        69,
        70,
        71,
        72,
        73,
        74,
        75,
        76,
        77,
        78,
        79,
        80,
        81,
        82,
        83,
        84,
        85,
        86,
        87,
        88,
        89,
        90,
        91,
        92,
        93,
        94,
        95,
        96,
        97,
        98,
        99
    ],
    "train_loss": [
        0.027682865038514137,
        0.01644270494580269,
        0.015120014548301697,
        0.015049712732434273,
        0.014930191449820995,
        0.01533699780702591,
        0.014974969439208508,
        0.014612865634262562,
        0.014206032268702984,
        0.013514876365661621,
        0.015208308584988117,
        0.014357458800077438,
        0.012103216722607613,
        0.008531470783054829,
        0.008549434132874012,
        0.00871282909065485,
        0.008832866325974464,
        0.007934696972370148,
        0.008393116295337677,
        0.00785495899617672,
        0.006958493031561375,
        0.0068268561735749245,
        0.006714474409818649,
        0.00644069304689765,
        0.006475770380347967,
        0.006387834902852774,
        0.006251066457480192,
        0.006220075301826,
        0.006291130557656288,
        0.006289543583989143,
        0.006234812084585428,
        0.006064081098884344,
        0.006123651750385761,
        0.006057539489120245,
        0.006045598536729813,
        0.006139995995908976,
        0.006144673563539982,
        0.006019938737154007,
        0.005835480522364378,
        0.006077151745557785,
        0.005931261461228132,
        0.0057407645508646965,
        0.005735435988754034,
        0.0059071555733680725,
        0.005849766544997692,
        0.005860045086592436,
        0.005866835825145245,
        0.005870273802429438,
        0.005773428827524185,
        0.00574444979429245,
        0.005734890699386597,
        0.0057653700932860374,
        0.005761022213846445,
        0.005714708473533392,
        0.005697666201740503,
        0.005702225025743246,
        0.005673536565154791,
        0.005657954607158899,
        0.0056564644910395145,
        0.0056296964175999165,
        0.005625739227980375,
        0.005603292491286993,
        0.005571229383349419,
        0.005605035461485386,
        0.005651195999234915,
        0.0056334505788981915,
        0.0055823554284870625,
        0.005537350196391344,
        0.005547806154936552,
        0.005538012832403183,
        0.00553171569481492,
        0.005529914051294327,
        0.005539701785892248,
        0.005567014683037996,
        0.005588384810835123,
        0.005589481443166733,
        0.005598813761025667,
        0.005603424273431301,
        0.005578727927058935,
        0.005557435564696789,
        0.0055757989175617695,
        0.005616433452814817,
        0.005652008578181267,
        0.005651817191392183,
        0.005615696776658297,
        0.005601739976555109,
        0.005578965414315462,
        0.005576614290475845,
        0.005577064584940672,
        0.005576941650360823,
        0.005577635485678911,
        0.00557851605117321,
        0.005588033236563206,
        0.005589816253632307,
        0.005595023278146982,
        0.005599355325102806,
        0.005600491538643837,
        0.005600436590611935,
        0.005601271986961365,
        0.005599015858024359
    ]
}