{
    "epoch": [
        0,
        1,
        2,
        3,
        4,
        5,
        6,
        7,
        8,
        9,
        10,
        11,
        12,
        13,
        14,
        15,
        16,
        17,
        18,
        19,
        20,
        21,
        22,
        23,
        24,
        25,
        26,
        27,
        28,
        29,
        30,
        31,
        32,
        33,
        34,
        35,
        36,
        37,
        38,
        39,
        40,
        41,
        42,
        43,
        44,
        45,
        46,
        47,
        48,
        49,
        50,
        51,
        52,
        53,
        54,
        55,
        56,
        57,
        58,
        59,
        60,
        61,
        62,
        63,
        64,
        65,
        66,
        67,
        68,
        69,
        70,
        71,
        72,
        73,
        74,
        75,
        76,
        77,
        78,
        79,
        80,
        81,
        82,
        83,
        84,
        85,
        86,
        87,
        88,
        89,
        90,
        91,
        92,
        93,
        94,
        95,
        96,
        97,
        98,
        99
    ],
    "train_loss": [
        0.2597741484642029,
        0.16554668545722961,
        0.12174918502569199,
        0.09110955893993378,
        0.07102716714143753,
        0.07216677069664001,
        0.061342399567365646,
        0.05597357824444771,
        0.05011710897088051,
        0.04348026588559151,
        0.04007679224014282,
        0.034233201295137405,
        0.03357948362827301,
        0.035008754581213,
        0.030692484229803085,
        0.03181922063231468,
        0.029466403648257256,
        0.02826347015798092,
        0.029927803203463554,
        0.02735131047666073,
        0.026874631643295288,
        0.025265293195843697,
        0.023896193131804466,
        0.022452086210250854,
        0.02153109386563301,
        0.02131257764995098,
        0.01960640400648117,
        0.018124772235751152,
        0.017329782247543335,
        0.01746373437345028,
        0.016733890399336815,
        0.015969784930348396,
        0.016773298382759094,
        0.01646197959780693,
        0.016636813059449196,
        0.01617412269115448,
        0.01606815680861473,
        0.01680050976574421,
        0.01598317362368107,
        0.017002657055854797,
        0.016812896355986595,
        0.016324905678629875,
        0.01691381260752678,
        0.016643071547150612,
        0.016105199232697487,
        0.017080197110772133,
        0.01595751754939556,
        0.015584990382194519,
        0.014814887195825577,
        0.014666266739368439,
        0.013846918009221554,
        0.013896871358156204,
        0.014240222051739693,
        0.014360606670379639,
        0.013920088298618793,
        0.01360032893717289,
        0.013611752539873123,
        0.013441924005746841,
        0.013084475882351398,
        0.013373514637351036,
        0.013136816211044788,
        0.013013848103582859,
        0.013054903596639633,
        0.01291251927614212,
        0.012678722850978374,
        0.012219276279211044,
        0.012458175420761108,
        0.012229269370436668,
        0.012126471847295761,
        0.011817934922873974,
        0.01179221086204052,
        0.0116765471175313,
        0.01139830518513918,
        0.011508068069815636,
        0.011601483449339867,
        0.011258307844400406,
        0.011206870898604393,
        0.011470251716673374,
        0.011046323925256729,
        0.01114896684885025,
        0.010891496203839779,
        0.010791708715260029,
        0.010962187312543392,
        0.010909516364336014,
        0.010773485526442528,
        0.010647336952388287,
        0.010516742244362831,
        0.01045144535601139,
        0.010463631711900234,
        0.010608508251607418,
        0.010325845330953598,
        0.010487758554518223,
        0.010399575345218182,
        0.010395112447440624,
        0.010256041772663593,
        0.010338390246033669,
        0.010268017649650574,
        0.0101622324436903,
        0.01020608376711607,
        0.010161838494241238
    ]
}