{
    "epoch": [
        0,
        1,
        2,
        3,
        4,
        5,
        6,
        7,
        8,
        9,
        10,
        11,
        12,
        13,
        14,
        15,
        16,
        17,
        18,
        19,
        20,
        21,
        22,
        23,
        24,
        25,
        26,
        27,
        28,
        29,
        30,
        31,
        32,
        33,
        34,
        35,
        36,
        37,
        38,
        39,
        40,
        41,
        42,
        43,
        44,
        45,
        46,
        47,
        48,
        49,
        50,
        51,
        52,
        53,
        54,
        55,
        56,
        57,
        58,
        59,
        60,
        61,
        62,
        63,
        64,
        65,
        66,
        67,
        68,
        69,
        70,
        71,
        72,
        73,
        74,
        75,
        76,
        77,
        78,
        79,
        80,
        81,
        82,
        83,
        84,
        85,
        86,
        87,
        88,
        89,
        90,
        91,
        92,
        93,
        94,
        95,
        96,
        97,
        98,
        99
    ],
    "train_loss": [
        0.032927006483078,
        0.010404283180832863,
        0.010354021564126015,
        0.010048864409327507,
        0.008590193465352058,
        0.006981335114687681,
        0.006729015149176121,
        0.006107682827860117,
        0.005661786999553442,
        0.00533042149618268,
        0.00494123250246048,
        0.004809555131942034,
        0.0042210351675748825,
        0.004244553856551647,
        0.00514909066259861,
        0.00543248513713479,
        0.010205208323895931,
        0.012781958095729351,
        0.009987116791307926,
        0.008122993633151054,
        0.0060654450207948685,
        0.004861633293330669,
        0.0038501680828630924,
        0.0037400564178824425,
        0.0035475771874189377,
        0.0038732716348022223,
        0.0036363350227475166,
        0.0036633831914514303,
        0.004042882937937975,
        0.0038555720821022987,
        0.003939150832593441,
        0.003993428312242031,
        0.003991585224866867,
        0.0038100231904536486,
        0.0038688129279762506,
        0.0038543958216905594,
        0.003749953582882881,
        0.0036155458074063063,
        0.0035902406089007854,
        0.003636036068201065,
        0.003644476877525449,
        0.0036325270775705576,
        0.0035182852298021317,
        0.0034142248332500458,
        0.0033657129388302565,
        0.0033360605593770742,
        0.003360160393640399,
        0.0034076471347361803,
        0.003425249829888344,
        0.0033875531516969204,
        0.003293934976682067,
        0.003202898893505335,
        0.0031891006510704756,
        0.003228724468499422,
        0.0032387871760874987,
        0.0032151928171515465,
        0.003140358254313469,
        0.0030961288139224052,
        0.003148769959807396,
        0.0031558764167129993,
        0.0030972971580922604,
        0.003079809481278062,
        0.003085316624492407,
        0.0031310368794947863,
        0.003183947643265128,
        0.003152396297082305,
        0.003132446203380823,
        0.003144694957882166,
        0.003157795174047351,
        0.003148668445646763,
        0.0031613402534276247,
        0.0031956529710441828,
        0.0032105224672704935,
        0.0031816496048122644,
        0.003144245594739914,
        0.00314041948877275,
        0.0031677652150392532,
        0.003218103665858507,
        0.0032262676395475864,
        0.0032124922145158052,
        0.003200760344043374,
        0.003129400312900543,
        0.0031576682813465595,
        0.0032210745848715305,
        0.003241897327825427,
        0.003187130205333233,
        0.003165895352140069,
        0.003150390228256583,
        0.0031182393431663513,
        0.0031302371062338352,
        0.003142152214422822,
        0.0031448863446712494,
        0.003218104364350438,
        0.003386695869266987,
        0.0034857227001339197,
        0.003569603431969881,
        0.0036261200439184904,
        0.0035755157005041838,
        0.003545572981238365,
        0.003508229274302721
    ]
}