{
    "epoch": [
        0,
        1,
        2,
        3,
        4,
        5,
        6,
        7,
        8,
        9,
        10,
        11,
        12,
        13,
        14,
        15,
        16,
        17,
        18,
        19,
        20,
        21,
        22,
        23,
        24,
        25,
        26,
        27,
        28,
        29,
        30,
        31,
        32,
        33,
        34,
        35,
        36,
        37,
        38,
        39,
        40,
        41,
        42,
        43,
        44,
        45,
        46,
        47,
        48,
        49,
        50,
        51,
        52,
        53,
        54,
        55,
        56,
        57,
        58,
        59,
        60,
        61,
        62,
        63,
        64,
        65,
        66,
        67,
        68,
        69,
        70,
        71,
        72,
        73,
        74,
        75,
        76,
        77,
        78,
        79,
        80,
        81,
        82,
        83,
        84,
        85,
        86,
        87,
        88,
        89,
        90,
        91,
        92,
        93,
        94,
        95,
        96,
        97,
        98,
        99
    ],
    "train_loss": [
        0.16188925504684448,
        0.0730806291103363,
        0.05049191787838936,
        0.040569450706243515,
        0.03378542885184288,
        0.031240500509738922,
        0.025518611073493958,
        0.022069213911890984,
        0.021998072043061256,
        0.020670359954237938,
        0.019122865051031113,
        0.018484648317098618,
        0.018688427284359932,
        0.01971236988902092,
        0.021355675533413887,
        0.019660674035549164,
        0.019187791272997856,
        0.019267896190285683,
        0.0182263795286417,
        0.018222756683826447,
        0.019639955833554268,
        0.020235586911439896,
        0.019381994381546974,
        0.018879283219575882,
        0.016866430640220642,
        0.016900280490517616,
        0.01610509678721428,
        0.015162666328251362,
        0.014661520719528198,
        0.014492984861135483,
        0.0144517095759511,
        0.01385748665779829,
        0.013762460090219975,
        0.013949772343039513,
        0.013831174932420254,
        0.013921106234192848,
        0.01377058308571577,
        0.01351785846054554,
        0.013395732268691063,
        0.01361832208931446,
        0.013781598769128323,
        0.013570842333137989,
        0.013447921723127365,
        0.013464636169373989,
        0.01348125096410513,
        0.013787621632218361,
        0.013453694060444832,
        0.013340127654373646,
        0.013190720230340958,
        0.013142382726073265,
        0.013022655621170998,
        0.012990494258701801,
        0.012866229750216007,
        0.01290343701839447,
        0.012868043966591358,
        0.01284621562808752,
        0.012851839885115623,
        0.012863042764365673,
        0.012910528108477592,
        0.012780467979609966,
        0.012778380885720253,
        0.012675905600190163,
        0.012627677991986275,
        0.012618666514754295,
        0.012644368223845959,
        0.012627772986888885,
        0.012620149180293083,
        0.012506429105997086,
        0.012433131225407124,
        0.012367906048893929,
        0.012344637885689735,
        0.012325753457844257,
        0.012303639203310013,
        0.012278387323021889,
        0.012249602936208248,
        0.012214447371661663,
        0.012157153338193893,
        0.012115060351788998,
        0.012044863775372505,
        0.011887041851878166,
        0.011888579465448856,
        0.011836900375783443,
        0.011789338663220406,
        0.011744696646928787,
        0.011717588640749454,
        0.011668099090456963,
        0.011590724810957909,
        0.011540274135768414,
        0.011491878889501095,
        0.011491277255117893,
        0.011456415988504887,
        0.011456417851150036,
        0.01143657136708498,
        0.011408822610974312,
        0.011390903033316135,
        0.011370883323252201,
        0.0113593814894557,
        0.011346293613314629,
        0.01134845707565546,
        0.01133881788700819
    ]
}