{
    "epoch": [
        0,
        1,
        2,
        3,
        4,
        5,
        6,
        7,
        8,
        9,
        10,
        11,
        12,
        13,
        14,
        15,
        16,
        17,
        18,
        19,
        20,
        21,
        22,
        23,
        24,
        25,
        26,
        27,
        28,
        29,
        30,
        31,
        32,
        33,
        34,
        35,
        36,
        37,
        38,
        39,
        40,
        41,
        42,
        43,
        44,
        45,
        46,
        47,
        48,
        49,
        50,
        51,
        52,
        53,
        54,
        55,
        56,
        57,
        58,
        59,
        60,
        61,
        62,
        63,
        64,
        65,
        66,
        67,
        68,
        69,
        70,
        71,
        72,
        73,
        74,
        75,
        76,
        77,
        78,
        79,
        80,
        81,
        82,
        83,
        84,
        85,
        86,
        87,
        88,
        89,
        90,
        91,
        92,
        93,
        94,
        95,
        96,
        97,
        98,
        99
    ],
    "train_loss": [
        0.5224834084510803,
        0.29535457491874695,
        0.20447954535484314,
        0.1736452430486679,
        0.15240414440631866,
        0.11916747689247131,
        0.08117412775754929,
        0.06526552140712738,
        0.05301311984658241,
        0.04358549416065216,
        0.04103757068514824,
        0.035163700580596924,
        0.03251728415489197,
        0.03171764314174652,
        0.03060907870531082,
        0.03725769743323326,
        0.031081562861800194,
        0.031120745465159416,
        0.02922644652426243,
        0.026514550670981407,
        0.028494926169514656,
        0.024430520832538605,
        0.022764578461647034,
        0.022643202915787697,
        0.023359278216958046,
        0.02447998896241188,
        0.021876731887459755,
        0.020900556817650795,
        0.020425446331501007,
        0.019270170480012894,
        0.020963674411177635,
        0.01805315725505352,
        0.01738598942756653,
        0.017054762691259384,
        0.01627577468752861,
        0.019591912627220154,
        0.017181897535920143,
        0.01657697930932045,
        0.015123670920729637,
        0.014696073718369007,
        0.022678807377815247,
        0.017346283420920372,
        0.015129716135561466,
        0.01486047264188528,
        0.01470974925905466,
        0.016502954065799713,
        0.015052277594804764,
        0.013634929433465004,
        0.01366395689547062,
        0.013697648420929909,
        0.013781856745481491,
        0.014120940119028091,
        0.014030472375452518,
        0.014085618779063225,
        0.013505300506949425,
        0.013909864239394665,
        0.01317896880209446,
        0.013700953684747219,
        0.01373238954693079,
        0.01424705795943737,
        0.014568379148840904,
        0.01449308916926384,
        0.015123373828828335,
        0.015061446465551853,
        0.014068691059947014,
        0.014726194553077221,
        0.014509475789964199,
        0.01430384162813425,
        0.014022373594343662,
        0.01362554356455803,
        0.013475247658789158,
        0.01324915699660778,
        0.013570320792496204,
        0.013629461638629436,
        0.013980475254356861,
        0.013913911767303944,
        0.014830614440143108,
        0.014322339557111263,
        0.014714287593960762,
        0.014880824834108353,
        0.014517159201204777,
        0.014518109150230885,
        0.014703997410833836,
        0.014569910243153572,
        0.014932976104319096,
        0.015224930830299854,
        0.015912307426333427,
        0.01579192839562893,
        0.015484272502362728,
        0.015266251750290394,
        0.015028608962893486,
        0.014632530510425568,
        0.014547684229910374,
        0.014566370286047459,
        0.014272703789174557,
        0.014046630822122097,
        0.013971149921417236,
        0.014052271842956543,
        0.014118715189397335,
        0.014159240759909153
    ]
}