architecture,avg_rank,first_place_count
"[3,5,1]",2.8260869565217392,3
"[3,7,5,5,1]",3.130434782608696,6
"[3,5,3,1]",3.3043478260869565,7
"[3,13,1]",3.347826086956522,4
"[3,5,5,1]",3.391304347826087,13
"[3,8,1]",3.391304347826087,5
