{
    "epoch": [
        0,
        1,
        2,
        3,
        4,
        5,
        6,
        7,
        8,
        9,
        10,
        11,
        12,
        13,
        14,
        15,
        16,
        17,
        18,
        19,
        20,
        21,
        22,
        23,
        24,
        25,
        26,
        27,
        28,
        29,
        30,
        31,
        32,
        33,
        34,
        35,
        36,
        37,
        38,
        39,
        40,
        41,
        42,
        43,
        44,
        45,
        46,
        47,
        48,
        49,
        50,
        51,
        52,
        53,
        54,
        55,
        56,
        57,
        58,
        59,
        60,
        61,
        62,
        63,
        64,
        65,
        66,
        67,
        68,
        69,
        70,
        71,
        72,
        73,
        74,
        75,
        76,
        77,
        78,
        79,
        80,
        81,
        82,
        83,
        84,
        85,
        86,
        87,
        88,
        89,
        90,
        91,
        92,
        93,
        94,
        95,
        96,
        97,
        98,
        99
    ],
    "train_loss": [
        0.049623552709817886,
        0.02324770949780941,
        0.02265229821205139,
        0.01907194033265114,
        0.017092911526560783,
        0.016412392258644104,
        0.01912047527730465,
        0.017647359520196915,
        0.016302073374390602,
        0.01612369902431965,
        0.0152964536100626,
        0.013849216513335705,
        0.013282268308103085,
        0.012248137965798378,
        0.012019752524793148,
        0.01579705998301506,
        0.013471687212586403,
        0.012002521194517612,
        0.011333048343658447,
        0.011665369383990765,
        0.012297642417252064,
        0.011917333118617535,
        0.011380697600543499,
        0.011445342563092709,
        0.011748609133064747,
        0.012288268655538559,
        0.01180824264883995,
        0.011820221319794655,
        0.011895939707756042,
        0.011808367446064949,
        0.012481930665671825,
        0.011891786940395832,
        0.011540981940925121,
        0.011573458090424538,
        0.011337014846503735,
        0.01308094710111618,
        0.012518581002950668,
        0.012453709729015827,
        0.01222799438983202,
        0.01213809009641409,
        0.01193065382540226,
        0.011756259948015213,
        0.011625954881310463,
        0.011320427991449833,
        0.011163530871272087,
        0.011392638087272644,
        0.011508675292134285,
        0.011620734818279743,
        0.011125561781227589,
        0.010945522226393223,
        0.010867803357541561,
        0.01062287949025631,
        0.01050011906772852,
        0.010335705243051052,
        0.010093165561556816,
        0.009931433945894241,
        0.009862123057246208,
        0.009795056656002998,
        0.009710360318422318,
        0.009549034759402275,
        0.009508976712822914,
        0.009509965777397156,
        0.009580260142683983,
        0.00968778133392334,
        0.009981296956539154,
        0.010067809373140335,
        0.010202611796557903,
        0.009998359717428684,
        0.009953254833817482,
        0.009858546778559685,
        0.009643691591918468,
        0.009578320197761059,
        0.0094303535297513,
        0.009185176342725754,
        0.009016201831400394,
        0.008891663514077663,
        0.00884881243109703,
        0.00882306694984436,
        0.008835635147988796,
        0.008889006450772285,
        0.008757775649428368,
        0.008706586435437202,
        0.008713302202522755,
        0.008772036992013454,
        0.00876015704125166,
        0.008959613740444183,
        0.009119749069213867,
        0.009270787239074707,
        0.009451829828321934,
        0.009517989121377468,
        0.009424861520528793,
        0.009271405637264252,
        0.008932243101298809,
        0.008844641968607903,
        0.008867669850587845,
        0.008788966573774815,
        0.008658178150653839,
        0.008471459150314331,
        0.008245092816650867,
        0.008717763237655163
    ]
}