{
    "epoch": [
        0,
        1,
        2,
        3,
        4,
        5,
        6,
        7,
        8,
        9,
        10,
        11,
        12,
        13,
        14,
        15,
        16,
        17,
        18,
        19,
        20,
        21,
        22,
        23,
        24,
        25,
        26,
        27,
        28,
        29,
        30,
        31,
        32,
        33,
        34,
        35,
        36,
        37,
        38,
        39,
        40,
        41,
        42,
        43,
        44,
        45,
        46,
        47,
        48,
        49,
        50,
        51,
        52,
        53,
        54,
        55,
        56,
        57,
        58,
        59,
        60,
        61,
        62,
        63,
        64,
        65,
        66,
        67,
        68,
        69,
        70,
        71,
        72,
        73,
        74,
        75,
        76,
        77,
        78,
        79,
        80,
        81,
        82,
        83,
        84,
        85,
        86,
        87,
        88,
        89,
        90,
        91,
        92,
        93,
        94,
        95,
        96,
        97,
        98,
        99
    ],
    "train_loss": [
        0.42475610971450806,
        0.16811592876911163,
        0.1060129925608635,
        0.09461072087287903,
        0.09071394801139832,
        0.1173478290438652,
        0.10737958550453186,
        0.10081654787063599,
        0.09608330577611923,
        0.09253906458616257,
        0.09219281375408173,
        0.08889156579971313,
        0.0851619616150856,
        0.08293914794921875,
        0.07939441502094269,
        0.07440655678510666,
        0.0702052190899849,
        0.06772468984127045,
        0.06567830592393875,
        0.06419418007135391,
        0.06216830015182495,
        0.05858433246612549,
        0.05509181693196297,
        0.05142078176140785,
        0.04837968572974205,
        0.05005427077412605,
        0.045002952218055725,
        0.04258546605706215,
        0.03954356163740158,
        0.036495525389909744,
        0.037217579782009125,
        0.0352172777056694,
        0.032481931149959564,
        0.030505865812301636,
        0.02884531579911709,
        0.02870889939367771,
        0.027078187093138695,
        0.025506801903247833,
        0.024601025506854057,
        0.0227903313934803,
        0.022450368851423264,
        0.022187307476997375,
        0.02164357341825962,
        0.020128779113292694,
        0.019909091293811798,
        0.01921503059566021,
        0.01945694535970688,
        0.018133001402020454,
        0.016757428646087646,
        0.016491515561938286,
        0.016538528725504875,
        0.01654353179037571,
        0.017644239589571953,
        0.016461722552776337,
        0.015236513689160347,
        0.015158127062022686,
        0.015436824411153793,
        0.016196731477975845,
        0.015875129029154778,
        0.015540753491222858,
        0.01489848829805851,
        0.01579185575246811,
        0.014738447032868862,
        0.014578010886907578,
        0.015213234350085258,
        0.015310279093682766,
        0.014894320629537106,
        0.014807206578552723,
        0.013401232659816742,
        0.013055999763309956,
        0.013077029958367348,
        0.012554035522043705,
        0.012465114705264568,
        0.01215537078678608,
        0.014137259684503078,
        0.01387660950422287,
        0.013661611825227737,
        0.015003128908574581,
        0.015223346650600433,
        0.013346176594495773,
        0.011285807937383652,
        0.009877754375338554,
        0.010248624719679356,
        0.01012896467000246,
        0.009976295754313469,
        0.009570721536874771,
        0.009411860257387161,
        0.010290462523698807,
        0.009440409019589424,
        0.009941610507667065,
        0.009384016506373882,
        0.00941522978246212,
        0.009084725752472878,
        0.009474845603108406,
        0.008747881278395653,
        0.008736423216760159,
        0.008878040127456188,
        0.008313757367432117,
        0.008619328960776329,
        0.008784015662968159
    ]
}