{
    "epoch": [
        0,
        1,
        2,
        3,
        4,
        5,
        6,
        7,
        8,
        9,
        10,
        11,
        12,
        13,
        14,
        15,
        16,
        17,
        18,
        19,
        20,
        21,
        22,
        23,
        24,
        25,
        26,
        27,
        28,
        29,
        30,
        31,
        32,
        33,
        34,
        35,
        36,
        37,
        38,
        39,
        40,
        41,
        42,
        43,
        44,
        45,
        46,
        47,
        48,
        49,
        50,
        51,
        52,
        53,
        54,
        55,
        56,
        57,
        58,
        59,
        60,
        61,
        62,
        63,
        64,
        65,
        66,
        67,
        68,
        69,
        70,
        71,
        72,
        73,
        74,
        75,
        76,
        77,
        78,
        79,
        80,
        81,
        82,
        83,
        84,
        85,
        86,
        87,
        88,
        89,
        90,
        91,
        92,
        93,
        94,
        95,
        96,
        97,
        98,
        99
    ],
    "train_loss": [
        0.20427215099334717,
        0.07216571271419525,
        0.042886629700660706,
        0.03373480960726738,
        0.026234250515699387,
        0.044405121356248856,
        0.029557133093476295,
        0.023590972647070885,
        0.021614132449030876,
        0.02000505104660988,
        0.032507557421922684,
        0.023875270038843155,
        0.02172262780368328,
        0.019785529002547264,
        0.01812843047082424,
        0.02617325447499752,
        0.022936541587114334,
        0.02104943059384823,
        0.019935311749577522,
        0.01918238401412964,
        0.022085033357143402,
        0.020820291712880135,
        0.019833682104945183,
        0.01950892247259617,
        0.019310716539621353,
        0.019086454063653946,
        0.01870013028383255,
        0.018693970516324043,
        0.018450524657964706,
        0.018121996894478798,
        0.017867226153612137,
        0.018001679331064224,
        0.01774391531944275,
        0.017755603417754173,
        0.017531931400299072,
        0.018009521067142487,
        0.017896484583616257,
        0.017855854704976082,
        0.017893660813570023,
        0.017733406275510788,
        0.017954105511307716,
        0.017712704837322235,
        0.01753588579595089,
        0.01744174025952816,
        0.01756412349641323,
        0.01883172057569027,
        0.017782581970095634,
        0.017077522352337837,
        0.017061879858374596,
        0.01710238866508007,
        0.017656393349170685,
        0.017168425023555756,
        0.0182022787630558,
        0.0187661312520504,
        0.018905403092503548,
        0.019834594801068306,
        0.018285898491740227,
        0.016778508201241493,
        0.016573622822761536,
        0.017157262191176414,
        0.016523299738764763,
        0.01624036207795143,
        0.015260733664035797,
        0.014819138683378696,
        0.014966977760195732,
        0.015208365395665169,
        0.015192710794508457,
        0.014668370597064495,
        0.014155338518321514,
        0.014008319936692715,
        0.013712223619222641,
        0.013743851333856583,
        0.013643406331539154,
        0.013643127866089344,
        0.01397207472473383,
        0.013690528459846973,
        0.013541525229811668,
        0.013389731757342815,
        0.013161775656044483,
        0.012938454747200012,
        0.012647700496017933,
        0.012431333772838116,
        0.012512260116636753,
        0.012394700199365616,
        0.012476986274123192,
        0.012566988356411457,
        0.01243671029806137,
        0.012456023134291172,
        0.012538903392851353,
        0.01255083829164505,
        0.012477850541472435,
        0.012528818100690842,
        0.012547609396278858,
        0.01251777820289135,
        0.01266847737133503,
        0.012625806964933872,
        0.01265270821750164,
        0.012796901166439056,
        0.012826992198824883,
        0.012914898805320263
    ]
}