{
    "epoch": [
        0,
        1,
        2,
        3,
        4,
        5,
        6,
        7,
        8,
        9,
        10,
        11,
        12,
        13,
        14,
        15,
        16,
        17,
        18,
        19,
        20,
        21,
        22,
        23,
        24,
        25,
        26,
        27,
        28,
        29,
        30,
        31,
        32,
        33,
        34,
        35,
        36,
        37,
        38,
        39,
        40,
        41,
        42,
        43,
        44,
        45,
        46,
        47,
        48,
        49,
        50,
        51,
        52,
        53,
        54,
        55,
        56,
        57,
        58,
        59,
        60,
        61,
        62,
        63,
        64,
        65,
        66,
        67,
        68,
        69,
        70,
        71,
        72,
        73,
        74,
        75,
        76,
        77,
        78,
        79,
        80,
        81,
        82,
        83,
        84,
        85,
        86,
        87,
        88,
        89,
        90,
        91,
        92,
        93,
        94,
        95,
        96,
        97,
        98,
        99
    ],
    "train_loss": [
        0.02997685968875885,
        0.011378007009625435,
        0.01124065276235342,
        0.010859183967113495,
        0.010398300364613533,
        0.010308213531970978,
        0.009743097238242626,
        0.010177192278206348,
        0.009116554632782936,
        0.00802039448171854,
        0.0086178258061409,
        0.007671725936233997,
        0.00752191012725234,
        0.007435622159391642,
        0.007455792278051376,
        0.006813735235482454,
        0.007199159357696772,
        0.006985865067690611,
        0.006419699173420668,
        0.01334176491945982,
        0.00855113472789526,
        0.009017172269523144,
        0.008186230435967445,
        0.007997050881385803,
        0.006981899496167898,
        0.007134797051548958,
        0.006898269988596439,
        0.0066946218721568584,
        0.006782663520425558,
        0.006514060311019421,
        0.006449175998568535,
        0.006462976802140474,
        0.00637075724080205,
        0.006218444090336561,
        0.006143569014966488,
        0.006139426492154598,
        0.006098276935517788,
        0.006038973573595285,
        0.005936441011726856,
        0.005705281626433134,
        0.005365069955587387,
        0.0053538670763373375,
        0.005472357384860516,
        0.005453434772789478,
        0.005459234584122896,
        0.005357037298381329,
        0.005322585813701153,
        0.005291840527206659,
        0.005286241415888071,
        0.005277025047689676,
        0.005231999326497316,
        0.005183222703635693,
        0.0051757837645709515,
        0.005136389750987291,
        0.00508531928062439,
        0.005088501144200563,
        0.005103722680360079,
        0.005118858069181442,
        0.005125245079398155,
        0.005119737703353167,
        0.005111198406666517,
        0.005105535499751568,
        0.005097213201224804,
        0.00509034376591444,
        0.00509225856512785,
        0.005104068201035261,
        0.005113254301249981,
        0.005129671189934015,
        0.005138845182955265,
        0.005122106987982988,
        0.005131537094712257,
        0.0051822359673678875,
        0.005245384760200977,
        0.005206311587244272,
        0.005098309367895126,
        0.005039621610194445,
        0.00503648491576314,
        0.005043856333941221,
        0.005036328453570604,
        0.0050261723808944225,
        0.004995947238057852,
        0.004994397051632404,
        0.005011345725506544,
        0.005051583983004093,
        0.0050581227988004684,
        0.005056027788668871,
        0.005050063133239746,
        0.005028926767408848,
        0.005013270303606987,
        0.004963780287653208,
        0.004917408339679241,
        0.00493140984326601,
        0.005046110134571791,
        0.005132481921464205,
        0.005167063325643539,
        0.005161957815289497,
        0.005105541553348303,
        0.0050694746896624565,
        0.0050404975190758705,
        0.0050260284915566444
    ]
}