{
    "epoch": [
        0,
        1,
        2,
        3,
        4,
        5,
        6,
        7,
        8,
        9,
        10,
        11,
        12,
        13,
        14,
        15,
        16,
        17,
        18,
        19,
        20,
        21,
        22,
        23,
        24,
        25,
        26,
        27,
        28,
        29,
        30,
        31,
        32,
        33,
        34,
        35,
        36,
        37,
        38,
        39,
        40,
        41,
        42,
        43,
        44,
        45,
        46,
        47,
        48,
        49,
        50,
        51,
        52,
        53,
        54,
        55,
        56,
        57,
        58,
        59,
        60,
        61,
        62,
        63,
        64,
        65,
        66,
        67,
        68,
        69,
        70,
        71,
        72,
        73,
        74,
        75,
        76,
        77,
        78,
        79,
        80,
        81,
        82,
        83,
        84,
        85,
        86,
        87,
        88,
        89,
        90,
        91,
        92,
        93,
        94,
        95,
        96,
        97,
        98,
        99
    ],
    "train_loss": [
        0.036273255944252014,
        0.011396151967346668,
        0.00834913831204176,
        0.006920653395354748,
        0.006714502815157175,
        0.007100963499397039,
        0.00709310919046402,
        0.0071411230601370335,
        0.007018645294010639,
        0.0070904940366744995,
        0.0070566232316195965,
        0.007051117718219757,
        0.006935058161616325,
        0.006732898764312267,
        0.006609740667045116,
        0.006600457243621349,
        0.0064994581043720245,
        0.006532403640449047,
        0.0064928787760436535,
        0.006609264295548201,
        0.006614351645112038,
        0.006439692340791225,
        0.006531263701617718,
        0.006515865214169025,
        0.006570939905941486,
        0.006358453072607517,
        0.006145159248262644,
        0.006107425782829523,
        0.005956897046416998,
        0.006006285082548857,
        0.0060884989798069,
        0.005835139192640781,
        0.005940528586506844,
        0.005956212058663368,
        0.006081125233322382,
        0.006046158727258444,
        0.006023831199854612,
        0.00584569713100791,
        0.005741736851632595,
        0.00593179976567626,
        0.005859090946614742,
        0.005721944849938154,
        0.005501874256879091,
        0.00560223963111639,
        0.005632544402033091,
        0.005480151157826185,
        0.005647196900099516,
        0.0056583997793495655,
        0.005708891898393631,
        0.005922069773077965,
        0.006334129720926285,
        0.006370464339852333,
        0.006444869097322226,
        0.006549838464707136,
        0.006747952196747065,
        0.00659790076315403,
        0.0062616076320409775,
        0.006427699234336615,
        0.006628264207392931,
        0.006716749165207148,
        0.006600877270102501,
        0.006404349114745855,
        0.006349777337163687,
        0.006407406646758318,
        0.006450108252465725,
        0.006333206780254841,
        0.005886741913855076,
        0.005662770010530949,
        0.0055934772826731205,
        0.005619617644697428,
        0.0060333930887281895,
        0.005867131985723972,
        0.005821447819471359,
        0.005741708446294069,
        0.005664659198373556,
        0.005626519210636616,
        0.0055778007954359055,
        0.005567468702793121,
        0.005527757108211517,
        0.00559452036395669,
        0.0055929808877408504,
        0.005521602462977171,
        0.005568057764321566,
        0.005616246722638607,
        0.005614227615296841,
        0.005555529147386551,
        0.005565943196415901,
        0.005681432783603668,
        0.005793557036668062,
        0.005809373687952757,
        0.005712992511689663,
        0.005659614223986864,
        0.005633308086544275,
        0.005745559465140104,
        0.005799299571663141,
        0.00609967578202486,
        0.006702464539557695,
        0.007392118219286203,
        0.00789039209485054,
        0.007772247772663832
    ]
}