{
    "epoch": [
        0,
        1,
        2,
        3,
        4,
        5,
        6,
        7,
        8,
        9,
        10,
        11,
        12,
        13,
        14,
        15,
        16,
        17,
        18,
        19,
        20,
        21,
        22,
        23,
        24,
        25,
        26,
        27,
        28,
        29,
        30,
        31,
        32,
        33,
        34,
        35,
        36,
        37,
        38,
        39,
        40,
        41,
        42,
        43,
        44,
        45,
        46,
        47,
        48,
        49,
        50,
        51,
        52,
        53,
        54,
        55,
        56,
        57,
        58,
        59,
        60,
        61,
        62,
        63,
        64,
        65,
        66,
        67,
        68,
        69,
        70,
        71,
        72,
        73,
        74,
        75,
        76,
        77,
        78,
        79,
        80,
        81,
        82,
        83,
        84,
        85,
        86,
        87,
        88,
        89,
        90,
        91,
        92,
        93,
        94,
        95,
        96,
        97,
        98,
        99
    ],
    "train_loss": [
        0.2941743731498718,
        0.16498365998268127,
        0.11695457994937897,
        0.09360603988170624,
        0.0747126117348671,
        0.12360329926013947,
        0.0846281349658966,
        0.060354288667440414,
        0.049697425216436386,
        0.04164582118391991,
        0.05085093155503273,
        0.040954869240522385,
        0.03527449816465378,
        0.0320410430431366,
        0.030523573979735374,
        0.031022347509860992,
        0.02710818126797676,
        0.025273233652114868,
        0.02460300549864769,
        0.02402067743241787,
        0.026697106659412384,
        0.02387182042002678,
        0.023294078186154366,
        0.024105079472064972,
        0.02365506999194622,
        0.024957746267318726,
        0.021602347493171692,
        0.021077657118439674,
        0.020493585616350174,
        0.020559489727020264,
        0.02411714754998684,
        0.021397007629275322,
        0.020495643839240074,
        0.0211995430290699,
        0.021233685314655304,
        0.021920831874012947,
        0.020058419555425644,
        0.020448651164770126,
        0.02115665189921856,
        0.018428374081850052,
        0.019944697618484497,
        0.017479490488767624,
        0.01655927300453186,
        0.016843222081661224,
        0.016422072425484657,
        0.017376042902469635,
        0.016114678233861923,
        0.01617158204317093,
        0.01653186045587063,
        0.016468873247504234,
        0.016662979498505592,
        0.017066873610019684,
        0.01676781289279461,
        0.016600295901298523,
        0.016348345205187798,
        0.0164176058024168,
        0.016381261870265007,
        0.016507891938090324,
        0.01634806953370571,
        0.016955360770225525,
        0.016681479290127754,
        0.016819819808006287,
        0.01667078025639057,
        0.016341520473361015,
        0.016340231522917747,
        0.01594116911292076,
        0.01540383417159319,
        0.015120815485715866,
        0.01532764732837677,
        0.015374056994915009,
        0.01572364754974842,
        0.01566069759428501,
        0.01538508664816618,
        0.015228831209242344,
        0.01507352665066719,
        0.014739088714122772,
        0.014784438535571098,
        0.014972036704421043,
        0.014726642519235611,
        0.015053399838507175,
        0.015315326862037182,
        0.015283008106052876,
        0.015291223302483559,
        0.015144170261919498,
        0.014604920521378517,
        0.014223011210560799,
        0.014063907787203789,
        0.013835079036653042,
        0.013630441389977932,
        0.013693655841052532,
        0.013448817655444145,
        0.013498136773705482,
        0.01418130099773407,
        0.01389435213059187,
        0.014193582348525524,
        0.014166958630084991,
        0.013643971644341946,
        0.01337164081633091,
        0.013370605185627937,
        0.013264083303511143
    ]
}