{
    "epoch": [
        0,
        1,
        2,
        3,
        4,
        5,
        6,
        7,
        8,
        9,
        10,
        11,
        12,
        13,
        14,
        15,
        16,
        17,
        18,
        19,
        20,
        21,
        22,
        23,
        24,
        25,
        26,
        27,
        28,
        29,
        30,
        31,
        32,
        33,
        34,
        35,
        36,
        37,
        38,
        39,
        40,
        41,
        42,
        43,
        44,
        45,
        46,
        47,
        48,
        49,
        50,
        51,
        52,
        53,
        54,
        55,
        56,
        57,
        58,
        59,
        60,
        61,
        62,
        63,
        64,
        65,
        66,
        67,
        68,
        69,
        70,
        71,
        72,
        73,
        74,
        75,
        76,
        77,
        78,
        79,
        80,
        81,
        82,
        83,
        84,
        85,
        86,
        87,
        88,
        89,
        90,
        91,
        92,
        93,
        94,
        95,
        96,
        97,
        98,
        99
    ],
    "train_loss": [
        0.1602884978055954,
        0.0943487212061882,
        0.06373950839042664,
        0.05044427886605263,
        0.04133111611008644,
        0.04178677126765251,
        0.03461870551109314,
        0.033335600048303604,
        0.03133947774767876,
        0.029352353885769844,
        0.023450452834367752,
        0.021590400487184525,
        0.019098812714219093,
        0.019655287265777588,
        0.01761663146317005,
        0.01473826915025711,
        0.012780292890965939,
        0.014056237414479256,
        0.015060996636748314,
        0.012145575135946274,
        0.011287516914308071,
        0.011243917979300022,
        0.011268364265561104,
        0.01119878701865673,
        0.012132811360061169,
        0.01136315893381834,
        0.011797205545008183,
        0.011744027025997639,
        0.01146817859262228,
        0.011568877846002579,
        0.011615601368248463,
        0.010834887623786926,
        0.010711150243878365,
        0.011003556661307812,
        0.010881492868065834,
        0.012096465565264225,
        0.012047217227518559,
        0.012184546329081059,
        0.012095161713659763,
        0.012044829316437244,
        0.013123313896358013,
        0.013080026023089886,
        0.013271267525851727,
        0.011623100377619267,
        0.01168486475944519,
        0.011926810257136822,
        0.01172083243727684,
        0.012400517240166664,
        0.01225826796144247,
        0.011917897500097752,
        0.011817241087555885,
        0.011846279725432396,
        0.011662721633911133,
        0.011278009973466396,
        0.01153003703802824,
        0.011607514694333076,
        0.011578874662518501,
        0.012202312238514423,
        0.01136061456054449,
        0.011143633164465427,
        0.010806593112647533,
        0.010677180252969265,
        0.012438860721886158,
        0.012938395142555237,
        0.013896867632865906,
        0.01572914607822895,
        0.016123464331030846,
        0.014057451859116554,
        0.012735565192997456,
        0.012355358339846134,
        0.011329419910907745,
        0.011451447382569313,
        0.010294785723090172,
        0.009576371870934963,
        0.009373393841087818,
        0.009438694454729557,
        0.00845041498541832,
        0.007970403879880905,
        0.007746140006929636,
        0.007555135991424322,
        0.0078342966735363,
        0.007905585691332817,
        0.007614019326865673,
        0.0075457398779690266,
        0.007216495927423239,
        0.007111965678632259,
        0.006981940474361181,
        0.006821036338806152,
        0.006711854599416256,
        0.006857695989310741,
        0.006856892723590136,
        0.007402265444397926,
        0.008020744659006596,
        0.008706504479050636,
        0.009089107625186443,
        0.009035754948854446,
        0.008736544288694859,
        0.008255313150584698,
        0.007576088421046734,
        0.0072725191712379456
    ]
}