{
    "epoch": [
        0,
        1,
        2,
        3,
        4,
        5,
        6,
        7,
        8,
        9,
        10,
        11,
        12,
        13,
        14,
        15,
        16,
        17,
        18,
        19,
        20,
        21,
        22,
        23,
        24,
        25,
        26,
        27,
        28,
        29,
        30,
        31,
        32,
        33,
        34,
        35,
        36,
        37,
        38,
        39,
        40,
        41,
        42,
        43,
        44,
        45,
        46,
        47,
        48,
        49,
        50,
        51,
        52,
        53,
        54,
        55,
        56,
        57,
        58,
        59,
        60,
        61,
        62,
        63,
        64,
        65,
        66,
        67,
        68,
        69,
        70,
        71,
        72,
        73,
        74,
        75,
        76,
        77,
        78,
        79,
        80,
        81,
        82,
        83,
        84,
        85,
        86,
        87,
        88,
        89,
        90,
        91,
        92,
        93,
        94,
        95,
        96,
        97,
        98,
        99
    ],
    "train_loss": [
        0.024219930171966553,
        0.017107782885432243,
        0.009636877104640007,
        0.007328839041292667,
        0.009862531907856464,
        0.008698458783328533,
        0.010265710763633251,
        0.010972514748573303,
        0.009241658262908459,
        0.01310237217694521,
        0.013370738364756107,
        0.0130331851541996,
        0.011010922491550446,
        0.011984651908278465,
        0.014368484728038311,
        0.01811271347105503,
        0.015084989368915558,
        0.012989175505936146,
        0.013422828167676926,
        0.01273130252957344,
        0.012769966386258602,
        0.01273807417601347,
        0.012724416330456734,
        0.012789489701390266,
        0.012734499759972095,
        0.012672117911279202,
        0.01277250237762928,
        0.01280640996992588,
        0.01280640996992588,
        0.01280640996992588,
        0.012820587493479252,
        0.012815774418413639,
        0.012885808944702148,
        0.013002130202949047,
        0.012995033524930477,
        0.013066090643405914,
        0.01338370144367218,
        0.013445574790239334,
        0.013452000916004181,
        0.01320606842637062,
        0.013135481625795364,
        0.013139450922608376,
        0.0131320646032691,
        0.013041755184531212,
        0.013019554316997528,
        0.01294966135174036,
        0.01294971164315939,
        0.012949712574481964,
        0.012922978959977627,
        0.012950942851603031,
        0.012943465262651443,
        0.012964597903192043,
        0.01301347091794014,
        0.013010278344154358,
        0.012901606038212776,
        0.012889338657259941,
        0.012870834209024906,
        0.012845508754253387,
        0.012758607044816017,
        0.012543655931949615,
        0.012706928886473179,
        0.012888512574136257,
        0.013001532293856144,
        0.012781071476638317,
        0.01281463447958231,
        0.012940478511154652,
        0.0131389070302248,
        0.013267548754811287,
        0.013198303990066051,
        0.013096162118017673,
        0.013034933246672153,
        0.013017410412430763,
        0.013073744252324104,
        0.013103919103741646,
        0.013140379451215267,
        0.01313419546931982,
        0.01310143806040287,
        0.013042878359556198,
        0.013072261586785316,
        0.01307285949587822,
        0.01307285949587822,
        0.01306790392845869,
        0.013069060631096363,
        0.013069060631096363,
        0.013071703724563122,
        0.013071980327367783,
        0.013072087429463863,
        0.01306057721376419,
        0.013042344711720943,
        0.013081328943371773,
        0.013089914806187153,
        0.013014217838644981,
        0.013175783678889275,
        0.013279253616929054,
        0.013315184973180294,
        0.01354671549052,
        0.01336327102035284,
        0.013554948382079601,
        0.013324057683348656,
        0.013317294418811798
    ]
}