{
    "epoch": [
        0,
        1,
        2,
        3,
        4,
        5,
        6,
        7,
        8,
        9,
        10,
        11,
        12,
        13,
        14,
        15,
        16,
        17,
        18,
        19,
        20,
        21,
        22,
        23,
        24,
        25,
        26,
        27,
        28,
        29,
        30,
        31,
        32,
        33,
        34,
        35,
        36,
        37,
        38,
        39,
        40,
        41,
        42,
        43,
        44,
        45,
        46,
        47,
        48,
        49,
        50,
        51,
        52,
        53,
        54,
        55,
        56,
        57,
        58,
        59,
        60,
        61,
        62,
        63,
        64,
        65,
        66,
        67,
        68,
        69,
        70,
        71,
        72,
        73,
        74,
        75,
        76,
        77,
        78,
        79,
        80,
        81,
        82,
        83,
        84,
        85,
        86,
        87,
        88,
        89,
        90,
        91,
        92,
        93,
        94,
        95,
        96,
        97,
        98,
        99
    ],
    "train_loss": [
        0.4891570806503296,
        0.31994280219078064,
        0.2402065545320511,
        0.17971809208393097,
        0.14026181399822235,
        0.18648290634155273,
        0.15247176587581635,
        0.12430813908576965,
        0.09927734732627869,
        0.08594534546136856,
        0.08638645708560944,
        0.06919042766094208,
        0.06136187165975571,
        0.05566868185997009,
        0.050491154193878174,
        0.05074089765548706,
        0.045889630913734436,
        0.042647335678339005,
        0.04032067209482193,
        0.039055559784173965,
        0.0402916744351387,
        0.03720388188958168,
        0.03611712530255318,
        0.03609611466526985,
        0.03444669768214226,
        0.03561921417713165,
        0.03403526172041893,
        0.032366711646318436,
        0.031026454642415047,
        0.03024122677743435,
        0.033364471048116684,
        0.0317985936999321,
        0.03087119571864605,
        0.029546158388257027,
        0.0294022299349308,
        0.031425535678863525,
        0.030401907861232758,
        0.02944917418062687,
        0.028540480881929398,
        0.0282493494451046,
        0.033193621784448624,
        0.028659837320446968,
        0.026794781908392906,
        0.026164961978793144,
        0.025107642635703087,
        0.029701994732022285,
        0.026847267523407936,
        0.025569207966327667,
        0.024597439914941788,
        0.024475349113345146,
        0.025264447554945946,
        0.02420264109969139,
        0.02370660938322544,
        0.023752830922603607,
        0.023751897737383842,
        0.023651257157325745,
        0.02345188334584236,
        0.024119416251778603,
        0.024898817762732506,
        0.024349898099899292,
        0.024442970752716064,
        0.024570027366280556,
        0.024347495287656784,
        0.02450134977698326,
        0.024118028581142426,
        0.02402300387620926,
        0.02361125871539116,
        0.023667963221669197,
        0.023477865383028984,
        0.0232215728610754,
        0.023197798058390617,
        0.023203255608677864,
        0.023519366979599,
        0.023265531286597252,
        0.023580921813845634,
        0.023600289598107338,
        0.023983344435691833,
        0.023695651441812515,
        0.023289285600185394,
        0.02333752065896988,
        0.023001881316304207,
        0.022435985505580902,
        0.022230910137295723,
        0.021959079429507256,
        0.02193857543170452,
        0.022142188623547554,
        0.022205132991075516,
        0.022120194509625435,
        0.022296417504549026,
        0.022446786984801292,
        0.022426815703511238,
        0.022770458832383156,
        0.0225179772824049,
        0.0225161612033844,
        0.02211892604827881,
        0.02196875400841236,
        0.021873243153095245,
        0.021945606917142868,
        0.021972807124257088,
        0.021586177870631218
    ]
}