{
    "epoch": [
        0,
        1,
        2,
        3,
        4,
        5,
        6,
        7,
        8,
        9,
        10,
        11,
        12,
        13,
        14,
        15,
        16,
        17,
        18,
        19,
        20,
        21,
        22,
        23,
        24,
        25,
        26,
        27,
        28,
        29,
        30,
        31,
        32,
        33,
        34,
        35,
        36,
        37,
        38,
        39,
        40,
        41,
        42,
        43,
        44,
        45,
        46,
        47,
        48,
        49,
        50,
        51,
        52,
        53,
        54,
        55,
        56,
        57,
        58,
        59,
        60,
        61,
        62,
        63,
        64,
        65,
        66,
        67,
        68,
        69,
        70,
        71,
        72,
        73,
        74,
        75,
        76,
        77,
        78,
        79,
        80,
        81,
        82,
        83,
        84,
        85,
        86,
        87,
        88,
        89,
        90,
        91,
        92,
        93,
        94,
        95,
        96,
        97,
        98,
        99
    ],
    "train_loss": [
        0.02910149097442627,
        0.013069521635770798,
        0.011962060816586018,
        0.011645645834505558,
        0.010591244325041771,
        0.010608266107738018,
        0.010659380815923214,
        0.010671568103134632,
        0.010756848379969597,
        0.010769409127533436,
        0.010646991431713104,
        0.0105906892567873,
        0.010599758476018906,
        0.010698380880057812,
        0.01060565561056137,
        0.010553277097642422,
        0.010505713522434235,
        0.01039554551243782,
        0.010385571978986263,
        0.010385294444859028,
        0.01040202472358942,
        0.010417893528938293,
        0.010428870096802711,
        0.010461350902915001,
        0.010448848828673363,
        0.010347803123295307,
        0.010291184298694134,
        0.010269076563417912,
        0.010266967117786407,
        0.010266131721436977,
        0.010290359146893024,
        0.010341854766011238,
        0.010315553285181522,
        0.010091256350278854,
        0.010074478574097157,
        0.010043012909591198,
        0.01004877220839262,
        0.010057065635919571,
        0.010029204189777374,
        0.009995464235544205,
        0.009949362836778164,
        0.009955593384802341,
        0.009902633726596832,
        0.009779170155525208,
        0.009784557856619358,
        0.009793705306947231,
        0.009764431044459343,
        0.00972957257181406,
        0.009745316579937935,
        0.009727109223604202,
        0.009624219499528408,
        0.009548665955662727,
        0.00954954233020544,
        0.009572932496666908,
        0.009604004211723804,
        0.00963490642607212,
        0.00966461468487978,
        0.009690788574516773,
        0.009712735190987587,
        0.009717810899019241,
        0.009709513746201992,
        0.0096755251288414,
        0.009629779495298862,
        0.009590505622327328,
        0.009571867063641548,
        0.009565009735524654,
        0.009554440155625343,
        0.00955407228320837,
        0.009560436941683292,
        0.009565047919750214,
        0.00957208126783371,
        0.009551011025905609,
        0.009515822865068913,
        0.009476002305746078,
        0.00947000365704298,
        0.00944971852004528,
        0.009391224011778831,
        0.00934749934822321,
        0.009314117021858692,
        0.009310102090239525,
        0.009306706488132477,
        0.00930780079215765,
        0.00927109643816948,
        0.009234735742211342,
        0.009187488816678524,
        0.009150926023721695,
        0.00905634555965662,
        0.008984934538602829,
        0.008920423686504364,
        0.008953474462032318,
        0.008926189504563808,
        0.008931932970881462,
        0.008929653093218803,
        0.008932174183428288,
        0.008927717804908752,
        0.008950878866016865,
        0.00898275338113308,
        0.009029852226376534,
        0.009057276882231236,
        0.00908279325813055
    ]
}