{
    "epoch": [
        0,
        1,
        2,
        3,
        4,
        5,
        6,
        7,
        8,
        9,
        10,
        11,
        12,
        13,
        14,
        15,
        16,
        17,
        18,
        19,
        20,
        21,
        22,
        23,
        24,
        25,
        26,
        27,
        28,
        29,
        30,
        31,
        32,
        33,
        34,
        35,
        36,
        37,
        38,
        39,
        40,
        41,
        42,
        43,
        44,
        45,
        46,
        47,
        48,
        49,
        50,
        51,
        52,
        53,
        54,
        55,
        56,
        57,
        58,
        59,
        60,
        61,
        62,
        63,
        64,
        65,
        66,
        67,
        68,
        69,
        70,
        71,
        72,
        73,
        74,
        75,
        76,
        77,
        78,
        79,
        80,
        81,
        82,
        83,
        84,
        85,
        86,
        87,
        88,
        89,
        90,
        91,
        92,
        93,
        94,
        95,
        96,
        97,
        98,
        99
    ],
    "train_loss": [
        0.3625720143318176,
        0.19697721302509308,
        0.14415042102336884,
        0.1217925027012825,
        0.10656390339136124,
        0.15700726211071014,
        0.1107742190361023,
        0.08005355298519135,
        0.054557252675294876,
        0.041187793016433716,
        0.039098162204027176,
        0.036751724779605865,
        0.034399695694446564,
        0.02554503083229065,
        0.02433178946375847,
        0.02877233177423477,
        0.02585495449602604,
        0.02157813496887684,
        0.021165737882256508,
        0.02016162872314453,
        0.03383675962686539,
        0.028812218457460403,
        0.026056885719299316,
        0.023489942774176598,
        0.020872527733445168,
        0.030167527496814728,
        0.026750613003969193,
        0.025681113824248314,
        0.023837562650442123,
        0.02281983569264412,
        0.02579556405544281,
        0.022958574816584587,
        0.021372966468334198,
        0.020770544186234474,
        0.020036576315760612,
        0.02192370407283306,
        0.020586056634783745,
        0.019900484010577202,
        0.019533775746822357,
        0.019367394968867302,
        0.02150021679699421,
        0.020337771624326706,
        0.019140232354402542,
        0.01835690066218376,
        0.018144184723496437,
        0.020262083038687706,
        0.019079672172665596,
        0.01841750368475914,
        0.01799926906824112,
        0.017780162394046783,
        0.01778429001569748,
        0.01736997254192829,
        0.017226088792085648,
        0.017089545726776123,
        0.01686662994325161,
        0.016809748485684395,
        0.016561301425099373,
        0.016323629766702652,
        0.01627975143492222,
        0.016038749366998672,
        0.016226720064878464,
        0.016296200454235077,
        0.016198499128222466,
        0.016282731667160988,
        0.01602756977081299,
        0.015834905207157135,
        0.015878712758421898,
        0.015765532851219177,
        0.01587476022541523,
        0.0160589050501585,
        0.016155488789081573,
        0.015970462933182716,
        0.0158553309738636,
        0.01595074124634266,
        0.016034716740250587,
        0.016195010393857956,
        0.01623084954917431,
        0.01614437811076641,
        0.016260212287306786,
        0.016329925507307053,
        0.016146134585142136,
        0.015954123809933662,
        0.01590867154300213,
        0.01579475589096546,
        0.015966111794114113,
        0.015987692400813103,
        0.015883086249232292,
        0.015742743387818336,
        0.015765974298119545,
        0.01562502235174179,
        0.01547697838395834,
        0.015335235744714737,
        0.015167503617703915,
        0.015213394537568092,
        0.015111655928194523,
        0.014931841753423214,
        0.015031819231808186,
        0.015112809836864471,
        0.014938205480575562,
        0.014843663200736046
    ]
}