{
    "epoch": [
        0,
        1,
        2,
        3,
        4,
        5,
        6,
        7,
        8,
        9,
        10,
        11,
        12,
        13,
        14,
        15,
        16,
        17,
        18,
        19,
        20,
        21,
        22,
        23,
        24,
        25,
        26,
        27,
        28,
        29,
        30,
        31,
        32,
        33,
        34,
        35,
        36,
        37,
        38,
        39,
        40,
        41,
        42,
        43,
        44,
        45,
        46,
        47,
        48,
        49,
        50,
        51,
        52,
        53,
        54,
        55,
        56,
        57,
        58,
        59,
        60,
        61,
        62,
        63,
        64,
        65,
        66,
        67,
        68,
        69,
        70,
        71,
        72,
        73,
        74,
        75,
        76,
        77,
        78,
        79,
        80,
        81,
        82,
        83,
        84,
        85,
        86,
        87,
        88,
        89,
        90,
        91,
        92,
        93,
        94,
        95,
        96,
        97,
        98,
        99
    ],
    "train_loss": [
        0.014788974076509476,
        0.011328833177685738,
        0.009619629941880703,
        0.009446664713323116,
        0.010552855208516121,
        0.007233042269945145,
        0.006227301899343729,
        0.005724307149648666,
        0.005459685809910297,
        0.00496346689760685,
        0.0054711815901100636,
        0.005118002183735371,
        0.004859298933297396,
        0.0040527028031647205,
        0.004091326612979174,
        0.0038089945446699858,
        0.00382245029322803,
        0.004209262318909168,
        0.004296319093555212,
        0.00444501219317317,
        0.0044693839736282825,
        0.004397332668304443,
        0.004158169496804476,
        0.003984482958912849,
        0.003987675067037344,
        0.004008137620985508,
        0.004036303143948317,
        0.0039751664735376835,
        0.003979613073170185,
        0.004021349363029003,
        0.004275635350495577,
        0.0043723685666918755,
        0.004300383850932121,
        0.0040671988390386105,
        0.003832645481452346,
        0.0037497379817068577,
        0.003649223828688264,
        0.0035164577420800924,
        0.0036440500989556313,
        0.003532347036525607,
        0.0036638632882386446,
        0.0037353881634771824,
        0.0035795788280665874,
        0.003503686748445034,
        0.0032561486586928368,
        0.0030620971228927374,
        0.0027151780668646097,
        0.0028399236034601927,
        0.0029325156938284636,
        0.002968330169096589,
        0.002908519469201565,
        0.002825950738042593,
        0.002838635351508856,
        0.0027686941903084517,
        0.0027965574990957975,
        0.002760207513347268,
        0.0028103243093937635,
        0.002825298113748431,
        0.002813885919749737,
        0.0028655470814555883,
        0.0028176167979836464,
        0.002899160608649254,
        0.0029751930851489305,
        0.002980959601700306,
        0.0029917461797595024,
        0.002872052136808634,
        0.0028766703326255083,
        0.0028775171376764774,
        0.0028993135783821344,
        0.0028769250493496656,
        0.0028588694985955954,
        0.0028070686385035515,
        0.0028082707431167364,
        0.0027868261095136404,
        0.0027538856957107782,
        0.0027508807834237814,
        0.002735528629273176,
        0.002710747765377164,
        0.002693848917260766,
        0.0026857152115553617,
        0.002665670355781913,
        0.002656208351254463,
        0.002647590357810259,
        0.0026446764823049307,
        0.0026422857772558928,
        0.0026350910775363445,
        0.0026218045968562365,
        0.0026108366437256336,
        0.002598955063149333,
        0.0025838997680693865,
        0.002577381208539009,
        0.0025747097097337246,
        0.0025706591550260782,
        0.002562386216595769,
        0.002550183329731226,
        0.0025467071682214737,
        0.0025392186362296343,
        0.002532553393393755,
        0.00252254749648273,
        0.0025030113756656647
    ]
}