{
    "epoch": [
        0,
        1,
        2,
        3,
        4,
        5,
        6,
        7,
        8,
        9,
        10,
        11,
        12,
        13,
        14,
        15,
        16,
        17,
        18,
        19,
        20,
        21,
        22,
        23,
        24,
        25,
        26,
        27,
        28,
        29,
        30,
        31,
        32,
        33,
        34,
        35,
        36,
        37,
        38,
        39,
        40,
        41,
        42,
        43,
        44,
        45,
        46,
        47,
        48,
        49,
        50,
        51,
        52,
        53,
        54,
        55,
        56,
        57,
        58,
        59,
        60,
        61,
        62,
        63,
        64,
        65,
        66,
        67,
        68,
        69,
        70,
        71,
        72,
        73,
        74,
        75,
        76,
        77,
        78,
        79,
        80,
        81,
        82,
        83,
        84,
        85,
        86,
        87,
        88,
        89,
        90,
        91,
        92,
        93,
        94,
        95,
        96,
        97,
        98,
        99
    ],
    "train_loss": [
        0.4467773735523224,
        0.3141855299472809,
        0.2558836340904236,
        0.21770401298999786,
        0.18688787519931793,
        0.24451826512813568,
        0.16993243992328644,
        0.1332382708787918,
        0.11056498438119888,
        0.0869092047214508,
        0.11958084255456924,
        0.0966486856341362,
        0.08448313921689987,
        0.07268121838569641,
        0.06603416055440903,
        0.07012691348791122,
        0.06435295939445496,
        0.05943145975470543,
        0.05626760795712471,
        0.05375591292977333,
        0.056512195616960526,
        0.052877143025398254,
        0.050718557089567184,
        0.04934743419289589,
        0.04744236543774605,
        0.050830766558647156,
        0.04794520512223244,
        0.04589027538895607,
        0.044787585735321045,
        0.04327242821455002,
        0.04445258900523186,
        0.04377545416355133,
        0.0428924635052681,
        0.04118127003312111,
        0.039666157215833664,
        0.03937488794326782,
        0.037937842309474945,
        0.036974966526031494,
        0.03654671087861061,
        0.03571480140089989,
        0.036086469888687134,
        0.034739065915346146,
        0.03459536284208298,
        0.03342755511403084,
        0.03253064304590225,
        0.03496686369180679,
        0.0331958644092083,
        0.032523658126592636,
        0.03236745670437813,
        0.032217297703027725,
        0.032729316502809525,
        0.0328548364341259,
        0.03306540846824646,
        0.03287285193800926,
        0.03245648369193077,
        0.03172915056347847,
        0.030944518744945526,
        0.030007777735590935,
        0.029004419222474098,
        0.028728095814585686,
        0.028316469863057137,
        0.027627019211649895,
        0.027441300451755524,
        0.02784915454685688,
        0.028490964323282242,
        0.027817320078611374,
        0.02729545347392559,
        0.026621736586093903,
        0.02621585689485073,
        0.025782708078622818,
        0.025655636563897133,
        0.025606537237763405,
        0.02563057653605938,
        0.02577492594718933,
        0.025681981816887856,
        0.026217222213745117,
        0.026321791112422943,
        0.026369763538241386,
        0.026726845651865005,
        0.02685418166220188,
        0.02689512073993683,
        0.02678387053310871,
        0.0268806554377079,
        0.027403663843870163,
        0.027539294213056564,
        0.02781570330262184,
        0.027792252600193024,
        0.027655862271785736,
        0.02747330628335476,
        0.027204114943742752,
        0.02727719582617283,
        0.026937061920762062,
        0.026783080771565437,
        0.026815196499228477,
        0.02669084630906582,
        0.026334794238209724,
        0.02624516561627388,
        0.026581577956676483,
        0.026915675029158592,
        0.027090750634670258
    ]
}