{
    "epoch": [
        0,
        1,
        2,
        3,
        4,
        5,
        6,
        7,
        8,
        9,
        10,
        11,
        12,
        13,
        14,
        15,
        16,
        17,
        18,
        19,
        20,
        21,
        22,
        23,
        24,
        25,
        26,
        27,
        28,
        29,
        30,
        31,
        32,
        33,
        34,
        35,
        36,
        37,
        38,
        39,
        40,
        41,
        42,
        43,
        44,
        45,
        46,
        47,
        48,
        49,
        50,
        51,
        52,
        53,
        54,
        55,
        56,
        57,
        58,
        59,
        60,
        61,
        62,
        63,
        64,
        65,
        66,
        67,
        68,
        69,
        70,
        71,
        72,
        73,
        74,
        75,
        76,
        77,
        78,
        79,
        80,
        81,
        82,
        83,
        84,
        85,
        86,
        87,
        88,
        89,
        90,
        91,
        92,
        93,
        94,
        95,
        96,
        97,
        98,
        99
    ],
    "train_loss": [
        0.56590336561203,
        0.16771697998046875,
        0.10577841848134995,
        0.08926478028297424,
        0.07812852412462234,
        0.06365302950143814,
        0.040798597037792206,
        0.031863968819379807,
        0.030138885602355003,
        0.028833752498030663,
        0.028498204424977303,
        0.02496579848229885,
        0.024361800402402878,
        0.021523868665099144,
        0.019226452335715294,
        0.020908720791339874,
        0.01959661953151226,
        0.017800552770495415,
        0.016439903527498245,
        0.01569254696369171,
        0.015441748313605785,
        0.014269454404711723,
        0.013672943226993084,
        0.011753449216485023,
        0.011904618702828884,
        0.012488913722336292,
        0.012637097388505936,
        0.011483997106552124,
        0.01097739115357399,
        0.01093422994017601,
        0.014950654469430447,
        0.012158430181443691,
        0.010143114253878593,
        0.009489980526268482,
        0.010162661783397198,
        0.011218316853046417,
        0.010719846934080124,
        0.009948046877980232,
        0.009990209713578224,
        0.01040539052337408,
        0.010450868867337704,
        0.00942204613238573,
        0.008765987120568752,
        0.009998404420912266,
        0.009322326630353928,
        0.011578102596104145,
        0.009952140040695667,
        0.009213333018124104,
        0.008308461867272854,
        0.00921715795993805,
        0.009750274010002613,
        0.01048478577286005,
        0.010042798705399036,
        0.00962022040039301,
        0.010011192411184311,
        0.010763363912701607,
        0.010273569263517857,
        0.009624984115362167,
        0.010042259469628334,
        0.010465261526405811,
        0.010883541777729988,
        0.010757685638964176,
        0.010123676620423794,
        0.009960138238966465,
        0.010391649790108204,
        0.009704497642815113,
        0.009350760839879513,
        0.008924532681703568,
        0.009157324209809303,
        0.009885608218610287,
        0.00949651189148426,
        0.009823496453464031,
        0.010064502246677876,
        0.009582484140992165,
        0.009100287221372128,
        0.009247994050383568,
        0.008706030435860157,
        0.009011301212012768,
        0.009241947904229164,
        0.008706212043762207,
        0.008717880584299564,
        0.008493833243846893,
        0.007958389818668365,
        0.00778763135895133,
        0.007819512858986855,
        0.0076697519980371,
        0.007235195022076368,
        0.007468723691999912,
        0.007652402389794588,
        0.008385035209357738,
        0.008301762863993645,
        0.008324687369167805,
        0.008257844485342503,
        0.0077688125893473625,
        0.00812678411602974,
        0.007926980033516884,
        0.008758858777582645,
        0.00825461558997631,
        0.008211924694478512,
        0.008280307985842228
    ]
}