{
    "epoch": [
        0,
        1,
        2,
        3,
        4,
        5,
        6,
        7,
        8,
        9,
        10,
        11,
        12,
        13,
        14,
        15,
        16,
        17,
        18,
        19,
        20,
        21,
        22,
        23,
        24,
        25,
        26,
        27,
        28,
        29,
        30,
        31,
        32,
        33,
        34,
        35,
        36,
        37,
        38,
        39,
        40,
        41,
        42,
        43,
        44,
        45,
        46,
        47,
        48,
        49,
        50,
        51,
        52,
        53,
        54,
        55,
        56,
        57,
        58,
        59,
        60,
        61,
        62,
        63,
        64,
        65,
        66,
        67,
        68,
        69,
        70,
        71,
        72,
        73,
        74,
        75,
        76,
        77,
        78,
        79,
        80,
        81,
        82,
        83,
        84,
        85,
        86,
        87,
        88,
        89,
        90,
        91,
        92,
        93,
        94,
        95,
        96,
        97,
        98,
        99
    ],
    "train_loss": [
        0.18510091304779053,
        0.02571558952331543,
        0.015969233587384224,
        0.012081829831004143,
        0.013410160318017006,
        0.017318954691290855,
        0.01335494127124548,
        0.011832022108137608,
        0.011666780337691307,
        0.010941208340227604,
        0.011739745736122131,
        0.010226855985820293,
        0.008871530182659626,
        0.008895502425730228,
        0.008959225378930569,
        0.009010853245854378,
        0.009032960049808025,
        0.00944664515554905,
        0.009521928615868092,
        0.009659523144364357,
        0.008611899800598621,
        0.00885586068034172,
        0.008622048422694206,
        0.008034010417759418,
        0.00975982565432787,
        0.008971946313977242,
        0.008421508595347404,
        0.008288138546049595,
        0.007750104647129774,
        0.008054841309785843,
        0.008036083541810513,
        0.008038538508117199,
        0.0079652089625597,
        0.007994497194886208,
        0.00800696387887001,
        0.007576563861221075,
        0.0070662894286215305,
        0.007649705279618502,
        0.008224325254559517,
        0.007703042589128017,
        0.008004434406757355,
        0.00818887259811163,
        0.007793583441525698,
        0.007786396890878677,
        0.007844915613532066,
        0.007946399971842766,
        0.007991593331098557,
        0.00795494019985199,
        0.007835046388208866,
        0.007773859426379204,
        0.007681261748075485,
        0.007541293743997812,
        0.007511744275689125,
        0.007500795181840658,
        0.007535950280725956,
        0.007550850976258516,
        0.007550199516117573,
        0.007554158568382263,
        0.007558487821370363,
        0.007560256868600845,
        0.007560175843536854,
        0.007560175843536854,
        0.0075601753778755665,
        0.0075601753778755665,
        0.0075601753778755665,
        0.0075601753778755665,
        0.0075601753778755665,
        0.0075601753778755665,
        0.007560176309198141,
        0.0075601753778755665,
        0.0075602419674396515,
        0.0075602419674396515,
        0.0075602419674396515,
        0.0075602419674396515,
        0.0075602419674396515,
        0.0075602419674396515,
        0.007560259196907282,
        0.007560249883681536,
        0.007560249418020248,
        0.007560291793197393,
        0.007560414262115955,
        0.00756048085168004,
        0.007560480386018753,
        0.00756048085168004,
        0.00756048085168004,
        0.00756048085168004,
        0.00756048085168004,
        0.007560561411082745,
        0.00756065035238862,
        0.007560804486274719,
        0.007560779340565205,
        0.007560779340565205,
        0.007560779340565205,
        0.007560779340565205,
        0.007560779340565205,
        0.007560778874903917,
        0.00756077840924263,
        0.0075608184561133385,
        0.007561099249869585,
        0.007561301812529564
    ]
}