{
    "epoch": [
        0,
        1,
        2,
        3,
        4,
        5,
        6,
        7,
        8,
        9,
        10,
        11,
        12,
        13,
        14,
        15,
        16,
        17,
        18,
        19,
        20,
        21,
        22,
        23,
        24,
        25,
        26,
        27,
        28,
        29,
        30,
        31,
        32,
        33,
        34,
        35,
        36,
        37,
        38,
        39,
        40,
        41,
        42,
        43,
        44,
        45,
        46,
        47,
        48,
        49,
        50,
        51,
        52,
        53,
        54,
        55,
        56,
        57,
        58,
        59,
        60,
        61,
        62,
        63,
        64,
        65,
        66,
        67,
        68,
        69,
        70,
        71,
        72,
        73,
        74,
        75,
        76,
        77,
        78,
        79,
        80,
        81,
        82,
        83,
        84,
        85,
        86,
        87,
        88,
        89,
        90,
        91,
        92,
        93,
        94,
        95,
        96,
        97,
        98,
        99
    ],
    "train_loss": [
        0.0171861220151186,
        0.015030495822429657,
        0.012354113161563873,
        0.012343982234597206,
        0.010655310936272144,
        0.010196571238338947,
        0.010254157707095146,
        0.008138591423630714,
        0.008037455379962921,
        0.00724807009100914,
        0.0066450838930904865,
        0.007425911724567413,
        0.008753133937716484,
        0.010905779898166656,
        0.010645811446011066,
        0.009624198079109192,
        0.00867963582277298,
        0.008007386699318886,
        0.0070572844706475735,
        0.006613482255488634,
        0.0070510669611394405,
        0.00727138901129365,
        0.008488627150654793,
        0.010132619179785252,
        0.010936178267002106,
        0.010227276012301445,
        0.00948050431907177,
        0.01003395114094019,
        0.0075534493662416935,
        0.009560598991811275,
        0.011823253706097603,
        0.009425383992493153,
        0.009453821927309036,
        0.009705005213618279,
        0.008904054760932922,
        0.008932665921747684,
        0.008305338211357594,
        0.007824293337762356,
        0.0073510571382939816,
        0.006976870354264975,
        0.0065925572998821735,
        0.005815267562866211,
        0.005038967356085777,
        0.005194940138608217,
        0.0066154166124761105,
        0.0051118191331624985,
        0.004576105624437332,
        0.0069468338042497635,
        0.006341158412396908,
        0.005906833801418543,
        0.006103777792304754,
        0.006197819951921701,
        0.006068250630050898,
        0.006122329272329807,
        0.00630367174744606,
        0.006430190522223711,
        0.006041273940354586,
        0.006050076801329851,
        0.005970582365989685,
        0.005901756696403027,
        0.005846077110618353,
        0.005520275328308344,
        0.005303331650793552,
        0.0050729489885270596,
        0.004940500948578119,
        0.004696166142821312,
        0.004646033979952335,
        0.00468931021168828,
        0.0045809056609869,
        0.004289747215807438,
        0.004253574647009373,
        0.0041992017067968845,
        0.004136383533477783,
        0.004237308166921139,
        0.004193284083157778,
        0.004173970781266689,
        0.004216606263071299,
        0.00444768276065588,
        0.0039706602692604065,
        0.004000543151050806,
        0.004679710604250431,
        0.004249130841344595,
        0.0038021965883672237,
        0.003697870299220085,
        0.004084077198058367,
        0.004347361158579588,
        0.004653653129935265,
        0.0048747980035841465,
        0.0048775700852274895,
        0.004807251505553722,
        0.0043976628221571445,
        0.004308425821363926,
        0.004451768938452005,
        0.004046711605042219,
        0.0038465859834104776,
        0.004018158186227083,
        0.004068363457918167,
        0.0038209666963666677,
        0.003514809301123023,
        0.003526135580614209
    ]
}