{
    "epoch": [
        0,
        1,
        2,
        3,
        4,
        5,
        6,
        7,
        8,
        9,
        10,
        11,
        12,
        13,
        14,
        15,
        16,
        17,
        18,
        19,
        20,
        21,
        22,
        23,
        24,
        25,
        26,
        27,
        28,
        29,
        30,
        31,
        32,
        33,
        34,
        35,
        36,
        37,
        38,
        39,
        40,
        41,
        42,
        43,
        44,
        45,
        46,
        47,
        48,
        49,
        50,
        51,
        52,
        53,
        54,
        55,
        56,
        57,
        58,
        59,
        60,
        61,
        62,
        63,
        64,
        65,
        66,
        67,
        68,
        69,
        70,
        71,
        72,
        73,
        74,
        75,
        76,
        77,
        78,
        79,
        80,
        81,
        82,
        83,
        84,
        85,
        86,
        87,
        88,
        89,
        90,
        91,
        92,
        93,
        94,
        95,
        96,
        97,
        98,
        99
    ],
    "train_loss": [
        0.02356318011879921,
        0.012963749468326569,
        0.009180820547044277,
        0.009556112810969353,
        0.008979244157671928,
        0.008558286353945732,
        0.007056303322315216,
        0.00724769476801157,
        0.007018823176622391,
        0.006915903650224209,
        0.006787704303860664,
        0.006746526341885328,
        0.006928235292434692,
        0.006517298985272646,
        0.00652081286534667,
        0.00679056067019701,
        0.006705497391521931,
        0.006972340866923332,
        0.006707894615828991,
        0.00637605506926775,
        0.0064903805032372475,
        0.0066175302490592,
        0.006614734884351492,
        0.006577899679541588,
        0.0066169691272079945,
        0.006658917758613825,
        0.006487582810223103,
        0.006493596360087395,
        0.006606238894164562,
        0.0065707797184586525,
        0.006592114921659231,
        0.00656212167814374,
        0.006526731885969639,
        0.006494106724858284,
        0.006451820954680443,
        0.006439735647290945,
        0.006383014842867851,
        0.0063904146663844585,
        0.006402183324098587,
        0.006506258621811867,
        0.006575604435056448,
        0.006220875307917595,
        0.007919969037175179,
        0.010307637974619865,
        0.011156998574733734,
        0.010444988496601582,
        0.009557493031024933,
        0.009381866082549095,
        0.008908126503229141,
        0.009770765900611877,
        0.011851226910948753,
        0.014383426867425442,
        0.013335314579308033,
        0.010799555107951164,
        0.010477802716195583,
        0.013511605560779572,
        0.012339011766016483,
        0.011473899707198143,
        0.012218245305120945,
        0.012510866858065128,
        0.012796885333955288,
        0.01296862494200468,
        0.012702735140919685,
        0.012707126326858997,
        0.012608245015144348,
        0.011935149319469929,
        0.011641736142337322,
        0.012283028103411198,
        0.012881352566182613,
        0.013119246810674667,
        0.013636664487421513,
        0.0176153015345335,
        0.014860806055366993,
        0.012211469933390617,
        0.011321446858346462,
        0.010810417123138905,
        0.010103661566972733,
        0.00928762648254633,
        0.008548333309590816,
        0.008053211495280266,
        0.0075024706311523914,
        0.007443580310791731,
        0.007384141907095909,
        0.007312846835702658,
        0.00727850291877985,
        0.007172348443418741,
        0.007103833369910717,
        0.007117941044270992,
        0.007114731706678867,
        0.007077763322740793,
        0.006937317084521055,
        0.006897958926856518,
        0.006919673644006252,
        0.007066428195685148,
        0.007141002919524908,
        0.007235971745103598,
        0.007155764382332563,
        0.00709657883271575,
        0.006724721286445856,
        0.006489407271146774
    ]
}