{
    "epoch": [
        0,
        1,
        2,
        3,
        4,
        5,
        6,
        7,
        8,
        9,
        10,
        11,
        12,
        13,
        14,
        15,
        16,
        17,
        18,
        19,
        20,
        21,
        22,
        23,
        24,
        25,
        26,
        27,
        28,
        29,
        30,
        31,
        32,
        33,
        34,
        35,
        36,
        37,
        38,
        39,
        40,
        41,
        42,
        43,
        44,
        45,
        46,
        47,
        48,
        49,
        50,
        51,
        52,
        53,
        54,
        55,
        56,
        57,
        58,
        59,
        60,
        61,
        62,
        63,
        64,
        65,
        66,
        67,
        68,
        69,
        70,
        71,
        72,
        73,
        74,
        75,
        76,
        77,
        78,
        79,
        80,
        81,
        82,
        83,
        84,
        85,
        86,
        87,
        88,
        89,
        90,
        91,
        92,
        93,
        94,
        95,
        96,
        97,
        98,
        99
    ],
    "train_loss": [
        0.22169360518455505,
        0.10934103280305862,
        0.07393857836723328,
        0.05380886793136597,
        0.04230211302638054,
        0.044262513518333435,
        0.03154674172401428,
        0.028547123074531555,
        0.020801225677132607,
        0.02173754945397377,
        0.017998106777668,
        0.017062462866306305,
        0.01722807064652443,
        0.016184475272893906,
        0.016298826783895493,
        0.02008691243827343,
        0.0176046434789896,
        0.01634487323462963,
        0.016053974628448486,
        0.01614876464009285,
        0.016544915735721588,
        0.016266055405139923,
        0.016281895339488983,
        0.016335640102624893,
        0.01640443503856659,
        0.01672901213169098,
        0.016592364758253098,
        0.0166440699249506,
        0.016735874116420746,
        0.01666831597685814,
        0.01689743809401989,
        0.016768798232078552,
        0.016952238976955414,
        0.01706479676067829,
        0.017013533040881157,
        0.017421554774045944,
        0.017396187409758568,
        0.017378060147166252,
        0.01736794412136078,
        0.01765277050435543,
        0.018008004873991013,
        0.017945289611816406,
        0.017916250973939896,
        0.017933527007699013,
        0.018077772110700607,
        0.01826600544154644,
        0.01815054565668106,
        0.01795167103409767,
        0.01798689365386963,
        0.017810247838497162,
        0.017478888854384422,
        0.017486048862338066,
        0.01725754141807556,
        0.017135662958025932,
        0.01726967841386795,
        0.017487945035099983,
        0.017699331045150757,
        0.01770038530230522,
        0.017644258216023445,
        0.01747819595038891,
        0.01689029298722744,
        0.016516294330358505,
        0.01640360988676548,
        0.016297664493322372,
        0.016212571412324905,
        0.01610235683619976,
        0.015899430960416794,
        0.01573409140110016,
        0.015696486458182335,
        0.015754589810967445,
        0.01586812734603882,
        0.01624402590095997,
        0.01646609976887703,
        0.016303010284900665,
        0.01600395329296589,
        0.01599554531276226,
        0.01607085019350052,
        0.016076896339654922,
        0.016238925978541374,
        0.01620354875922203,
        0.016289131715893745,
        0.016267860308289528,
        0.016317859292030334,
        0.016322972252964973,
        0.016535380855202675,
        0.01673314906656742,
        0.016716323792934418,
        0.016924753785133362,
        0.016963660717010498,
        0.0171463992446661,
        0.017282988876104355,
        0.01763388141989708,
        0.017591411247849464,
        0.017575213685631752,
        0.017614856362342834,
        0.017611676827073097,
        0.0174057986587286,
        0.017273126170039177,
        0.017199836671352386,
        0.017075130715966225
    ]
}