{
    "epoch": [
        0,
        1,
        2,
        3,
        4,
        5,
        6,
        7,
        8,
        9,
        10,
        11,
        12,
        13,
        14,
        15,
        16,
        17,
        18,
        19,
        20,
        21,
        22,
        23,
        24,
        25,
        26,
        27,
        28,
        29,
        30,
        31,
        32,
        33,
        34,
        35,
        36,
        37,
        38,
        39,
        40,
        41,
        42,
        43,
        44,
        45,
        46,
        47,
        48,
        49,
        50,
        51,
        52,
        53,
        54,
        55,
        56,
        57,
        58,
        59,
        60,
        61,
        62,
        63,
        64,
        65,
        66,
        67,
        68,
        69,
        70,
        71,
        72,
        73,
        74,
        75,
        76,
        77,
        78,
        79,
        80,
        81,
        82,
        83,
        84,
        85,
        86,
        87,
        88,
        89,
        90,
        91,
        92,
        93,
        94,
        95,
        96,
        97,
        98,
        99
    ],
    "train_loss": [
        0.018488889560103416,
        0.011427855119109154,
        0.006496341433376074,
        0.007859908044338226,
        0.007015124429017305,
        0.008505146950483322,
        0.008310006000101566,
        0.008278016932308674,
        0.008199264295399189,
        0.008175339549779892,
        0.00809241272509098,
        0.00792721752077341,
        0.007827815599739552,
        0.007638135924935341,
        0.007133989129215479,
        0.007128430064767599,
        0.0065134447067976,
        0.005605636164546013,
        0.005952729843556881,
        0.006200102623552084,
        0.006090530194342136,
        0.0059555331245064735,
        0.005783809814602137,
        0.005747575778514147,
        0.0055055441334843636,
        0.005295844282954931,
        0.005179916974157095,
        0.0051055713556706905,
        0.005028717219829559,
        0.005107973702251911,
        0.005235037300735712,
        0.005364850629121065,
        0.005376641172915697,
        0.005533907096832991,
        0.005600247997790575,
        0.005489116534590721,
        0.00553716067224741,
        0.005554647650569677,
        0.00558999739587307,
        0.005388607736676931,
        0.0055365548469126225,
        0.005542590282857418,
        0.00576452212408185,
        0.005773146171122789,
        0.005609084386378527,
        0.005764744710177183,
        0.005867993459105492,
        0.006004182621836662,
        0.0056887175887823105,
        0.00581029849126935,
        0.00609763665124774,
        0.006417523138225079,
        0.00603985320776701,
        0.006191212683916092,
        0.0058284178376197815,
        0.00571079645305872,
        0.005769060924649239,
        0.005720323882997036,
        0.005720258224755526,
        0.00576968165114522,
        0.005680553615093231,
        0.005695988889783621,
        0.005726566072553396,
        0.005621370393782854,
        0.005528452806174755,
        0.005521888379007578,
        0.005378421861678362,
        0.005649297032505274,
        0.005868079140782356,
        0.006159999407827854,
        0.009677508845925331,
        0.0109022855758667,
        0.014677744358778,
        0.016278628259897232,
        0.014898797497153282,
        0.014074212871491909,
        0.013389794155955315,
        0.01273407507687807,
        0.01202478725463152,
        0.010950802825391293,
        0.009899900294840336,
        0.01002677995711565,
        0.010008066892623901,
        0.009697653353214264,
        0.00928772147744894,
        0.009003333747386932,
        0.009136290289461613,
        0.009261447004973888,
        0.008644957095384598,
        0.008482989855110645,
        0.008126403205096722,
        0.008066623471677303,
        0.008023092523217201,
        0.007978555746376514,
        0.007964733056724072,
        0.007767942268401384,
        0.007231895811855793,
        0.0067445882596075535,
        0.006511585786938667,
        0.006511922460049391
    ]
}