{
    "epoch": [
        0,
        1,
        2,
        3,
        4,
        5,
        6,
        7,
        8,
        9,
        10,
        11,
        12,
        13,
        14,
        15,
        16,
        17,
        18,
        19,
        20,
        21,
        22,
        23,
        24,
        25,
        26,
        27,
        28,
        29,
        30,
        31,
        32,
        33,
        34,
        35,
        36,
        37,
        38,
        39,
        40,
        41,
        42,
        43,
        44,
        45,
        46,
        47,
        48,
        49,
        50,
        51,
        52,
        53,
        54,
        55,
        56,
        57,
        58,
        59,
        60,
        61,
        62,
        63,
        64,
        65,
        66,
        67,
        68,
        69,
        70,
        71,
        72,
        73,
        74,
        75,
        76,
        77,
        78,
        79,
        80,
        81,
        82,
        83,
        84,
        85,
        86,
        87,
        88,
        89,
        90,
        91,
        92,
        93,
        94,
        95,
        96,
        97,
        98,
        99
    ],
    "train_loss": [
        0.14637470245361328,
        0.07184617966413498,
        0.04461357370018959,
        0.03327463939785957,
        0.026962529867887497,
        0.04852285608649254,
        0.027706779539585114,
        0.02553737163543701,
        0.015365377068519592,
        0.011487013660371304,
        0.010715104639530182,
        0.00881541520357132,
        0.010374544188380241,
        0.01001810748130083,
        0.010334759019315243,
        0.009816077537834644,
        0.011678407900035381,
        0.011027979664504528,
        0.011980530805885792,
        0.014125452376902103,
        0.017131520435214043,
        0.01165800541639328,
        0.010485893115401268,
        0.011408410966396332,
        0.015488467179238796,
        0.012363949790596962,
        0.0094739506021142,
        0.009829319082200527,
        0.010716605931520462,
        0.012092134915292263,
        0.012640235014259815,
        0.011056092567741871,
        0.010033723898231983,
        0.009157666005194187,
        0.009384111501276493,
        0.010310078971087933,
        0.010182236321270466,
        0.010364510118961334,
        0.010603316128253937,
        0.01129402220249176,
        0.012274977751076221,
        0.011619427241384983,
        0.011149835772812366,
        0.01053939200937748,
        0.010588213801383972,
        0.010332101956009865,
        0.009884565137326717,
        0.009312431327998638,
        0.009156261570751667,
        0.009173390455543995,
        0.00913670938462019,
        0.009084561839699745,
        0.00934548955410719,
        0.009464546106755733,
        0.009152344428002834,
        0.008843816816806793,
        0.008733062073588371,
        0.008632704615592957,
        0.00866385456174612,
        0.007862024940550327,
        0.00743337906897068,
        0.00742146372795105,
        0.007440944667905569,
        0.007344510871917009,
        0.007325050886720419,
        0.007370387203991413,
        0.0073408810421824455,
        0.0073455506935715675,
        0.007296456955373287,
        0.007263888604938984,
        0.007274123840034008,
        0.00723173376172781,
        0.007174753118306398,
        0.007162885740399361,
        0.0071669938042759895,
        0.007154954597353935,
        0.007078068796545267,
        0.006973400246351957,
        0.006974604446440935,
        0.006968761328607798,
        0.006942405365407467,
        0.006952024530619383,
        0.007050976622849703,
        0.007289102301001549,
        0.0070582227781414986,
        0.006872984115034342,
        0.0067552123218774796,
        0.006705546751618385,
        0.006725305691361427,
        0.00685452576726675,
        0.007045314647257328,
        0.006992518901824951,
        0.007074668537825346,
        0.007053956855088472,
        0.007049947511404753,
        0.0070123011246323586,
        0.006994061637669802,
        0.006950564682483673,
        0.00686661247164011,
        0.006794495973736048
    ]
}