{
    "epoch": [
        0,
        1,
        2,
        3,
        4,
        5,
        6,
        7,
        8,
        9,
        10,
        11,
        12,
        13,
        14,
        15,
        16,
        17,
        18,
        19,
        20,
        21,
        22,
        23,
        24,
        25,
        26,
        27,
        28,
        29,
        30,
        31,
        32,
        33,
        34,
        35,
        36,
        37,
        38,
        39,
        40,
        41,
        42,
        43,
        44,
        45,
        46,
        47,
        48,
        49,
        50,
        51,
        52,
        53,
        54,
        55,
        56,
        57,
        58,
        59,
        60,
        61,
        62,
        63,
        64,
        65,
        66,
        67,
        68,
        69,
        70,
        71,
        72,
        73,
        74,
        75,
        76,
        77,
        78,
        79,
        80,
        81,
        82,
        83,
        84,
        85,
        86,
        87,
        88,
        89,
        90,
        91,
        92,
        93,
        94,
        95,
        96,
        97,
        98,
        99
    ],
    "train_loss": [
        0.059859901666641235,
        0.025935562327504158,
        0.018740152940154076,
        0.019069315865635872,
        0.01820201613008976,
        0.015181824564933777,
        0.014296330511569977,
        0.011642428115010262,
        0.013546386733651161,
        0.011846218258142471,
        0.010648303665220737,
        0.009875631891191006,
        0.009011764079332352,
        0.008378289639949799,
        0.008624663576483727,
        0.008919875137507915,
        0.007129214238375425,
        0.006533833220601082,
        0.007363974582403898,
        0.006378862541168928,
        0.006302719935774803,
        0.0065448046661913395,
        0.006591193377971649,
        0.006310941651463509,
        0.006552023813128471,
        0.00671801995486021,
        0.0068439883179962635,
        0.006521844305098057,
        0.0066254218108952045,
        0.006419984623789787,
        0.006224348209798336,
        0.006248459219932556,
        0.00605594040825963,
        0.006018142681568861,
        0.005850397516041994,
        0.0058095986023545265,
        0.005832291208207607,
        0.005777272861450911,
        0.005682632327079773,
        0.00576250534504652,
        0.005836185533553362,
        0.0056656221859157085,
        0.00565406633540988,
        0.005659549031406641,
        0.005659549031406641,
        0.005701563321053982,
        0.0057143853046,
        0.005723039619624615,
        0.005700056906789541,
        0.005704702343791723,
        0.005757803097367287,
        0.005739630199968815,
        0.005944916978478432,
        0.006088791415095329,
        0.006110336631536484,
        0.006061996798962355,
        0.006012987811118364,
        0.005863088648766279,
        0.005891614593565464,
        0.005944518838077784,
        0.005769262555986643,
        0.005756831727921963,
        0.005829387344419956,
        0.005711279809474945,
        0.00588363129645586,
        0.005821417085826397,
        0.005976004991680384,
        0.006173198577016592,
        0.006328879855573177,
        0.0064659640192985535,
        0.0064715491607785225,
        0.006526865065097809,
        0.006299594417214394,
        0.0062942239455878735,
        0.006213003769516945,
        0.006158086005598307,
        0.006059319246560335,
        0.0059998962096869946,
        0.006010044831782579,
        0.005978235974907875,
        0.005933276377618313,
        0.0058161369524896145,
        0.005705994553864002,
        0.00564860925078392,
        0.005760949105024338,
        0.005780815612524748,
        0.005785787012428045,
        0.005890163592994213,
        0.005752929486334324,
        0.005588652100414038,
        0.005741077475249767,
        0.005559468641877174,
        0.005735018756240606,
        0.005789973307400942,
        0.005865984130650759,
        0.005779776722192764,
        0.0057017607614398,
        0.005744175054132938,
        0.005845638457685709,
        0.005868537351489067
    ]
}