{
    "epoch": [
        0,
        1,
        2,
        3,
        4,
        5,
        6,
        7,
        8,
        9,
        10,
        11,
        12,
        13,
        14,
        15,
        16,
        17,
        18,
        19,
        20,
        21,
        22,
        23,
        24,
        25,
        26,
        27,
        28,
        29,
        30,
        31,
        32,
        33,
        34,
        35,
        36,
        37,
        38,
        39,
        40,
        41,
        42,
        43,
        44,
        45,
        46,
        47,
        48,
        49,
        50,
        51,
        52,
        53,
        54,
        55,
        56,
        57,
        58,
        59,
        60,
        61,
        62,
        63,
        64,
        65,
        66,
        67,
        68,
        69,
        70,
        71,
        72,
        73,
        74,
        75,
        76,
        77,
        78,
        79,
        80,
        81,
        82,
        83,
        84,
        85,
        86,
        87,
        88,
        89,
        90,
        91,
        92,
        93,
        94,
        95,
        96,
        97,
        98,
        99
    ],
    "train_loss": [
        0.02439517341554165,
        0.00876243319362402,
        0.007688336540013552,
        0.005360734649002552,
        0.005458927247673273,
        0.005776243284344673,
        0.005962366238236427,
        0.006360795348882675,
        0.006474270019680262,
        0.006542831193655729,
        0.005814994685351849,
        0.004904964007437229,
        0.0050156982615590096,
        0.0046975621953606606,
        0.005813202820718288,
        0.005624605342745781,
        0.005020834505558014,
        0.005049566272646189,
        0.0047835130244493484,
        0.004724934697151184,
        0.0047041065990924835,
        0.004706236999481916,
        0.004617399536073208,
        0.004623439162969589,
        0.0046538906171917915,
        0.004691299516707659,
        0.0046950145624578,
        0.004595569800585508,
        0.004581013694405556,
        0.004742508288472891,
        0.004712589550763369,
        0.004598794970661402,
        0.004617456346750259,
        0.004762721713632345,
        0.004746273625642061,
        0.004837898537516594,
        0.00510608172044158,
        0.0051783411763608456,
        0.005497089587152004,
        0.004974146373569965,
        0.005325302481651306,
        0.005194975063204765,
        0.006194302346557379,
        0.007282447535544634,
        0.006790604908019304,
        0.006066456902772188,
        0.005869274493306875,
        0.006271029822528362,
        0.006433094386011362,
        0.00625591492280364,
        0.006169990170747042,
        0.00607580179348588,
        0.00596682820469141,
        0.006027539260685444,
        0.005971175152808428,
        0.00576528487727046,
        0.0054398090578615665,
        0.005452411249279976,
        0.005519768688827753,
        0.005580293480306864,
        0.005500356666743755,
        0.005658880807459354,
        0.0060804458335042,
        0.007364941295236349,
        0.006367734633386135,
        0.006417728960514069,
        0.006669036112725735,
        0.006742889527231455,
        0.006386357359588146,
        0.006386050023138523,
        0.0063173603266477585,
        0.006098620593547821,
        0.006073111668229103,
        0.005883784499019384,
        0.005787474103271961,
        0.0059291888028383255,
        0.005688597448170185,
        0.0060670566745102406,
        0.005811390466988087,
        0.006175057962536812,
        0.005842314567416906,
        0.006271306425333023,
        0.007016761694103479,
        0.006869536824524403,
        0.006368404254317284,
        0.00619132723659277,
        0.006062452215701342,
        0.006536446046084166,
        0.006533523090183735,
        0.005682990886271,
        0.005597403738647699,
        0.005469232331961393,
        0.005474509671330452,
        0.005496011581271887,
        0.005596310831606388,
        0.005747098941355944,
        0.005751998629420996,
        0.005691799335181713,
        0.005769001320004463,
        0.005656985100358725
    ]
}