{
    "epoch": [
        0,
        1,
        2,
        3,
        4,
        5,
        6,
        7,
        8,
        9,
        10,
        11,
        12,
        13,
        14,
        15,
        16,
        17,
        18,
        19,
        20,
        21,
        22,
        23,
        24,
        25,
        26,
        27,
        28,
        29,
        30,
        31,
        32,
        33,
        34,
        35,
        36,
        37,
        38,
        39,
        40,
        41,
        42,
        43,
        44,
        45,
        46,
        47,
        48,
        49,
        50,
        51,
        52,
        53,
        54,
        55,
        56,
        57,
        58,
        59,
        60,
        61,
        62,
        63,
        64,
        65,
        66,
        67,
        68,
        69,
        70,
        71,
        72,
        73,
        74,
        75,
        76,
        77,
        78,
        79,
        80,
        81,
        82,
        83,
        84,
        85,
        86,
        87,
        88,
        89,
        90,
        91,
        92,
        93,
        94,
        95,
        96,
        97,
        98,
        99
    ],
    "train_loss": [
        0.6142102479934692,
        0.3965711295604706,
        0.31972619891166687,
        0.27985748648643494,
        0.23238812386989594,
        0.22882235050201416,
        0.2029643952846527,
        0.18121491372585297,
        0.16995325684547424,
        0.16126826405525208,
        0.15542764961719513,
        0.14324168860912323,
        0.13256461918354034,
        0.12484873086214066,
        0.11727605760097504,
        0.1106720045208931,
        0.10128936171531677,
        0.09120190143585205,
        0.08244845271110535,
        0.07424155622720718,
        0.07163599133491516,
        0.061706963926553726,
        0.05283604934811592,
        0.047920599579811096,
        0.04332316666841507,
        0.05448954179883003,
        0.04352721944451332,
        0.038677189499139786,
        0.034866441041231155,
        0.03250868245959282,
        0.03716789931058884,
        0.0323900543153286,
        0.030899235978722572,
        0.02921224944293499,
        0.029020298272371292,
        0.03018924966454506,
        0.027995875105261803,
        0.02727830596268177,
        0.02732468955218792,
        0.028348684310913086,
        0.03157772868871689,
        0.028311563655734062,
        0.026100052520632744,
        0.0247703418135643,
        0.02396194450557232,
        0.028645560145378113,
        0.023534538224339485,
        0.022473374381661415,
        0.021609067916870117,
        0.021578224375844002,
        0.022883132100105286,
        0.023907214403152466,
        0.024382993578910828,
        0.0244206041097641,
        0.02360253594815731,
        0.02282608300447464,
        0.022472068667411804,
        0.02249080128967762,
        0.021593021228909492,
        0.02085445076227188,
        0.02056940086185932,
        0.020527934655547142,
        0.019099930301308632,
        0.019703859463334084,
        0.01947011984884739,
        0.0185671579092741,
        0.017547564581036568,
        0.016508569940924644,
        0.0162334106862545,
        0.01550226379185915,
        0.01626690663397312,
        0.016142386943101883,
        0.016685595735907555,
        0.01638064906001091,
        0.01574985310435295,
        0.015820151194930077,
        0.016204731538891792,
        0.015963133424520493,
        0.015479395166039467,
        0.01590443029999733,
        0.015962960198521614,
        0.015689203515648842,
        0.016333939507603645,
        0.01573839783668518,
        0.01602848805487156,
        0.01587034948170185,
        0.016559481620788574,
        0.017044633626937866,
        0.01740291900932789,
        0.017202625051140785,
        0.01741384156048298,
        0.018030591309070587,
        0.018336402252316475,
        0.01846948079764843,
        0.018462587147951126,
        0.018309446051716805,
        0.018450221046805382,
        0.017891811206936836,
        0.01785498671233654,
        0.01785978116095066
    ]
}