{
    "epoch": [
        0,
        1,
        2,
        3,
        4,
        5,
        6,
        7,
        8,
        9,
        10,
        11,
        12,
        13,
        14,
        15,
        16,
        17,
        18,
        19,
        20,
        21,
        22,
        23,
        24,
        25,
        26,
        27,
        28,
        29,
        30,
        31,
        32,
        33,
        34,
        35,
        36,
        37,
        38,
        39,
        40,
        41,
        42,
        43,
        44,
        45,
        46,
        47,
        48,
        49,
        50,
        51,
        52,
        53,
        54,
        55,
        56,
        57,
        58,
        59,
        60,
        61,
        62,
        63,
        64,
        65,
        66,
        67,
        68,
        69,
        70,
        71,
        72,
        73,
        74,
        75,
        76,
        77,
        78,
        79,
        80,
        81,
        82,
        83,
        84,
        85,
        86,
        87,
        88,
        89,
        90,
        91,
        92,
        93,
        94,
        95,
        96,
        97,
        98,
        99
    ],
    "train_loss": [
        0.059244632720947266,
        0.03148374333977699,
        0.023094765841960907,
        0.01794923096895218,
        0.017813699319958687,
        0.014684268273413181,
        0.011923426762223244,
        0.010393566451966763,
        0.011403487995266914,
        0.012474116869270802,
        0.009447897784411907,
        0.00878114439547062,
        0.007986203767359257,
        0.011099929921329021,
        0.01025252602994442,
        0.007992641068994999,
        0.0074111963622272015,
        0.00759828882291913,
        0.006785248871892691,
        0.006462404038757086,
        0.0064180525951087475,
        0.006949491798877716,
        0.006878333166241646,
        0.006598693784326315,
        0.0072261574678123,
        0.007811728399246931,
        0.008845219388604164,
        0.007823120802640915,
        0.006578527390956879,
        0.006720204371958971,
        0.006483423989266157,
        0.006375586614012718,
        0.00633886456489563,
        0.006329546216875315,
        0.006326168775558472,
        0.0063233328983187675,
        0.006386511959135532,
        0.006387530826032162,
        0.006387439090758562,
        0.006298505701124668,
        0.006180716212838888,
        0.006181720644235611,
        0.00621482590213418,
        0.006173406261950731,
        0.006188771687448025,
        0.0062117441557347775,
        0.006349185947328806,
        0.006269522942602634,
        0.006339741870760918,
        0.00717687513679266,
        0.0074291289784014225,
        0.00811379961669445,
        0.009213706478476524,
        0.011532196775078773,
        0.012058354914188385,
        0.011648394167423248,
        0.012482501566410065,
        0.011965671554207802,
        0.011927135288715363,
        0.012568295001983643,
        0.012850685976445675,
        0.01324751228094101,
        0.014264467172324657,
        0.014491450041532516,
        0.01614932343363762,
        0.01513743493705988,
        0.01432198565453291,
        0.014507369138300419,
        0.01424339134246111,
        0.013856302946805954,
        0.014077969826757908,
        0.013541887514293194,
        0.013053582049906254,
        0.012876763008534908,
        0.012619638815522194,
        0.012527486309409142,
        0.012558069080114365,
        0.0125912856310606,
        0.012535360641777515,
        0.012483726255595684,
        0.012524989433586597,
        0.012430925853550434,
        0.012287610210478306,
        0.012343388982117176,
        0.012587645091116428,
        0.01255741249769926,
        0.012365586124360561,
        0.012299943715333939,
        0.0125992177054286,
        0.012999447993934155,
        0.013542099855840206,
        0.014281732961535454,
        0.01468923594802618,
        0.014425481669604778,
        0.014432731084525585,
        0.01491793803870678,
        0.01579432748258114,
        0.015784747898578644,
        0.015538115054368973,
        0.01518632099032402
    ]
}