{
    "timestamp": "20250509_115854",
    "config": {
        "m": 1.0,
        "c": 0.1,
        "k": 5.0,
        "force_type": "none",
        "amplitude": 1.0,
        "freq": 1.0,
        "random_seed": 42,
        "x0": 1.0,
        "v0": 0.0,
        "t_max": 10.0,
        "dt": 0.02,
        "noise_std": 0.05
    },
    "true_parameters": [
        1.0,
        0.1,
        5.0
    ],
    "estimated_parameters": [
        0.9538730463019178,
        0.12213467884023936,
        2.1399018566338164
    ],
    "parameter_errors": [
        4.612695369808217,
        22.134678840239356,
        57.20196286732367
    ],
    "force_rmse": 0.7634832997781669,
    "confidence_score": 0.9,
    "estimation_status": "high_confidence",
    "symbolic_formula": "([0.106380937912446*x_1 + 0.00898416231086947*x_2 + 0.933654463382752*x_3 - 0.00810717406248848], [x_1, x_2, x_3])"
}