{
    "epoch": [
        0,
        1,
        2,
        3,
        4,
        5,
        6,
        7,
        8,
        9,
        10,
        11,
        12,
        13,
        14,
        15,
        16,
        17,
        18,
        19,
        20,
        21,
        22,
        23,
        24,
        25,
        26,
        27,
        28,
        29,
        30,
        31,
        32,
        33,
        34,
        35,
        36,
        37,
        38,
        39,
        40,
        41,
        42,
        43,
        44,
        45,
        46,
        47,
        48,
        49,
        50,
        51,
        52,
        53,
        54,
        55,
        56,
        57,
        58,
        59,
        60,
        61,
        62,
        63,
        64,
        65,
        66,
        67,
        68,
        69,
        70,
        71,
        72,
        73,
        74,
        75,
        76,
        77,
        78,
        79,
        80,
        81,
        82,
        83,
        84,
        85,
        86,
        87,
        88,
        89,
        90,
        91,
        92,
        93,
        94,
        95,
        96,
        97,
        98,
        99
    ],
    "train_loss": [
        0.0326094776391983,
        0.017948651686310768,
        0.01693890616297722,
        0.017742455005645752,
        0.010819722898304462,
        0.011122498661279678,
        0.012082613073289394,
        0.012124331668019295,
        0.013089816085994244,
        0.013831101357936859,
        0.013748140074312687,
        0.01258059311658144,
        0.010854610241949558,
        0.010853689163923264,
        0.010793554596602917,
        0.01084230002015829,
        0.010763258673250675,
        0.01073847059160471,
        0.010719292797148228,
        0.010723816230893135,
        0.010716790333390236,
        0.01070717629045248,
        0.01063839066773653,
        0.010595965199172497,
        0.010563465766608715,
        0.010552452877163887,
        0.010539819486439228,
        0.010535678826272488,
        0.010450121015310287,
        0.010413520969450474,
        0.010367725044488907,
        0.010356707498431206,
        0.010351588018238544,
        0.01035880297422409,
        0.010379781946539879,
        0.01041707955300808,
        0.010476098395884037,
        0.010491281747817993,
        0.010540708899497986,
        0.010299542918801308,
        0.010098729282617569,
        0.009895684197545052,
        0.009904185310006142,
        0.00974922813475132,
        0.009577326476573944,
        0.009524071589112282,
        0.009471684694290161,
        0.009449676610529423,
        0.009465495124459267,
        0.009535039775073528,
        0.009576206095516682,
        0.009707278572022915,
        0.009764380753040314,
        0.00964459776878357,
        0.00959265511482954,
        0.009515000507235527,
        0.009441847912967205,
        0.009405135177075863,
        0.009336590766906738,
        0.009317745454609394,
        0.009312665089964867,
        0.009422123432159424,
        0.00947833526879549,
        0.009486080147325993,
        0.009508809074759483,
        0.009430848993360996,
        0.009374360553920269,
        0.00931757502257824,
        0.009287291206419468,
        0.009233281016349792,
        0.009218081831932068,
        0.009184843860566616,
        0.009183062240481377,
        0.009192507714033127,
        0.00919428188353777,
        0.009193632751703262,
        0.00926189124584198,
        0.00921033788472414,
        0.009018068201839924,
        0.008959871716797352,
        0.00888326857239008,
        0.008780757896602154,
        0.008748950436711311,
        0.008778968825936317,
        0.008678216487169266,
        0.008529037237167358,
        0.008427359163761139,
        0.008274279534816742,
        0.008206875994801521,
        0.008063563145697117,
        0.008091406896710396,
        0.00804964080452919,
        0.007939117029309273,
        0.00786882359534502,
        0.00784272700548172,
        0.007664418313652277,
        0.0074575007893145084,
        0.007592636626213789,
        0.007632964290678501,
        0.0075628431513905525
    ]
}