{
    "epoch": [
        0,
        1,
        2,
        3,
        4,
        5,
        6,
        7,
        8,
        9,
        10,
        11,
        12,
        13,
        14,
        15,
        16,
        17,
        18,
        19,
        20,
        21,
        22,
        23,
        24,
        25,
        26,
        27,
        28,
        29,
        30,
        31,
        32,
        33,
        34,
        35,
        36,
        37,
        38,
        39,
        40,
        41,
        42,
        43,
        44,
        45,
        46,
        47,
        48,
        49,
        50,
        51,
        52,
        53,
        54,
        55,
        56,
        57,
        58,
        59,
        60,
        61,
        62,
        63,
        64,
        65,
        66,
        67,
        68,
        69,
        70,
        71,
        72,
        73,
        74,
        75,
        76,
        77,
        78,
        79,
        80,
        81,
        82,
        83,
        84,
        85,
        86,
        87,
        88,
        89,
        90,
        91,
        92,
        93,
        94,
        95,
        96,
        97,
        98,
        99
    ],
    "train_loss": [
        0.033493977040052414,
        0.020993858575820923,
        0.011450910940766335,
        0.01041765883564949,
        0.009748050943017006,
        0.008975050412118435,
        0.00877152569591999,
        0.008166899904608727,
        0.007852253504097462,
        0.008267286233603954,
        0.008505073375999928,
        0.008271876722574234,
        0.008258524350821972,
        0.007891564629971981,
        0.008330955170094967,
        0.008210442028939724,
        0.007938043214380741,
        0.011463879607617855,
        0.013293201103806496,
        0.01701965183019638,
        0.019497625529766083,
        0.01748877577483654,
        0.016345234587788582,
        0.014893277548253536,
        0.013599689118564129,
        0.013158677145838737,
        0.013746066950261593,
        0.013656836934387684,
        0.016003724187612534,
        0.015271595679223537,
        0.014089448377490044,
        0.01335438434034586,
        0.013688914477825165,
        0.014036989770829678,
        0.014503995887935162,
        0.01481972262263298,
        0.015588091686367989,
        0.015987319871783257,
        0.016075046733021736,
        0.016333695501089096,
        0.016300568357110023,
        0.01635788567364216,
        0.016299325972795486,
        0.01617048867046833,
        0.0159282386302948,
        0.01585386134684086,
        0.01573634333908558,
        0.015426487661898136,
        0.015009457245469093,
        0.014592409133911133,
        0.014333564788103104,
        0.013720573857426643,
        0.013379454612731934,
        0.013076519593596458,
        0.012911544181406498,
        0.012799757532775402,
        0.012646257877349854,
        0.012565864250063896,
        0.01247729454189539,
        0.012372449040412903,
        0.012293444015085697,
        0.012259460985660553,
        0.012135585770010948,
        0.012049664743244648,
        0.011997322551906109,
        0.011910396628081799,
        0.011828307993710041,
        0.011705396696925163,
        0.011635513976216316,
        0.011530227959156036,
        0.011470387689769268,
        0.011417021043598652,
        0.0114009203389287,
        0.011353416368365288,
        0.011221055872738361,
        0.010954995639622211,
        0.010734893381595612,
        0.010610745288431644,
        0.010470915585756302,
        0.01036766916513443,
        0.010232563130557537,
        0.010105699300765991,
        0.009956884197890759,
        0.009831869974732399,
        0.00974755547940731,
        0.009695501998066902,
        0.00957540050148964,
        0.009474636055529118,
        0.009413621388375759,
        0.009389837272465229,
        0.009356523863971233,
        0.00933268666267395,
        0.009304485283792019,
        0.00927911326289177,
        0.009287221357226372,
        0.009289566427469254,
        0.009283202700316906,
        0.00919528678059578,
        0.009014595299959183,
        0.008915319107472897
    ]
}