{
    "epoch": [
        0,
        1,
        2,
        3,
        4,
        5,
        6,
        7,
        8,
        9,
        10,
        11,
        12,
        13,
        14,
        15,
        16,
        17,
        18,
        19,
        20,
        21,
        22,
        23,
        24,
        25,
        26,
        27,
        28,
        29,
        30,
        31,
        32,
        33,
        34,
        35,
        36,
        37,
        38,
        39,
        40,
        41,
        42,
        43,
        44,
        45,
        46,
        47,
        48,
        49,
        50,
        51,
        52,
        53,
        54,
        55,
        56,
        57,
        58,
        59,
        60,
        61,
        62,
        63,
        64,
        65,
        66,
        67,
        68,
        69,
        70,
        71,
        72,
        73,
        74,
        75,
        76,
        77,
        78,
        79,
        80,
        81,
        82,
        83,
        84,
        85,
        86,
        87,
        88,
        89,
        90,
        91,
        92,
        93,
        94,
        95,
        96,
        97,
        98,
        99
    ],
    "train_loss": [
        0.08825704455375671,
        0.03494863584637642,
        0.024465342983603477,
        0.021559778600931168,
        0.018908100202679634,
        0.06317917257547379,
        0.04108842462301254,
        0.03170687332749367,
        0.025401486083865166,
        0.02071596495807171,
        0.025834959000349045,
        0.01992528699338436,
        0.01814105361700058,
        0.016082927584648132,
        0.014293622225522995,
        0.020209118723869324,
        0.016359925270080566,
        0.017027035355567932,
        0.015708860009908676,
        0.01398228295147419,
        0.021110059693455696,
        0.01759440451860428,
        0.014796879142522812,
        0.0147745031863451,
        0.014546283520758152,
        0.015010334551334381,
        0.013354930095374584,
        0.011597422882914543,
        0.01177900843322277,
        0.011896418407559395,
        0.01314082182943821,
        0.012796245515346527,
        0.013782056048512459,
        0.013344100676476955,
        0.012393362820148468,
        0.013329797424376011,
        0.011861222796142101,
        0.012346464209258556,
        0.014252644032239914,
        0.014257492497563362,
        0.016221685335040092,
        0.013486056588590145,
        0.014222241938114166,
        0.011502455919981003,
        0.010148687288165092,
        0.01753382198512554,
        0.013584816828370094,
        0.01242765225470066,
        0.011854762211441994,
        0.011588320136070251,
        0.011972226202487946,
        0.01204612385481596,
        0.011347093619406223,
        0.0114960428327322,
        0.010763760656118393,
        0.011059310287237167,
        0.010783311910927296,
        0.01075978484004736,
        0.010056257247924805,
        0.009899357333779335,
        0.010178434662520885,
        0.011447533033788204,
        0.012807252816855907,
        0.011960105039179325,
        0.010450197383761406,
        0.01088364515453577,
        0.010170349851250648,
        0.010736517608165741,
        0.010197988711297512,
        0.010844013653695583,
        0.013004905544221401,
        0.014415630139410496,
        0.013366281054913998,
        0.012343594804406166,
        0.012463981285691261,
        0.01270438265055418,
        0.012814105488359928,
        0.012380743399262428,
        0.011511549353599548,
        0.01187082752585411,
        0.01104748249053955,
        0.010918387211859226,
        0.012239369563758373,
        0.01163470558822155,
        0.011627512983977795,
        0.012133223004639149,
        0.011597470380365849,
        0.012168006040155888,
        0.012485095299780369,
        0.012121610343456268,
        0.013331953436136246,
        0.013275614939630032,
        0.013779510743916035,
        0.014153353869915009,
        0.013281705789268017,
        0.013731754384934902,
        0.013286436907947063,
        0.013017349876463413,
        0.013649730011820793,
        0.014263351447880268
    ]
}