{
    "epoch": [
        0,
        1,
        2,
        3,
        4,
        5,
        6,
        7,
        8,
        9,
        10,
        11,
        12,
        13,
        14,
        15,
        16,
        17,
        18,
        19,
        20,
        21,
        22,
        23,
        24,
        25,
        26,
        27,
        28,
        29,
        30,
        31,
        32,
        33,
        34,
        35,
        36,
        37,
        38,
        39,
        40,
        41,
        42,
        43,
        44,
        45,
        46,
        47,
        48,
        49,
        50,
        51,
        52,
        53,
        54,
        55,
        56,
        57,
        58,
        59,
        60,
        61,
        62,
        63,
        64,
        65,
        66,
        67,
        68,
        69,
        70,
        71,
        72,
        73,
        74,
        75,
        76,
        77,
        78,
        79,
        80,
        81,
        82,
        83,
        84,
        85,
        86,
        87,
        88,
        89,
        90,
        91,
        92,
        93,
        94,
        95,
        96,
        97,
        98,
        99
    ],
    "train_loss": [
        0.019734663888812065,
        0.011640556156635284,
        0.012429069727659225,
        0.00692760432139039,
        0.011846055276691914,
        0.009479065425693989,
        0.007877216674387455,
        0.005916078574955463,
        0.005507027264684439,
        0.005721627734601498,
        0.005703844130039215,
        0.005812305491417646,
        0.005685682408511639,
        0.005700242705643177,
        0.005767365917563438,
        0.0056414189748466015,
        0.005473877303302288,
        0.005703886970877647,
        0.005816532764583826,
        0.005710838362574577,
        0.005475015379488468,
        0.005699440371245146,
        0.005766941234469414,
        0.005330332089215517,
        0.0056740716099739075,
        0.004948590416461229,
        0.005383300129324198,
        0.004683437757194042,
        0.004579687956720591,
        0.004652469884604216,
        0.0037012894172221422,
        0.00366758625023067,
        0.0038473026361316442,
        0.003884426085278392,
        0.0037862735334783792,
        0.0038440588396042585,
        0.004385302774608135,
        0.004984668921679258,
        0.005114108324050903,
        0.0053339009173214436,
        0.005256043281406164,
        0.0055325692519545555,
        0.0052804844453930855,
        0.005367159843444824,
        0.005662841256707907,
        0.005544667597860098,
        0.0052192676812410355,
        0.0051735094748437405,
        0.005072019994258881,
        0.005057224538177252,
        0.005097261164337397,
        0.005473260767757893,
        0.005582883954048157,
        0.005841829814016819,
        0.0065298075787723064,
        0.007117524277418852,
        0.007056111004203558,
        0.006986996624618769,
        0.006940857507288456,
        0.006804487202316523,
        0.006736055016517639,
        0.006517651490867138,
        0.006388131063431501,
        0.006370739545673132,
        0.006472895387560129,
        0.006457845214754343,
        0.006203521508723497,
        0.006133006885647774,
        0.006158197298645973,
        0.005987522192299366,
        0.005927714053541422,
        0.005913327913731337,
        0.0058892820961773396,
        0.0057769459672272205,
        0.005544670857489109,
        0.005392220802605152,
        0.004945092368870974,
        0.0050581758841872215,
        0.004938216879963875,
        0.0048143560998141766,
        0.004691540263593197,
        0.004941868595778942,
        0.005298170261085033,
        0.0048642284236848354,
        0.004790944047272205,
        0.004278226755559444,
        0.004149987827986479,
        0.004031376913189888,
        0.00398318562656641,
        0.003977204207330942,
        0.00404469994828105,
        0.0040066842921078205,
        0.0040220157243311405,
        0.004093875642865896,
        0.004092856775969267,
        0.0041313162073493,
        0.004125483334064484,
        0.004113577771931887,
        0.004079022910445929,
        0.004047515336424112
    ]
}