{
    "epoch": [
        0,
        1,
        2,
        3,
        4,
        5,
        6,
        7,
        8,
        9,
        10,
        11,
        12,
        13,
        14,
        15,
        16,
        17,
        18,
        19,
        20,
        21,
        22,
        23,
        24,
        25,
        26,
        27,
        28,
        29,
        30,
        31,
        32,
        33,
        34,
        35,
        36,
        37,
        38,
        39,
        40,
        41,
        42,
        43,
        44,
        45,
        46,
        47,
        48,
        49,
        50,
        51,
        52,
        53,
        54,
        55,
        56,
        57,
        58,
        59,
        60,
        61,
        62,
        63,
        64,
        65,
        66,
        67,
        68,
        69,
        70,
        71,
        72,
        73,
        74,
        75,
        76,
        77,
        78,
        79,
        80,
        81,
        82,
        83,
        84,
        85,
        86,
        87,
        88,
        89,
        90,
        91,
        92,
        93,
        94,
        95,
        96,
        97,
        98,
        99
    ],
    "train_loss": [
        0.4990183711051941,
        0.2407298982143402,
        0.17568430304527283,
        0.1306852549314499,
        0.10875915735960007,
        0.13564887642860413,
        0.10877589136362076,
        0.09328294545412064,
        0.08346392959356308,
        0.07540585100650787,
        0.07293518632650375,
        0.06734074652194977,
        0.061515163630247116,
        0.05617937818169594,
        0.050872597843408585,
        0.049917567521333694,
        0.04552057385444641,
        0.04128286987543106,
        0.03783535584807396,
        0.035372111946344376,
        0.035565685480833054,
        0.03321217745542526,
        0.03178127855062485,
        0.030757881700992584,
        0.029571859166026115,
        0.03001193143427372,
        0.028107520192861557,
        0.027202477678656578,
        0.02650301903486252,
        0.02538638561964035,
        0.026252318173646927,
        0.024983204901218414,
        0.024257369339466095,
        0.023901579901576042,
        0.02392534166574478,
        0.02449251525104046,
        0.02390505187213421,
        0.02378103882074356,
        0.02361963875591755,
        0.023501725867390633,
        0.027278410270810127,
        0.024052081629633904,
        0.022988127544522285,
        0.02195100300014019,
        0.021275972947478294,
        0.023375000804662704,
        0.021048082038760185,
        0.020232155919075012,
        0.01982567273080349,
        0.019645139575004578,
        0.019512662664055824,
        0.019178107380867004,
        0.018686071038246155,
        0.01848270371556282,
        0.01849178597331047,
        0.018779419362545013,
        0.019038446247577667,
        0.019178856164216995,
        0.01870672032237053,
        0.018314599990844727,
        0.018237797543406487,
        0.018414370715618134,
        0.017857259139418602,
        0.017150908708572388,
        0.016698073595762253,
        0.016502611339092255,
        0.01655336655676365,
        0.016581188887357712,
        0.01667318120598793,
        0.017066719010472298,
        0.01713014766573906,
        0.01743759587407112,
        0.01739596389234066,
        0.016999397426843643,
        0.01698196306824684,
        0.016934294253587723,
        0.016164615750312805,
        0.015625,
        0.01547274924814701,
        0.015437853522598743,
        0.015682147815823555,
        0.015358305536210537,
        0.015266225673258305,
        0.015214257873594761,
        0.014900020323693752,
        0.014658909291028976,
        0.014753839001059532,
        0.014711924828588963,
        0.015110178850591183,
        0.014724507927894592,
        0.015199498273432255,
        0.015472255647182465,
        0.015767794102430344,
        0.016240764409303665,
        0.015949798747897148,
        0.015333548188209534,
        0.015622791834175587,
        0.015081950463354588,
        0.014545842073857784,
        0.013975776731967926
    ]
}