{
    "epoch": [
        0,
        1,
        2,
        3,
        4,
        5,
        6,
        7,
        8,
        9,
        10,
        11,
        12,
        13,
        14,
        15,
        16,
        17,
        18,
        19,
        20,
        21,
        22,
        23,
        24,
        25,
        26,
        27,
        28,
        29,
        30,
        31,
        32,
        33,
        34,
        35,
        36,
        37,
        38,
        39,
        40,
        41,
        42,
        43,
        44,
        45,
        46,
        47,
        48,
        49,
        50,
        51,
        52,
        53,
        54,
        55,
        56,
        57,
        58,
        59,
        60,
        61,
        62,
        63,
        64,
        65,
        66,
        67,
        68,
        69,
        70,
        71,
        72,
        73,
        74,
        75,
        76,
        77,
        78,
        79,
        80,
        81,
        82,
        83,
        84,
        85,
        86,
        87,
        88,
        89,
        90,
        91,
        92,
        93,
        94,
        95,
        96,
        97,
        98,
        99
    ],
    "train_loss": [
        0.1721809208393097,
        0.09510218352079391,
        0.06349299848079681,
        0.04172476381063461,
        0.031742192804813385,
        0.027158258482813835,
        0.02280157245695591,
        0.020279536023736,
        0.021417047828435898,
        0.018475180491805077,
        0.014630059711635113,
        0.013597703538835049,
        0.012352650985121727,
        0.012545430101454258,
        0.012484082952141762,
        0.009952628053724766,
        0.008057357743382454,
        0.007216248195618391,
        0.007717434782534838,
        0.0077812885865569115,
        0.00672161253169179,
        0.006436217110604048,
        0.006231310777366161,
        0.006615242455154657,
        0.006494217552244663,
        0.006392414215952158,
        0.006355097983032465,
        0.006460387259721756,
        0.006279865279793739,
        0.00631456496194005,
        0.006277966313064098,
        0.006210207473486662,
        0.006113486830145121,
        0.006283727008849382,
        0.006508994847536087,
        0.006534754764288664,
        0.006758545059710741,
        0.00661114975810051,
        0.006785018835216761,
        0.006769351661205292,
        0.006792364176362753,
        0.006608224008232355,
        0.0064724828116595745,
        0.006403542589396238,
        0.006208059843629599,
        0.006229028571397066,
        0.00610921997576952,
        0.006057422142475843,
        0.005999340210109949,
        0.006099172402173281,
        0.006159852258861065,
        0.006232670973986387,
        0.006053302437067032,
        0.005741187836974859,
        0.005417171400040388,
        0.005474525038152933,
        0.005391922313719988,
        0.0057114302180707455,
        0.005798621568828821,
        0.006013034377247095,
        0.006160535383969545,
        0.0064906952902674675,
        0.006454830523580313,
        0.006282033398747444,
        0.006102617830038071,
        0.00597379682585597,
        0.006202313117682934,
        0.006541718263179064,
        0.0069088805466890335,
        0.0069822389632463455,
        0.0071717845275998116,
        0.007410396356135607,
        0.007670945953577757,
        0.007599714212119579,
        0.0077190762385725975,
        0.007795087993144989,
        0.007823756895959377,
        0.007830461487174034,
        0.007732213009148836,
        0.007664029952138662,
        0.0075911907479166985,
        0.0074820565059781075,
        0.007402083370834589,
        0.007247481495141983,
        0.007111972197890282,
        0.006988181732594967,
        0.006861343514174223,
        0.0067970035597682,
        0.006758575327694416,
        0.006721793673932552,
        0.006677007768303156,
        0.0066667888313531876,
        0.006636204198002815,
        0.006633543409407139,
        0.006604542024433613,
        0.006562906317412853,
        0.006516596768051386,
        0.0065072099678218365,
        0.0065187495201826096,
        0.006456677336245775
    ]
}