{
    "epoch": [
        0,
        1,
        2,
        3,
        4,
        5,
        6,
        7,
        8,
        9,
        10,
        11,
        12,
        13,
        14,
        15,
        16,
        17,
        18,
        19,
        20,
        21,
        22,
        23,
        24,
        25,
        26,
        27,
        28,
        29,
        30,
        31,
        32,
        33,
        34,
        35,
        36,
        37,
        38,
        39,
        40,
        41,
        42,
        43,
        44,
        45,
        46,
        47,
        48,
        49,
        50,
        51,
        52,
        53,
        54,
        55,
        56,
        57,
        58,
        59,
        60,
        61,
        62,
        63,
        64,
        65,
        66,
        67,
        68,
        69,
        70,
        71,
        72,
        73,
        74,
        75,
        76,
        77,
        78,
        79,
        80,
        81,
        82,
        83,
        84,
        85,
        86,
        87,
        88,
        89,
        90,
        91,
        92,
        93,
        94,
        95,
        96,
        97,
        98,
        99
    ],
    "train_loss": [
        0.06711402535438538,
        0.024310888722538948,
        0.01717512123286724,
        0.018677596002817154,
        0.015509538352489471,
        0.013770617544651031,
        0.012181606143712997,
        0.011332591995596886,
        0.011072631925344467,
        0.010174823924899101,
        0.010176126845180988,
        0.00998072698712349,
        0.010249094106256962,
        0.010277130641043186,
        0.012002252973616123,
        0.010693645104765892,
        0.010317623615264893,
        0.010904482565820217,
        0.010538535192608833,
        0.010432485491037369,
        0.010778388939797878,
        0.010917635634541512,
        0.010843593627214432,
        0.011356632225215435,
        0.01137429941445589,
        0.011505495756864548,
        0.01127589400857687,
        0.011204690672457218,
        0.011231481097638607,
        0.01140651386231184,
        0.011672182008624077,
        0.011832889169454575,
        0.011692095547914505,
        0.011702111922204494,
        0.011771910823881626,
        0.011834980919957161,
        0.011846905574202538,
        0.01190209574997425,
        0.012003964744508266,
        0.01222457829862833,
        0.012331183068454266,
        0.012415437959134579,
        0.012330401688814163,
        0.012345559895038605,
        0.012340690940618515,
        0.012300677597522736,
        0.012269530445337296,
        0.012150313705205917,
        0.01201955508440733,
        0.011562644504010677,
        0.011218573898077011,
        0.010996641591191292,
        0.01090326439589262,
        0.010913662612438202,
        0.010921420529484749,
        0.010913817211985588,
        0.010885952040553093,
        0.01084247138351202,
        0.010771249420940876,
        0.010758502408862114,
        0.01077031996101141,
        0.010766948573291302,
        0.010749831795692444,
        0.010749831795692444,
        0.010749831795692444,
        0.010749831795692444,
        0.010749831795692444,
        0.010750414803624153,
        0.010751906782388687,
        0.01075547095388174,
        0.010755052790045738,
        0.010754409246146679,
        0.010753528214991093,
        0.010753528214991093,
        0.01075188722461462,
        0.010748793371021748,
        0.010740012861788273,
        0.010730147361755371,
        0.01071274932473898,
        0.010708256624639034,
        0.01069799903780222,
        0.010666627436876297,
        0.010654928162693977,
        0.01063560601323843,
        0.010627362877130508,
        0.01062786765396595,
        0.01062603946775198,
        0.010605504736304283,
        0.010555981658399105,
        0.01051621325314045,
        0.010465350933372974,
        0.01041352842003107,
        0.0103731295093894,
        0.010302231647074223,
        0.010240131057798862,
        0.010178253054618835,
        0.01014470960944891,
        0.010107136331498623,
        0.01009268406778574,
        0.010074085555970669
    ]
}