{
    "epoch": [
        0,
        1,
        2,
        3,
        4,
        5,
        6,
        7,
        8,
        9,
        10,
        11,
        12,
        13,
        14,
        15,
        16,
        17,
        18,
        19,
        20,
        21,
        22,
        23,
        24,
        25,
        26,
        27,
        28,
        29,
        30,
        31,
        32,
        33,
        34,
        35,
        36,
        37,
        38,
        39,
        40,
        41,
        42,
        43,
        44,
        45,
        46,
        47,
        48,
        49,
        50,
        51,
        52,
        53,
        54,
        55,
        56,
        57,
        58,
        59,
        60,
        61,
        62,
        63,
        64,
        65,
        66,
        67,
        68,
        69,
        70,
        71,
        72,
        73,
        74,
        75,
        76,
        77,
        78,
        79,
        80,
        81,
        82,
        83,
        84,
        85,
        86,
        87,
        88,
        89,
        90,
        91,
        92,
        93,
        94,
        95,
        96,
        97,
        98,
        99
    ],
    "train_loss": [
        0.06349479407072067,
        0.025320906192064285,
        0.014148959890007973,
        0.012841806747019291,
        0.020138345658779144,
        0.027687115594744682,
        0.013648518361151218,
        0.0136554054915905,
        0.012289485894143581,
        0.013208892196416855,
        0.01209903135895729,
        0.012319344095885754,
        0.012221043929457664,
        0.012167234905064106,
        0.01163538359105587,
        0.010972638614475727,
        0.010935434140264988,
        0.01078170444816351,
        0.010639379732310772,
        0.01057558786123991,
        0.010563437826931477,
        0.01073597464710474,
        0.010921796783804893,
        0.011012437753379345,
        0.011243434622883797,
        0.01169710885733366,
        0.01255122758448124,
        0.014715046621859074,
        0.016012508422136307,
        0.016157910227775574,
        0.01842149905860424,
        0.01918783038854599,
        0.020752932876348495,
        0.02374628372490406,
        0.024341704323887825,
        0.022336266934871674,
        0.018493426963686943,
        0.017386246472597122,
        0.01643426902592182,
        0.015556544065475464,
        0.015501109883189201,
        0.015428961254656315,
        0.01532468106597662,
        0.015077084302902222,
        0.014489118941128254,
        0.014421827159821987,
        0.014388828538358212,
        0.014378744177520275,
        0.014303565956652164,
        0.014198984019458294,
        0.013636866584420204,
        0.013068313710391521,
        0.012758271768689156,
        0.012379378080368042,
        0.011987937614321709,
        0.011707311496138573,
        0.01142219640314579,
        0.011396538466215134,
        0.011436214670538902,
        0.011314724572002888,
        0.011128026060760021,
        0.01110673788934946,
        0.011133762076497078,
        0.01110157836228609,
        0.011040653102099895,
        0.01101730577647686,
        0.011038092896342278,
        0.011043554171919823,
        0.01100056990981102,
        0.01095852255821228,
        0.010878697037696838,
        0.01074078306555748,
        0.010708868503570557,
        0.010657958686351776,
        0.010606086812913418,
        0.010585008189082146,
        0.010534241795539856,
        0.010493887588381767,
        0.010342719964683056,
        0.010334385558962822,
        0.010334385558962822,
        0.010302276350557804,
        0.01024401281028986,
        0.010191036388278008,
        0.010149040259420872,
        0.010103221982717514,
        0.010087329894304276,
        0.010110217146575451,
        0.010132988914847374,
        0.010153647512197495,
        0.01017010398209095,
        0.010143648833036423,
        0.010113531723618507,
        0.010126881301403046,
        0.010150481946766376,
        0.010224668309092522,
        0.01034962385892868,
        0.010392255149781704,
        0.01033044047653675,
        0.01022766251116991
    ]
}