{
    "epoch": [
        0,
        1,
        2,
        3,
        4,
        5,
        6,
        7,
        8,
        9,
        10,
        11,
        12,
        13,
        14,
        15,
        16,
        17,
        18,
        19,
        20,
        21,
        22,
        23,
        24,
        25,
        26,
        27,
        28,
        29,
        30,
        31,
        32,
        33,
        34,
        35,
        36,
        37,
        38,
        39,
        40,
        41,
        42,
        43,
        44,
        45,
        46,
        47,
        48,
        49,
        50,
        51,
        52,
        53,
        54,
        55,
        56,
        57,
        58,
        59,
        60,
        61,
        62,
        63,
        64,
        65,
        66,
        67,
        68,
        69,
        70,
        71,
        72,
        73,
        74,
        75,
        76,
        77,
        78,
        79,
        80,
        81,
        82,
        83,
        84,
        85,
        86,
        87,
        88,
        89,
        90,
        91,
        92,
        93,
        94,
        95,
        96,
        97,
        98,
        99
    ],
    "train_loss": [
        0.3053055703639984,
        0.16563458740711212,
        0.11603554338216782,
        0.09261596947908401,
        0.07661125808954239,
        0.13997457921504974,
        0.0773165300488472,
        0.05506310239434242,
        0.0440545454621315,
        0.03723892569541931,
        0.03751051053404808,
        0.032712485641241074,
        0.03317715972661972,
        0.03270003944635391,
        0.031467847526073456,
        0.030251530930399895,
        0.02769283950328827,
        0.026097431778907776,
        0.025757718831300735,
        0.023541554808616638,
        0.02394205518066883,
        0.02233860269188881,
        0.020225360989570618,
        0.021536365151405334,
        0.022517217323184013,
        0.02227100543677807,
        0.02088889852166176,
        0.02019377425312996,
        0.018925998359918594,
        0.018226847052574158,
        0.01925045996904373,
        0.017674077302217484,
        0.016941871494054794,
        0.016248706728219986,
        0.01619308814406395,
        0.017692802473902702,
        0.017041394487023354,
        0.016501516103744507,
        0.016366489231586456,
        0.016115989536046982,
        0.01811949908733368,
        0.016844801604747772,
        0.01583731919527054,
        0.015039435587823391,
        0.014844175428152084,
        0.016738368198275566,
        0.01568780094385147,
        0.014721686020493507,
        0.014808563515543938,
        0.01505871769040823,
        0.01491518598049879,
        0.015120085328817368,
        0.015361248515546322,
        0.015015891753137112,
        0.015252848155796528,
        0.01507556065917015,
        0.01533430628478527,
        0.014717010781168938,
        0.014533467590808868,
        0.01458972692489624,
        0.014987192116677761,
        0.01461570244282484,
        0.014511858113110065,
        0.014799396507441998,
        0.014856042340397835,
        0.01493279542773962,
        0.014422355219721794,
        0.014391852542757988,
        0.014192232862114906,
        0.014317110180854797,
        0.014332270249724388,
        0.014160649850964546,
        0.014164198189973831,
        0.01408424787223339,
        0.014048329554498196,
        0.013825476169586182,
        0.013746649026870728,
        0.013791622593998909,
        0.013750860467553139,
        0.013560126535594463,
        0.013374648056924343,
        0.013418855145573616,
        0.013242472894489765,
        0.01341642253100872,
        0.013387065380811691,
        0.013433638960123062,
        0.013040085323154926,
        0.013016147539019585,
        0.012918129563331604,
        0.013242361135780811,
        0.013231124728918076,
        0.01330611016601324,
        0.013212945312261581,
        0.01328072976320982,
        0.013149484060704708,
        0.013054398819804192,
        0.013087109662592411,
        0.012932387180626392,
        0.012683977372944355,
        0.012390144169330597
    ]
}