{
    "epoch": [
        0,
        1,
        2,
        3,
        4,
        5,
        6,
        7,
        8,
        9,
        10,
        11,
        12,
        13,
        14,
        15,
        16,
        17,
        18,
        19,
        20,
        21,
        22,
        23,
        24,
        25,
        26,
        27,
        28,
        29,
        30,
        31,
        32,
        33,
        34,
        35,
        36,
        37,
        38,
        39,
        40,
        41,
        42,
        43,
        44,
        45,
        46,
        47,
        48,
        49,
        50,
        51,
        52,
        53,
        54,
        55,
        56,
        57,
        58,
        59,
        60,
        61,
        62,
        63,
        64,
        65,
        66,
        67,
        68,
        69,
        70,
        71,
        72,
        73,
        74,
        75,
        76,
        77,
        78,
        79,
        80,
        81,
        82,
        83,
        84,
        85,
        86,
        87,
        88,
        89,
        90,
        91,
        92,
        93,
        94,
        95,
        96,
        97,
        98,
        99
    ],
    "train_loss": [
        0.03190276771783829,
        0.016717083752155304,
        0.015582921914756298,
        0.013635117560625076,
        0.012466240674257278,
        0.012156070210039616,
        0.012180845253169537,
        0.012010829523205757,
        0.011561314575374126,
        0.011383133940398693,
        0.011313543654978275,
        0.011272553354501724,
        0.011292180977761745,
        0.010780248790979385,
        0.010633552446961403,
        0.010722930543124676,
        0.010798607021570206,
        0.01088020671159029,
        0.010996195487678051,
        0.010940048843622208,
        0.010785010643303394,
        0.010728058405220509,
        0.010691552422940731,
        0.010677163489162922,
        0.010658505372703075,
        0.010604924522340298,
        0.010691088624298573,
        0.01071732584387064,
        0.010677282698452473,
        0.010647711344063282,
        0.010609944351017475,
        0.010484553873538971,
        0.01050532516092062,
        0.010602363385260105,
        0.01066875271499157,
        0.010666253976523876,
        0.01068043801933527,
        0.01067887619137764,
        0.010700064711272717,
        0.01070704497396946,
        0.010649405419826508,
        0.010601004585623741,
        0.010525895282626152,
        0.010502059943974018,
        0.01047087088227272,
        0.01048298180103302,
        0.010467208921909332,
        0.01045073103159666,
        0.010443630628287792,
        0.010442391969263554,
        0.010434829629957676,
        0.01043134555220604,
        0.010431649163365364,
        0.010436378419399261,
        0.010445062071084976,
        0.010461796075105667,
        0.010493520647287369,
        0.010496796108782291,
        0.010493887588381767,
        0.010493012145161629,
        0.010492558591067791,
        0.010489813052117825,
        0.010475736111402512,
        0.010453076101839542,
        0.010420167818665504,
        0.010394299402832985,
        0.010389239527285099,
        0.010384880937635899,
        0.01038387045264244,
        0.010387429967522621,
        0.010395478457212448,
        0.010393387638032436,
        0.010395164601504803,
        0.01039937138557434,
        0.01040760986506939,
        0.0104126688092947,
        0.010372670367360115,
        0.010337194427847862,
        0.010200263001024723,
        0.01010720431804657,
        0.010085860267281532,
        0.010058856569230556,
        0.010038131847977638,
        0.01003078743815422,
        0.01001522783190012,
        0.010035729967057705,
        0.010048992931842804,
        0.010048063471913338,
        0.010016867890954018,
        0.00999324768781662,
        0.00994705781340599,
        0.00993502326309681,
        0.009921281598508358,
        0.00988034252077341,
        0.009877888485789299,
        0.0098775215446949,
        0.009877847507596016,
        0.009879703633487225,
        0.009885917417705059,
        0.009898115880787373
    ]
}