{
    "epoch": [
        0,
        1,
        2,
        3,
        4,
        5,
        6,
        7,
        8,
        9,
        10,
        11,
        12,
        13,
        14,
        15,
        16,
        17,
        18,
        19,
        20,
        21,
        22,
        23,
        24,
        25,
        26,
        27,
        28,
        29,
        30,
        31,
        32,
        33,
        34,
        35,
        36,
        37,
        38,
        39,
        40,
        41,
        42,
        43,
        44,
        45,
        46,
        47,
        48,
        49,
        50,
        51,
        52,
        53,
        54,
        55,
        56,
        57,
        58,
        59,
        60,
        61,
        62,
        63,
        64,
        65,
        66,
        67,
        68,
        69,
        70,
        71,
        72,
        73,
        74,
        75,
        76,
        77,
        78,
        79,
        80,
        81,
        82,
        83,
        84,
        85,
        86,
        87,
        88,
        89,
        90,
        91,
        92,
        93,
        94,
        95,
        96,
        97,
        98,
        99
    ],
    "train_loss": [
        0.5472312569618225,
        0.2930542528629303,
        0.2385133057832718,
        0.203685462474823,
        0.15574993193149567,
        0.1504860818386078,
        0.0986664891242981,
        0.08065645396709442,
        0.0712391659617424,
        0.0628269761800766,
        0.05402614548802376,
        0.04233657196164131,
        0.03574573993682861,
        0.03266030177474022,
        0.03037666156888008,
        0.03296695277094841,
        0.028621241450309753,
        0.026467179879546165,
        0.02624521590769291,
        0.025231730192899704,
        0.03289228305220604,
        0.0280008427798748,
        0.026016173884272575,
        0.02454075962305069,
        0.024590441957116127,
        0.03332258388400078,
        0.030019713565707207,
        0.026784272864460945,
        0.02659793011844158,
        0.02616448700428009,
        0.033278584480285645,
        0.02771228365600109,
        0.02577914670109749,
        0.02427031472325325,
        0.02402721904218197,
        0.030629131942987442,
        0.02789393626153469,
        0.0268834438174963,
        0.0265294648706913,
        0.026022421196103096,
        0.026689467951655388,
        0.02411419339478016,
        0.02284710295498371,
        0.021834086626768112,
        0.022036796435713768,
        0.0268824752420187,
        0.02529492788016796,
        0.023736998438835144,
        0.02396092377603054,
        0.022946851328015327,
        0.02208050899207592,
        0.021447643637657166,
        0.020412350073456764,
        0.020520033314824104,
        0.019624637439846992,
        0.019053801894187927,
        0.01847803220152855,
        0.01766129583120346,
        0.017343945801258087,
        0.01694747619330883,
        0.016160618513822556,
        0.015371350571513176,
        0.016378292813897133,
        0.01674478128552437,
        0.016259608790278435,
        0.015658339485526085,
        0.015424677170813084,
        0.015518476255238056,
        0.01496732234954834,
        0.014549316838383675,
        0.014336022548377514,
        0.014939206652343273,
        0.014770767651498318,
        0.014770270325243473,
        0.014541838318109512,
        0.01444829348474741,
        0.01428708154708147,
        0.014412522315979004,
        0.014527698047459126,
        0.014208594337105751,
        0.013981184922158718,
        0.014170960523188114,
        0.013780470006167889,
        0.013156297616660595,
        0.012967470102012157,
        0.012477313168346882,
        0.012473874725401402,
        0.012133121490478516,
        0.012755278497934341,
        0.012841863557696342,
        0.012441067025065422,
        0.01307002268731594,
        0.012908118776977062,
        0.01283935084939003,
        0.012966541573405266,
        0.012916220352053642,
        0.013505182228982449,
        0.012302646413445473,
        0.011950931511819363,
        0.011742668226361275
    ]
}