{
    "epoch": [
        0,
        1,
        2,
        3,
        4,
        5,
        6,
        7,
        8,
        9,
        10,
        11,
        12,
        13,
        14,
        15,
        16,
        17,
        18,
        19,
        20,
        21,
        22,
        23,
        24,
        25,
        26,
        27,
        28,
        29,
        30,
        31,
        32,
        33,
        34,
        35,
        36,
        37,
        38,
        39,
        40,
        41,
        42,
        43,
        44,
        45,
        46,
        47,
        48,
        49,
        50,
        51,
        52,
        53,
        54,
        55,
        56,
        57,
        58,
        59,
        60,
        61,
        62,
        63,
        64,
        65,
        66,
        67,
        68,
        69,
        70,
        71,
        72,
        73,
        74,
        75,
        76,
        77,
        78,
        79,
        80,
        81,
        82,
        83,
        84,
        85,
        86,
        87,
        88,
        89,
        90,
        91,
        92,
        93,
        94,
        95,
        96,
        97,
        98,
        99
    ],
    "train_loss": [
        0.8175067901611328,
        0.611319899559021,
        0.4698682427406311,
        0.3607825040817261,
        0.30070894956588745,
        0.2560652196407318,
        0.16281861066818237,
        0.12604419887065887,
        0.09975270926952362,
        0.08259529620409012,
        0.08008430898189545,
        0.06785964965820312,
        0.0616198293864727,
        0.05649459734559059,
        0.04864288866519928,
        0.04921555146574974,
        0.0426185317337513,
        0.03935916721820831,
        0.037212517112493515,
        0.035230059176683426,
        0.03521145507693291,
        0.03255467116832733,
        0.030371101573109627,
        0.029097631573677063,
        0.027825677767395973,
        0.026919543743133545,
        0.025618791580200195,
        0.02504676580429077,
        0.023890294134616852,
        0.023400641977787018,
        0.025632716715335846,
        0.023065144196152687,
        0.021905567497015,
        0.021189214661717415,
        0.021551109850406647,
        0.021797657012939453,
        0.020823685452342033,
        0.020642124116420746,
        0.0206297654658556,
        0.02021690271794796,
        0.022132737562060356,
        0.020438872277736664,
        0.019853664562106133,
        0.019084101542830467,
        0.018880950286984444,
        0.019002465531229973,
        0.01872359588742256,
        0.01888921856880188,
        0.019088633358478546,
        0.01979609951376915,
        0.020614661276340485,
        0.020936686545610428,
        0.02063038945198059,
        0.020275237038731575,
        0.020404543727636337,
        0.02014828287065029,
        0.01995030604302883,
        0.019826339557766914,
        0.020603284239768982,
        0.018924808129668236,
        0.018532099202275276,
        0.018147988244891167,
        0.017698215320706367,
        0.017039058730006218,
        0.016773588955402374,
        0.016631217673420906,
        0.01676405780017376,
        0.01715337298810482,
        0.016315815970301628,
        0.01575619727373123,
        0.015751926228404045,
        0.015486377291381359,
        0.015184042975306511,
        0.015516080893576145,
        0.015406083315610886,
        0.01569714955985546,
        0.015053939074277878,
        0.014913738705217838,
        0.013684654608368874,
        0.013527748174965382,
        0.013454494997859001,
        0.012855054810643196,
        0.012897341512143612,
        0.012806247919797897,
        0.012878977693617344,
        0.012284711003303528,
        0.01253777090460062,
        0.012547288089990616,
        0.012713215313851833,
        0.012747546657919884,
        0.012890451587736607,
        0.012929813005030155,
        0.01314069889485836,
        0.01312678586691618,
        0.012716399505734444,
        0.012661396525800228,
        0.012535600923001766,
        0.012999091297388077,
        0.012798360548913479,
        0.012521353550255299
    ]
}