{
    "epoch": [
        0,
        1,
        2,
        3,
        4,
        5,
        6,
        7,
        8,
        9,
        10,
        11,
        12,
        13,
        14,
        15,
        16,
        17,
        18,
        19,
        20,
        21,
        22,
        23,
        24,
        25,
        26,
        27,
        28,
        29,
        30,
        31,
        32,
        33,
        34,
        35,
        36,
        37,
        38,
        39,
        40,
        41,
        42,
        43,
        44,
        45,
        46,
        47,
        48,
        49,
        50,
        51,
        52,
        53,
        54,
        55,
        56,
        57,
        58,
        59,
        60,
        61,
        62,
        63,
        64,
        65,
        66,
        67,
        68,
        69,
        70,
        71,
        72,
        73,
        74,
        75,
        76,
        77,
        78,
        79,
        80,
        81,
        82,
        83,
        84,
        85,
        86,
        87,
        88,
        89,
        90,
        91,
        92,
        93,
        94,
        95,
        96,
        97,
        98,
        99
    ],
    "train_loss": [
        0.03769310563802719,
        0.0146841024979949,
        0.01372362021356821,
        0.016305437311530113,
        0.011928927153348923,
        0.012415667995810509,
        0.018012575805187225,
        0.017994606867432594,
        0.01876784674823284,
        0.017684178426861763,
        0.01826958917081356,
        0.017608413472771645,
        0.017378654330968857,
        0.01723061501979828,
        0.017121799290180206,
        0.01708114519715309,
        0.01688343659043312,
        0.016741247847676277,
        0.01669120416045189,
        0.01657211221754551,
        0.016465086489915848,
        0.01641635037958622,
        0.016420716419816017,
        0.016407744958996773,
        0.016346773132681847,
        0.01619524136185646,
        0.01613643392920494,
        0.016157913953065872,
        0.016152892261743546,
        0.016107995063066483,
        0.016065746545791626,
        0.015930648893117905,
        0.015814144164323807,
        0.01578781008720398,
        0.015767306089401245,
        0.015620159916579723,
        0.015605535358190536,
        0.015672221779823303,
        0.015791509300470352,
        0.015516893938183784,
        0.015429667197167873,
        0.015352210029959679,
        0.014956727623939514,
        0.014776873402297497,
        0.014690960757434368,
        0.01463122945278883,
        0.01450769416987896,
        0.014415206387639046,
        0.014369780197739601,
        0.014317440800368786,
        0.014329330064356327,
        0.014302404597401619,
        0.014239605516195297,
        0.014193019829690456,
        0.014183918945491314,
        0.014200889505445957,
        0.014118469320237637,
        0.013999936170876026,
        0.013940751552581787,
        0.013848764821887016,
        0.013884422369301319,
        0.013971016742289066,
        0.014008509926497936,
        0.01392452698200941,
        0.013896666467189789,
        0.01388694066554308,
        0.013886166736483574,
        0.013873648829758167,
        0.013869351707398891,
        0.013877905905246735,
        0.013884150423109531,
        0.013886242173612118,
        0.013882121071219444,
        0.013881225138902664,
        0.013880450278520584,
        0.013880450278520584,
        0.013880438171327114,
        0.013880383223295212,
        0.013880359008908272,
        0.013880478218197823,
        0.013880683109164238,
        0.013880660757422447,
        0.013880656100809574,
        0.013880656100809574,
        0.013880723156034946,
        0.013880741782486439,
        0.01388076413422823,
        0.013880763202905655,
        0.013880789279937744,
        0.013880821876227856,
        0.01388088520616293,
        0.013881010934710503,
        0.013880974613130093,
        0.013880953192710876,
        0.013881022110581398,
        0.013881037943065166,
        0.013881037943065166,
        0.01388104073703289,
        0.01388104073703289,
        0.013881090097129345
    ]
}