{
    "epoch": [
        0,
        1,
        2,
        3,
        4,
        5,
        6,
        7,
        8,
        9,
        10,
        11,
        12,
        13,
        14,
        15,
        16,
        17,
        18,
        19,
        20,
        21,
        22,
        23,
        24,
        25,
        26,
        27,
        28,
        29,
        30,
        31,
        32,
        33,
        34,
        35,
        36,
        37,
        38,
        39,
        40,
        41,
        42,
        43,
        44,
        45,
        46,
        47,
        48,
        49,
        50,
        51,
        52,
        53,
        54,
        55,
        56,
        57,
        58,
        59,
        60,
        61,
        62,
        63,
        64,
        65,
        66,
        67,
        68,
        69,
        70,
        71,
        72,
        73,
        74,
        75,
        76,
        77,
        78,
        79,
        80,
        81,
        82,
        83,
        84,
        85,
        86,
        87,
        88,
        89,
        90,
        91,
        92,
        93,
        94,
        95,
        96,
        97,
        98,
        99
    ],
    "train_loss": [
        0.6169580817222595,
        0.47357484698295593,
        0.3870662450790405,
        0.3127613067626953,
        0.2813667356967926,
        0.2428692877292633,
        0.14989019930362701,
        0.12031381577253342,
        0.09964028745889664,
        0.08014050871133804,
        0.11280865222215652,
        0.08182884007692337,
        0.06884560734033585,
        0.061021123081445694,
        0.05534427613019943,
        0.05870126187801361,
        0.0517355352640152,
        0.04690517112612724,
        0.0439106784760952,
        0.0409378744661808,
        0.042197711765766144,
        0.037129003554582596,
        0.0338585339486599,
        0.031947411596775055,
        0.031607843935489655,
        0.035012032836675644,
        0.030022067949175835,
        0.027240842580795288,
        0.026573410257697105,
        0.025776024907827377,
        0.027088448405265808,
        0.025491999462246895,
        0.026031676679849625,
        0.02785724587738514,
        0.026836229488253593,
        0.028419213369488716,
        0.02622106857597828,
        0.02607947401702404,
        0.025924161076545715,
        0.026883771643042564,
        0.028797421604394913,
        0.023582544177770615,
        0.02207001857459545,
        0.0215980876237154,
        0.021837802603840828,
        0.02671331912279129,
        0.026138048619031906,
        0.025502001866698265,
        0.0241877268999815,
        0.023425759747624397,
        0.021703505888581276,
        0.020556190982460976,
        0.020248478278517723,
        0.020309042185544968,
        0.02044500596821308,
        0.019547687843441963,
        0.018938636407256126,
        0.019008105620741844,
        0.01863282173871994,
        0.01843743957579136,
        0.018136687576770782,
        0.017354022711515427,
        0.01682262495160103,
        0.01643928326666355,
        0.016533147543668747,
        0.016777195036411285,
        0.017797715961933136,
        0.01795777678489685,
        0.01860862225294113,
        0.018306585028767586,
        0.018367087468504906,
        0.01872408576309681,
        0.019176578149199486,
        0.019654015079140663,
        0.019142797216773033,
        0.018651435151696205,
        0.01844027452170849,
        0.018473559990525246,
        0.018513871356844902,
        0.018033966422080994,
        0.01852293126285076,
        0.018484683707356453,
        0.01825197972357273,
        0.018040429800748825,
        0.01795686036348343,
        0.018022511154413223,
        0.017777912318706512,
        0.01744302548468113,
        0.017180519178509712,
        0.016885513439774513,
        0.016753967851400375,
        0.01627371273934841,
        0.015947284176945686,
        0.015886669978499413,
        0.01566142775118351,
        0.015501531772315502,
        0.01600477285683155,
        0.01618160679936409,
        0.015323960222303867,
        0.015177073888480663
    ]
}