{
    "epoch": [
        0,
        1,
        2,
        3,
        4,
        5,
        6,
        7,
        8,
        9,
        10,
        11,
        12,
        13,
        14,
        15,
        16,
        17,
        18,
        19,
        20,
        21,
        22,
        23,
        24,
        25,
        26,
        27,
        28,
        29,
        30,
        31,
        32,
        33,
        34,
        35,
        36,
        37,
        38,
        39,
        40,
        41,
        42,
        43,
        44,
        45,
        46,
        47,
        48,
        49,
        50,
        51,
        52,
        53,
        54,
        55,
        56,
        57,
        58,
        59,
        60,
        61,
        62,
        63,
        64,
        65,
        66,
        67,
        68,
        69,
        70,
        71,
        72,
        73,
        74,
        75,
        76,
        77,
        78,
        79,
        80,
        81,
        82,
        83,
        84,
        85,
        86,
        87,
        88,
        89,
        90,
        91,
        92,
        93,
        94,
        95,
        96,
        97,
        98,
        99
    ],
    "train_loss": [
        0.1483551412820816,
        0.06710530817508698,
        0.043636810034513474,
        0.03443623334169388,
        0.026670541614294052,
        0.02167842537164688,
        0.029567917808890343,
        0.021845770999789238,
        0.017828697338700294,
        0.020132316276431084,
        0.014872328378260136,
        0.009942046366631985,
        0.010148894041776657,
        0.008849366568028927,
        0.009439874440431595,
        0.008835365995764732,
        0.008888836950063705,
        0.012236085720360279,
        0.012670720927417278,
        0.011518086306750774,
        0.01028793677687645,
        0.008555492386221886,
        0.008024092763662338,
        0.007861198857426643,
        0.00792184378951788,
        0.00807458907365799,
        0.008082142099738121,
        0.008218599483370781,
        0.00817761942744255,
        0.008314250037074089,
        0.008259807713329792,
        0.008323763497173786,
        0.008320187218487263,
        0.00828966498374939,
        0.008271359838545322,
        0.008244665339589119,
        0.00820501334965229,
        0.008211029693484306,
        0.00821275170892477,
        0.008148693479597569,
        0.008158599957823753,
        0.008168788626790047,
        0.008143136277794838,
        0.00806446373462677,
        0.008075821213424206,
        0.008008013479411602,
        0.007938958704471588,
        0.007953766733407974,
        0.007858439348638058,
        0.007832799106836319,
        0.007842089049518108,
        0.007814904674887657,
        0.007797370199114084,
        0.007820026017725468,
        0.007875584065914154,
        0.007834166288375854,
        0.007756332866847515,
        0.007698778994381428,
        0.007618702948093414,
        0.007600787561386824,
        0.007638756651431322,
        0.007706481963396072,
        0.007727647665888071,
        0.0077067273668944836,
        0.007692086044698954,
        0.007618228904902935,
        0.007585396058857441,
        0.007605422753840685,
        0.0076020099222660065,
        0.007609200663864613,
        0.007609330117702484,
        0.00763684744015336,
        0.007625677157193422,
        0.00757718738168478,
        0.007520819548517466,
        0.007472313474863768,
        0.007473574485629797,
        0.007421389222145081,
        0.007330078165978193,
        0.007320191245526075,
        0.007355150301009417,
        0.007316224277019501,
        0.007290481124073267,
        0.007274986710399389,
        0.00714891916140914,
        0.006978221237659454,
        0.006905260495841503,
        0.006864379160106182,
        0.006886658258736134,
        0.006914964411407709,
        0.006885561626404524,
        0.006821618881076574,
        0.006802449002861977,
        0.006844907533377409,
        0.006871883757412434,
        0.006862659007310867,
        0.0069047193974256516,
        0.0069115301594138145,
        0.006923545151948929,
        0.006954063195735216
    ]
}