{
    "epoch": [
        0,
        1,
        2,
        3,
        4,
        5,
        6,
        7,
        8,
        9,
        10,
        11,
        12,
        13,
        14,
        15,
        16,
        17,
        18,
        19,
        20,
        21,
        22,
        23,
        24,
        25,
        26,
        27,
        28,
        29,
        30,
        31,
        32,
        33,
        34,
        35,
        36,
        37,
        38,
        39,
        40,
        41,
        42,
        43,
        44,
        45,
        46,
        47,
        48,
        49,
        50,
        51,
        52,
        53,
        54,
        55,
        56,
        57,
        58,
        59,
        60,
        61,
        62,
        63,
        64,
        65,
        66,
        67,
        68,
        69,
        70,
        71,
        72,
        73,
        74,
        75,
        76,
        77,
        78,
        79,
        80,
        81,
        82,
        83,
        84,
        85,
        86,
        87,
        88,
        89,
        90,
        91,
        92,
        93,
        94,
        95,
        96,
        97,
        98,
        99
    ],
    "train_loss": [
        0.10067424178123474,
        0.05405254289507866,
        0.03809389844536781,
        0.03008025884628296,
        0.026302888989448547,
        0.01881556212902069,
        0.015657396987080574,
        0.014985213056206703,
        0.01599055342376232,
        0.01747739501297474,
        0.016369201242923737,
        0.01677970215678215,
        0.014485375955700874,
        0.013728342019021511,
        0.012026556767523289,
        0.012064739130437374,
        0.016537532210350037,
        0.014221549965441227,
        0.014416678808629513,
        0.01186826266348362,
        0.01043193880468607,
        0.009825170040130615,
        0.00929220113903284,
        0.008712639100849628,
        0.008643152192234993,
        0.008126625791192055,
        0.0079283332452178,
        0.007771874312311411,
        0.007699891459196806,
        0.007714175619184971,
        0.007504074368625879,
        0.00793713703751564,
        0.007881628349423409,
        0.007905018515884876,
        0.007538866717368364,
        0.0074572479352355,
        0.007347602862864733,
        0.007409272249788046,
        0.007454525679349899,
        0.00745703699067235,
        0.00742734270170331,
        0.007299461401998997,
        0.007418792229145765,
        0.0073167262598872185,
        0.007217696867883205,
        0.007308988366276026,
        0.0072364178486168385,
        0.007368561811745167,
        0.007087769452482462,
        0.007246814668178558,
        0.007186317350715399,
        0.007247501518577337,
        0.007208852097392082,
        0.007112128660082817,
        0.007071491796523333,
        0.006936719641089439,
        0.0070224120281636715,
        0.007001414429396391,
        0.007059414405375719,
        0.00703286100178957,
        0.0070187607780098915,
        0.00702951243147254,
        0.0070652528665959835,
        0.007051632273942232,
        0.007088752463459969,
        0.007103590294718742,
        0.007039502263069153,
        0.0071356878615915775,
        0.007092383690178394,
        0.007148366421461105,
        0.007187953218817711,
        0.007182352710515261,
        0.007239426951855421,
        0.007242150139063597,
        0.0072169615887105465,
        0.007227838505059481,
        0.007243082858622074,
        0.007226358167827129,
        0.0071976506151258945,
        0.0069890390150249004,
        0.0069952961057424545,
        0.006926028523594141,
        0.006897672079503536,
        0.00688159791752696,
        0.007018500939011574,
        0.007016419433057308,
        0.006925462279468775,
        0.006862356327474117,
        0.0068361274898052216,
        0.006801399867981672,
        0.006718108430504799,
        0.006855746731162071,
        0.006584154441952705,
        0.006682708393782377,
        0.006549198180437088,
        0.0066259149461984634,
        0.006522784940898418,
        0.006503432523459196,
        0.006487391889095306,
        0.006359754595905542
    ]
}