{
    "epoch": [
        0,
        1,
        2,
        3,
        4,
        5,
        6,
        7,
        8,
        9,
        10,
        11,
        12,
        13,
        14,
        15,
        16,
        17,
        18,
        19,
        20,
        21,
        22,
        23,
        24,
        25,
        26,
        27,
        28,
        29,
        30,
        31,
        32,
        33,
        34,
        35,
        36,
        37,
        38,
        39,
        40,
        41,
        42,
        43,
        44,
        45,
        46,
        47,
        48,
        49,
        50,
        51,
        52,
        53,
        54,
        55,
        56,
        57,
        58,
        59,
        60,
        61,
        62,
        63,
        64,
        65,
        66,
        67,
        68,
        69,
        70,
        71,
        72,
        73,
        74,
        75,
        76,
        77,
        78,
        79,
        80,
        81,
        82,
        83,
        84,
        85,
        86,
        87,
        88,
        89,
        90,
        91,
        92,
        93,
        94,
        95,
        96,
        97,
        98,
        99
    ],
    "train_loss": [
        0.5949899554252625,
        0.409661203622818,
        0.34140679240226746,
        0.30734413862228394,
        0.28581327199935913,
        0.2552187144756317,
        0.1668696403503418,
        0.12154615670442581,
        0.09190497547388077,
        0.07944756001234055,
        0.08478505164384842,
        0.07616767287254333,
        0.06976096332073212,
        0.06475932896137238,
        0.060420241206884384,
        0.06487754732370377,
        0.05828753858804703,
        0.0554131418466568,
        0.0518159344792366,
        0.04839066043496132,
        0.049618493765592575,
        0.04628845304250717,
        0.043677184730768204,
        0.041108183562755585,
        0.039185889065265656,
        0.04461183398962021,
        0.03886298090219498,
        0.03600899875164032,
        0.034289438277482986,
        0.032607562839984894,
        0.04093062877655029,
        0.032896097749471664,
        0.030388714745640755,
        0.029076891019940376,
        0.028305746614933014,
        0.027967434376478195,
        0.02669949270784855,
        0.02646806091070175,
        0.0265609472990036,
        0.027122296392917633,
        0.029288923367857933,
        0.0280234906822443,
        0.028855333104729652,
        0.02823127992451191,
        0.028364619240164757,
        0.041885118931531906,
        0.03356471657752991,
        0.029070543125271797,
        0.02604745887219906,
        0.025064891204237938,
        0.024640893563628197,
        0.02452686056494713,
        0.024151083081960678,
        0.023891115561127663,
        0.023773062974214554,
        0.023160386830568314,
        0.022892775014042854,
        0.02328193560242653,
        0.02233712375164032,
        0.021882198750972748,
        0.021875683218240738,
        0.022683829069137573,
        0.023714182898402214,
        0.023816097527742386,
        0.023176200687885284,
        0.022707439959049225,
        0.02159794792532921,
        0.02191866934299469,
        0.02271312102675438,
        0.021585656329989433,
        0.020586121827363968,
        0.02106870338320732,
        0.02184443548321724,
        0.021437479183077812,
        0.021173693239688873,
        0.020975537598133087,
        0.02115769498050213,
        0.02077045664191246,
        0.02075635828077793,
        0.019884392619132996,
        0.01993780955672264,
        0.019058717414736748,
        0.01891062967479229,
        0.018333962187170982,
        0.018225761130452156,
        0.01831587590277195,
        0.018420660868287086,
        0.01853550598025322,
        0.01857622154057026,
        0.018429409712553024,
        0.01786884479224682,
        0.01792246848344803,
        0.017867088317871094,
        0.017707770690321922,
        0.017804035916924477,
        0.017729809507727623,
        0.017239978536963463,
        0.01737402006983757,
        0.017365112900733948,
        0.017616601660847664
    ]
}