{
    "epoch": [
        0,
        1,
        2,
        3,
        4,
        5,
        6,
        7,
        8,
        9,
        10,
        11,
        12,
        13,
        14,
        15,
        16,
        17,
        18,
        19,
        20,
        21,
        22,
        23,
        24,
        25,
        26,
        27,
        28,
        29,
        30,
        31,
        32,
        33,
        34,
        35,
        36,
        37,
        38,
        39,
        40,
        41,
        42,
        43,
        44,
        45,
        46,
        47,
        48,
        49,
        50,
        51,
        52,
        53,
        54,
        55,
        56,
        57,
        58,
        59,
        60,
        61,
        62,
        63,
        64,
        65,
        66,
        67,
        68,
        69,
        70,
        71,
        72,
        73,
        74,
        75,
        76,
        77,
        78,
        79,
        80,
        81,
        82,
        83,
        84,
        85,
        86,
        87,
        88,
        89,
        90,
        91,
        92,
        93,
        94,
        95,
        96,
        97,
        98,
        99
    ],
    "train_loss": [
        0.639556348323822,
        0.490032434463501,
        0.4111444056034088,
        0.3487706482410431,
        0.29197365045547485,
        0.17579644918441772,
        0.09960778802633286,
        0.07678686082363129,
        0.06809239089488983,
        0.058743659406900406,
        0.06232268735766411,
        0.052065160125494,
        0.0483098067343235,
        0.04528440162539482,
        0.04271664470434189,
        0.04496528208255768,
        0.04170955717563629,
        0.0390046127140522,
        0.03781134635210037,
        0.036554642021656036,
        0.041422974318265915,
        0.0371943861246109,
        0.03514672815799713,
        0.033717088401317596,
        0.03322787210345268,
        0.036839649081230164,
        0.034558624029159546,
        0.0321953259408474,
        0.031516771763563156,
        0.031170720234513283,
        0.031679149717092514,
        0.031342118978500366,
        0.030933819711208344,
        0.03104580007493496,
        0.030943164601922035,
        0.036997731775045395,
        0.03367992118000984,
        0.031193725764751434,
        0.02953244373202324,
        0.02825741283595562,
        0.03184640780091286,
        0.029089752584695816,
        0.027762608602643013,
        0.02747875638306141,
        0.027541473507881165,
        0.02855697087943554,
        0.027961740270256996,
        0.02741585671901703,
        0.027353214100003242,
        0.026806527748703957,
        0.026408111676573753,
        0.02607688680291176,
        0.025189368054270744,
        0.023831527680158615,
        0.02379600889980793,
        0.02397845685482025,
        0.023696767166256905,
        0.024976031854748726,
        0.02490650676190853,
        0.024489983916282654,
        0.024835865944623947,
        0.024680132046341896,
        0.02434227429330349,
        0.02410298027098179,
        0.024195438250899315,
        0.023406052961945534,
        0.023069551214575768,
        0.022872822359204292,
        0.02186010777950287,
        0.02176240272819996,
        0.021927431225776672,
        0.02160324528813362,
        0.02099529281258583,
        0.019697144627571106,
        0.018783587962388992,
        0.018308185040950775,
        0.01762992888689041,
        0.01732039637863636,
        0.01690845564007759,
        0.01753351464867592,
        0.017670074477791786,
        0.017771411687135696,
        0.017168818041682243,
        0.017384948208928108,
        0.01781984232366085,
        0.01676642894744873,
        0.016422046348452568,
        0.016284599900245667,
        0.015371682122349739,
        0.015615694224834442,
        0.015878571197390556,
        0.01618173159658909,
        0.016209131106734276,
        0.015912631526589394,
        0.015713876113295555,
        0.01589537411928177,
        0.01647352986037731,
        0.01595156081020832,
        0.016168883070349693,
        0.015345586463809013
    ]
}