{
    "timestamp": "20250509_115952",
    "config": {
        "m": 1.0,
        "c": 0.1,
        "k": 5.0,
        "force_type": "none",
        "amplitude": 1.0,
        "freq": 1.0,
        "random_seed": 42,
        "x0": 1.0,
        "v0": 0.0,
        "t_max": 10.0,
        "dt": 0.02,
        "noise_std": 0.05
    },
    "true_parameters": [
        1.0,
        0.1,
        5.0
    ],
    "estimated_parameters": [
        1.0266409087820605,
        0.01,
        1.74471303559618
    ],
    "parameter_errors": [
        2.664090878206049,
        90.0,
        65.10573928807639
    ],
    "force_rmse": 1.926500808439198,
    "confidence_score": 0.9,
    "estimation_status": "high_confidence",
    "symbolic_formula": "([0.040682492173252*x_1 - 0.00416109039643453*x_2 + 1.03755848689598*x_3 - 0.134353177775537], [x_1, x_2, x_3])"
}