{
    "timestamp": "20250114_140224",
    "method": "mlp",
    "configuration": {
        "m": 1.0,
        "c": 1.5,
        "k": 200.0,
        "force_type": "sine",
        "amplitude": 1.0,
        "freq": 1.0,
        "random_seed": 42,
        "x0": 0.0,
        "v0": 0.0,
        "t_max": 10.0,
        "dt": 0.02,
        "noise_std": 0.05
    },
    "true_parameters": [
        1.0,
        1.5,
        200.0
    ],
    "estimated_parameters": [
        0.4095918281879858,
        0.0,
        0.06569794214936944
    ],
    "parameter_errors": [
        59.04081718120142,
        100.0,
        99.96715102892531
    ],
    "force_rmse": 1.3876119040080437,
    "optimization_info": {
        "success": true,
        "message": "MLP training and SINDy parameter estimation completed",
        "hyperparameters": {
            "hidden_sizes": [
                512,
                1024,
                512,
                256
            ],
            "batch_size": 64,
            "learning_rate": 0.002,
            "weight_decay": 0.05,
            "dropout": 0.3
        },
        "mlp_training": {
            "best_val_loss": 4.979528903961182,
            "train_losses": [
                5.864141941070557,
                6.070109844207764,
                6.344118404388428,
                5.684266567230225,
                5.1507792472839355,
                5.654906129837036,
                5.591012763977051,
                5.419104719161988,
                5.0730085372924805,
                5.05885682106018,
                4.798226070404053,
                4.391496896743774,
                3.914048671722412,
                3.799663543701172,
                3.799893617630005,
                3.510226583480835,
                3.30398850440979,
                3.3903985023498535,
                3.3198709964752195,
                3.051693344116211,
                2.5659171104431153,
                2.4734957456588744,
                2.1577274084091185,
                1.9865476608276367,
                2.1798810958862305,
                1.9396235466003418,
                1.4496135234832763,
                1.5087554931640625,
                1.481618881225586,
                1.2910391330718993,
                1.2508196353912353,
                1.2560030937194824,
                1.1856431365013123,
                0.9332342028617859,
                0.6821447134017944,
                0.8416876316070556,
                0.7875177979469299,
                0.5947263479232788,
                0.6476473450660706,
                0.6523180365562439,
                0.8709285199642182,
                0.6622696280479431,
                0.963318920135498,
                0.4726096749305725,
                0.5508797943592072,
                0.5914739429950714,
                0.5219512641429901,
                0.513017201423645,
                0.6628894567489624,
                0.5472002506256104,
                0.3875658452510834
            ],
            "val_losses": [
                4.979528903961182,
                6.892935276031494,
                9.705525875091553,
                7.223338603973389,
                7.769490718841553,
                8.35565996170044,
                11.527650833129883,
                12.765060901641846,
                14.611684322357178,
                13.292418956756592,
                9.940685749053955,
                7.36421799659729,
                5.9203410148620605,
                5.9439332485198975,
                7.850198268890381,
                10.726006507873535,
                10.208346366882324,
                9.332415580749512,
                9.461545467376709,
                8.799861431121826,
                8.174036502838135,
                8.303171157836914,
                8.360884428024292,
                8.093284368515015,
                8.927833318710327,
                9.419688701629639,
                10.594614505767822,
                9.969644784927368,
                8.067159175872803,
                7.9355628490448,
                8.962512254714966,
                9.73374891281128,
                8.791271686553955,
                9.261360168457031,
                9.597276449203491,
                9.059141159057617,
                9.496505737304688,
                8.365014553070068,
                7.727895021438599,
                9.140852928161621,
                9.332715272903442,
                9.662421703338623,
                9.157103538513184,
                9.060206890106201,
                7.714049339294434,
                6.1400651931762695,
                5.021527171134949,
                6.798510551452637,
                6.846086740493774,
                5.789123058319092,
                5.5961527824401855
            ],
            "final_epoch": 50
        },
        "test_loss": 3.776888072490692,
        "sindy_estimation": {
            "success": true,
            "message": "SINDy identification completed",
            "discovered_equation": "0.0657*x + 0.4096*a + 0.0955*x^2 + 0.0794*x a",
            "significant_features": [
                "x",
                "a",
                "x^2",
                "x a"
            ],
            "significant_coefficients": [
                0.06569794214936944,
                0.4095918281879858,
                0.0954929071332894,
                0.07939861590630244
            ],
            "threshold": 0.05
        },
        "device": "cuda"
    }
}