{
    "epoch": [
        0,
        1,
        2,
        3,
        4,
        5,
        6,
        7,
        8,
        9,
        10,
        11,
        12,
        13,
        14,
        15,
        16,
        17,
        18,
        19,
        20,
        21,
        22,
        23,
        24,
        25,
        26,
        27,
        28,
        29,
        30,
        31,
        32,
        33,
        34,
        35,
        36,
        37,
        38,
        39,
        40,
        41,
        42,
        43,
        44,
        45,
        46,
        47,
        48,
        49,
        50,
        51,
        52,
        53,
        54,
        55,
        56,
        57,
        58,
        59,
        60,
        61,
        62,
        63,
        64,
        65,
        66,
        67,
        68,
        69,
        70,
        71,
        72,
        73,
        74,
        75,
        76,
        77,
        78,
        79,
        80,
        81,
        82,
        83,
        84,
        85,
        86,
        87,
        88,
        89,
        90,
        91,
        92,
        93,
        94,
        95,
        96,
        97,
        98,
        99
    ],
    "train_loss": [
        0.033616624772548676,
        0.019148126244544983,
        0.016480417922139168,
        0.015032855793833733,
        0.013319725170731544,
        0.012126825749874115,
        0.011176635511219501,
        0.011745797470211983,
        0.013413731940090656,
        0.010105040855705738,
        0.010634949430823326,
        0.010416305623948574,
        0.008078835904598236,
        0.008204270154237747,
        0.00874914787709713,
        0.008745989762246609,
        0.009161697700619698,
        0.009214221499860287,
        0.01100704725831747,
        0.009541291743516922,
        0.009395751170814037,
        0.008769499137997627,
        0.008039874024689198,
        0.008311670273542404,
        0.008909858763217926,
        0.009486792609095573,
        0.010424338281154633,
        0.009227544069290161,
        0.008907463401556015,
        0.0081414133310318,
        0.00806037150323391,
        0.007868682034313679,
        0.007853817194700241,
        0.007609459571540356,
        0.007728653494268656,
        0.0076788743026554585,
        0.0077905477955937386,
        0.008323684334754944,
        0.008204355835914612,
        0.008182408288121223,
        0.007629483472555876,
        0.007547883782535791,
        0.00728248106315732,
        0.007979256100952625,
        0.007501852698624134,
        0.007204111199826002,
        0.006858775857836008,
        0.008180988021194935,
        0.006683143321424723,
        0.006497705355286598,
        0.006407543551176786,
        0.0062938351184129715,
        0.006337698083370924,
        0.006428598426282406,
        0.006379608064889908,
        0.006389419082552195,
        0.0063376352190971375,
        0.0063369483686983585,
        0.006244656629860401,
        0.006182058248668909,
        0.006135233677923679,
        0.00612460495904088,
        0.006005578674376011,
        0.005917507689446211,
        0.0059702834114432335,
        0.006026131566613913,
        0.006108758505433798,
        0.0061487662605941296,
        0.006270196288824081,
        0.006141840014606714,
        0.006223356816917658,
        0.0064761219546198845,
        0.006411365233361721,
        0.006381942890584469,
        0.00637560710310936,
        0.006328844930976629,
        0.006306011229753494,
        0.006283364724367857,
        0.006274776998907328,
        0.006308148615062237,
        0.006380653474479914,
        0.0063837068155407906,
        0.006425764877349138,
        0.006338243838399649,
        0.006261167116463184,
        0.006259717047214508,
        0.006247785408049822,
        0.006170752923935652,
        0.006175401154905558,
        0.0061436304822564125,
        0.006036332808434963,
        0.0060372487641870975,
        0.006032790057361126,
        0.006014907732605934,
        0.005978402681648731,
        0.005961183924227953,
        0.0059370007365942,
        0.005947447847574949,
        0.005948354955762625,
        0.005946926306933165
    ]
}