{
    "epoch": [
        0,
        1,
        2,
        3,
        4,
        5,
        6,
        7,
        8,
        9,
        10,
        11,
        12,
        13,
        14,
        15,
        16,
        17,
        18,
        19,
        20,
        21,
        22,
        23,
        24,
        25,
        26,
        27,
        28,
        29,
        30,
        31,
        32,
        33,
        34,
        35,
        36,
        37,
        38,
        39,
        40,
        41,
        42,
        43,
        44,
        45,
        46,
        47,
        48,
        49,
        50,
        51,
        52,
        53,
        54,
        55,
        56,
        57,
        58,
        59,
        60,
        61,
        62,
        63,
        64,
        65,
        66,
        67,
        68,
        69,
        70,
        71,
        72,
        73,
        74,
        75,
        76,
        77,
        78,
        79,
        80,
        81,
        82,
        83,
        84,
        85,
        86,
        87,
        88,
        89,
        90,
        91,
        92,
        93,
        94,
        95,
        96,
        97,
        98,
        99
    ],
    "train_loss": [
        0.07551830261945724,
        0.033385731279850006,
        0.025756144896149635,
        0.02413533441722393,
        0.02302149310708046,
        0.018796445801854134,
        0.01660606823861599,
        0.013144244439899921,
        0.012367757968604565,
        0.011694508604705334,
        0.013640772551298141,
        0.012805560603737831,
        0.010270023718476295,
        0.011047711595892906,
        0.00951399840414524,
        0.009667745791375637,
        0.007669731043279171,
        0.0075646648183465,
        0.0076302532106637955,
        0.007637734990566969,
        0.008014263585209846,
        0.007999646477401257,
        0.007634466979652643,
        0.007445266470313072,
        0.0070618754252791405,
        0.007320407312363386,
        0.007328459527343512,
        0.007473507430404425,
        0.0077986097894608974,
        0.008219270966947079,
        0.008490674197673798,
        0.008507962338626385,
        0.008269194513559341,
        0.007901659235358238,
        0.00775528559461236,
        0.00775969447568059,
        0.00764122512191534,
        0.007693318650126457,
        0.007408469915390015,
        0.007350426632910967,
        0.007283905055373907,
        0.007152230478823185,
        0.007200969848781824,
        0.00721942912787199,
        0.0075487783178687096,
        0.007848372682929039,
        0.007811924908310175,
        0.007800303865224123,
        0.007775041274726391,
        0.007726688403636217,
        0.00761848920956254,
        0.007623306475579739,
        0.007527032867074013,
        0.00743962312117219,
        0.0074456604197621346,
        0.00742857251316309,
        0.007347527425736189,
        0.007352763786911964,
        0.0073862201534211636,
        0.007371633313596249,
        0.007330202031880617,
        0.0072491285391151905,
        0.007210077252238989,
        0.0072752865962684155,
        0.007243828382343054,
        0.007204951252788305,
        0.007186464034020901,
        0.007182587869465351,
        0.007183870766311884,
        0.0072191511280834675,
        0.007203525863587856,
        0.00720642413944006,
        0.007212965749204159,
        0.00722952326759696,
        0.007244195323437452,
        0.007248545531183481,
        0.007289046421647072,
        0.007351550739258528,
        0.007322961930185556,
        0.0072444649413228035,
        0.00723461527377367,
        0.007216423749923706,
        0.007172905374318361,
        0.007173970807343721,
        0.007186841685324907,
        0.007195982616394758,
        0.0072432323358953,
        0.007270800415426493,
        0.0073180245235562325,
        0.007413032464683056,
        0.007459432352334261,
        0.007489193230867386,
        0.007570459973067045,
        0.007734642364084721,
        0.007821094244718552,
        0.007931506261229515,
        0.007953680120408535,
        0.007912772707641125,
        0.007927055470645428,
        0.00790110882371664
    ]
}