{
    "epoch": [
        0,
        1,
        2,
        3,
        4,
        5,
        6,
        7,
        8,
        9,
        10,
        11,
        12,
        13,
        14,
        15,
        16,
        17,
        18,
        19,
        20,
        21,
        22,
        23,
        24,
        25,
        26,
        27,
        28,
        29,
        30,
        31,
        32,
        33,
        34,
        35,
        36,
        37,
        38,
        39,
        40,
        41,
        42,
        43,
        44,
        45,
        46,
        47,
        48,
        49,
        50,
        51,
        52,
        53,
        54,
        55,
        56,
        57,
        58,
        59,
        60,
        61,
        62,
        63,
        64,
        65,
        66,
        67,
        68,
        69,
        70,
        71,
        72,
        73,
        74,
        75,
        76,
        77,
        78,
        79,
        80,
        81,
        82,
        83,
        84,
        85,
        86,
        87,
        88,
        89,
        90,
        91,
        92,
        93,
        94,
        95,
        96,
        97,
        98,
        99
    ],
    "train_loss": [
        0.01877422071993351,
        0.011977558955550194,
        0.00836552307009697,
        0.007690343074500561,
        0.006174533162266016,
        0.006608914118260145,
        0.005701436195522547,
        0.005484928842633963,
        0.00558460270985961,
        0.004821538459509611,
        0.005339804105460644,
        0.006141799967736006,
        0.007110503502190113,
        0.007881402969360352,
        0.008901850320398808,
        0.009518872015178204,
        0.010076251812279224,
        0.00829286128282547,
        0.0073686749674379826,
        0.008440833538770676,
        0.007945849560201168,
        0.008565079420804977,
        0.008878139778971672,
        0.008998803794384003,
        0.008994641713798046,
        0.00927714817225933,
        0.0076667750254273415,
        0.0066196369007229805,
        0.006148690357804298,
        0.006023801863193512,
        0.005808953195810318,
        0.00577194057404995,
        0.0057984525337815285,
        0.0057561397552490234,
        0.0058393278159201145,
        0.0058019873686134815,
        0.005916553549468517,
        0.006095977034419775,
        0.0057328445836901665,
        0.00576247600838542,
        0.005654149688780308,
        0.005652998574078083,
        0.00574136758223176,
        0.005751591641455889,
        0.005759383551776409,
        0.005890243221074343,
        0.0059494818560779095,
        0.005954476539045572,
        0.005952722858637571,
        0.00591707369312644,
        0.005937150213867426,
        0.005863282363861799,
        0.005864782724529505,
        0.005885514430701733,
        0.005889402702450752,
        0.0057282838970422745,
        0.005680564790964127,
        0.0055268919095396996,
        0.005463842768222094,
        0.005469032563269138,
        0.005441026296466589,
        0.005328338127583265,
        0.005300506483763456,
        0.005307610612362623,
        0.005353580228984356,
        0.005319459363818169,
        0.005257745273411274,
        0.005275661125779152,
        0.005287291016429663,
        0.005191943142563105,
        0.005126350559294224,
        0.0050545260310173035,
        0.005059706978499889,
        0.005066061392426491,
        0.005068187601864338,
        0.005179728846997023,
        0.005261491052806377,
        0.00538833299651742,
        0.00553562305867672,
        0.005676449742168188,
        0.0056449337862432,
        0.005470180418342352,
        0.005476648453623056,
        0.0054907724261283875,
        0.005471979267895222,
        0.005239576101303101,
        0.005190438125282526,
        0.0052199894562363625,
        0.005076266825199127,
        0.005131660960614681,
        0.005245724227279425,
        0.005063652992248535,
        0.004990485031157732,
        0.004952190909534693,
        0.004940571263432503,
        0.004893675446510315,
        0.0048820930533111095,
        0.004873289726674557,
        0.0048727113753557205,
        0.00483615230768919
    ]
}