{
    "epoch": [
        0,
        1,
        2,
        3,
        4,
        5,
        6,
        7,
        8,
        9,
        10,
        11,
        12,
        13,
        14,
        15,
        16,
        17,
        18,
        19,
        20,
        21,
        22,
        23,
        24,
        25,
        26,
        27,
        28,
        29,
        30,
        31,
        32,
        33,
        34,
        35,
        36,
        37,
        38,
        39,
        40,
        41,
        42,
        43,
        44,
        45,
        46,
        47,
        48,
        49,
        50,
        51,
        52,
        53,
        54,
        55,
        56,
        57,
        58,
        59,
        60,
        61,
        62,
        63,
        64,
        65,
        66,
        67,
        68,
        69,
        70,
        71,
        72,
        73,
        74,
        75,
        76,
        77,
        78,
        79,
        80,
        81,
        82,
        83,
        84,
        85,
        86,
        87,
        88,
        89,
        90,
        91,
        92,
        93,
        94,
        95,
        96,
        97,
        98,
        99
    ],
    "train_loss": [
        0.023828905075788498,
        0.01746082305908203,
        0.009994936175644398,
        0.021194742992520332,
        0.017786769196391106,
        0.01734204776585102,
        0.017065828666090965,
        0.01678352616727352,
        0.016634518280625343,
        0.01655495911836624,
        0.016264932230114937,
        0.016216158866882324,
        0.01616162247955799,
        0.015950972214341164,
        0.015863703563809395,
        0.015886696055531502,
        0.015920065343379974,
        0.0158724095672369,
        0.015884678810834885,
        0.01588316448032856,
        0.015843674540519714,
        0.015718959271907806,
        0.015521838329732418,
        0.015477252192795277,
        0.015403587371110916,
        0.015439161099493504,
        0.015360422432422638,
        0.015287061221897602,
        0.015221278183162212,
        0.015125720761716366,
        0.015138254500925541,
        0.01519911177456379,
        0.01515703834593296,
        0.015071206726133823,
        0.015066733583807945,
        0.015054754912853241,
        0.015047435648739338,
        0.015028406865894794,
        0.01500559039413929,
        0.01500500924885273,
        0.015049492940306664,
        0.015057077631354332,
        0.01507536694407463,
        0.015073871240019798,
        0.015073871240019798,
        0.015063593164086342,
        0.015021507628262043,
        0.014909057877957821,
        0.01480589434504509,
        0.01462719775736332,
        0.014605800621211529,
        0.01447578426450491,
        0.01444821897894144,
        0.014422795735299587,
        0.014367693103849888,
        0.014357691630721092,
        0.014336099848151207,
        0.01432163268327713,
        0.014288762584328651,
        0.014264936558902264,
        0.014215350151062012,
        0.014149120077490807,
        0.014034432359039783,
        0.014002406038343906,
        0.014009082689881325,
        0.014014586806297302,
        0.013967684470117092,
        0.013812883757054806,
        0.01370842382311821,
        0.013683482073247433,
        0.013648945838212967,
        0.013522456400096416,
        0.013196824118494987,
        0.012625053524971008,
        0.011375058442354202,
        0.010776489041745663,
        0.00995178148150444,
        0.009712787345051765,
        0.009285392239689827,
        0.008964982815086842,
        0.008678385056555271,
        0.008483770303428173,
        0.008294999599456787,
        0.00802315678447485,
        0.007935341447591782,
        0.007894564419984818,
        0.007885555736720562,
        0.007783339824527502,
        0.007796163205057383,
        0.00781690701842308,
        0.007861001417040825,
        0.007822645828127861,
        0.007792457938194275,
        0.007797630038112402,
        0.007766718976199627,
        0.007758392486721277,
        0.007753318641334772,
        0.007753313053399324,
        0.007756527978926897,
        0.007794430013746023
    ]
}