{
    "epoch": [
        0,
        1,
        2,
        3,
        4,
        5,
        6,
        7,
        8,
        9,
        10,
        11,
        12,
        13,
        14,
        15,
        16,
        17,
        18,
        19,
        20,
        21,
        22,
        23,
        24,
        25,
        26,
        27,
        28,
        29,
        30,
        31,
        32,
        33,
        34,
        35,
        36,
        37,
        38,
        39,
        40,
        41,
        42,
        43,
        44,
        45,
        46,
        47,
        48,
        49,
        50,
        51,
        52,
        53,
        54,
        55,
        56,
        57,
        58,
        59,
        60,
        61,
        62,
        63,
        64,
        65,
        66,
        67,
        68,
        69,
        70,
        71,
        72,
        73,
        74,
        75,
        76,
        77,
        78,
        79,
        80,
        81,
        82,
        83,
        84,
        85,
        86,
        87,
        88,
        89,
        90,
        91,
        92,
        93,
        94,
        95,
        96,
        97,
        98,
        99
    ],
    "train_loss": [
        0.18856903910636902,
        0.11928016692399979,
        0.07764474302530289,
        0.05752484127879143,
        0.04841184616088867,
        0.12398815900087357,
        0.08761988580226898,
        0.07435687631368637,
        0.05901668593287468,
        0.056107405573129654,
        0.05343031883239746,
        0.0488378070294857,
        0.04485679790377617,
        0.04218243435025215,
        0.04007809981703758,
        0.04298299178481102,
        0.038514070212841034,
        0.035968564450740814,
        0.028831837698817253,
        0.023164233192801476,
        0.030009306967258453,
        0.026102133095264435,
        0.02112799882888794,
        0.01829761639237404,
        0.017734475433826447,
        0.01893569901585579,
        0.01735995151102543,
        0.017009666189551353,
        0.017980119213461876,
        0.017789335921406746,
        0.018194232136011124,
        0.01580532267689705,
        0.014939161017537117,
        0.014773213304579258,
        0.015264898538589478,
        0.016601596027612686,
        0.015568525530397892,
        0.013989586383104324,
        0.013013183139264584,
        0.012745169922709465,
        0.014460250735282898,
        0.013987977989017963,
        0.013307901099324226,
        0.012851521372795105,
        0.013493269681930542,
        0.014063475653529167,
        0.013619845733046532,
        0.01293023768812418,
        0.012224087491631508,
        0.01155825424939394,
        0.01136102620512247,
        0.01224489789456129,
        0.012216541916131973,
        0.012449007481336594,
        0.011175532825291157,
        0.010571992956101894,
        0.01113340724259615,
        0.01155839953571558,
        0.011773967184126377,
        0.012770501896739006,
        0.012810404412448406,
        0.013493889011442661,
        0.011341153644025326,
        0.010203942656517029,
        0.010551217943429947,
        0.010444075800478458,
        0.01021416112780571,
        0.011277513578534126,
        0.010235880501568317,
        0.010694978758692741,
        0.011096402071416378,
        0.009593769907951355,
        0.010020819492638111,
        0.009894180111587048,
        0.009850080125033855,
        0.010856741108000278,
        0.009591875597834587,
        0.010040481574833393,
        0.008750656619668007,
        0.009060785174369812,
        0.008605622686445713,
        0.008221953175961971,
        0.009544937871396542,
        0.009250471368432045,
        0.009017079137265682,
        0.010817705653607845,
        0.010240250267088413,
        0.008288700133562088,
        0.009532114490866661,
        0.009579402394592762,
        0.00845878105610609,
        0.00963698048144579,
        0.010519102215766907,
        0.010113535448908806,
        0.010800931602716446,
        0.009730308316648006,
        0.010015406645834446,
        0.010797523893415928,
        0.009641014039516449,
        0.009297851473093033
    ]
}