{
    "epoch": [
        0,
        1,
        2,
        3,
        4,
        5,
        6,
        7,
        8,
        9,
        10,
        11,
        12,
        13,
        14,
        15,
        16,
        17,
        18,
        19,
        20,
        21,
        22,
        23,
        24,
        25,
        26,
        27,
        28,
        29,
        30,
        31,
        32,
        33,
        34,
        35,
        36,
        37,
        38,
        39,
        40,
        41,
        42,
        43,
        44,
        45,
        46,
        47,
        48,
        49,
        50,
        51,
        52,
        53,
        54,
        55,
        56,
        57,
        58,
        59,
        60,
        61,
        62,
        63,
        64,
        65,
        66,
        67,
        68,
        69,
        70,
        71,
        72,
        73,
        74,
        75,
        76,
        77,
        78,
        79,
        80,
        81,
        82,
        83,
        84,
        85,
        86,
        87,
        88,
        89,
        90,
        91,
        92,
        93,
        94,
        95,
        96,
        97,
        98,
        99
    ],
    "train_loss": [
        0.030432656407356262,
        0.025651616975665092,
        0.02287069335579872,
        0.017213601619005203,
        0.016233282163739204,
        0.016378868371248245,
        0.012900015339255333,
        0.018458424136042595,
        0.013761570677161217,
        0.012871112674474716,
        0.009959803894162178,
        0.010468346998095512,
        0.010108222253620625,
        0.009788790717720985,
        0.009348059073090553,
        0.00850110873579979,
        0.008360921405255795,
        0.007349950261414051,
        0.006824834737926722,
        0.006933882366865873,
        0.006779244635254145,
        0.007946747355163097,
        0.008756223134696484,
        0.008164411410689354,
        0.006744988728314638,
        0.006196077447384596,
        0.005840567406266928,
        0.005555896554142237,
        0.005891758482903242,
        0.006066920235753059,
        0.0058994898572564125,
        0.005959304980933666,
        0.006159539800137281,
        0.0065321833826601505,
        0.007162340916693211,
        0.007010703440755606,
        0.005573158618062735,
        0.0056817978620529175,
        0.0061803157441318035,
        0.006004747468978167,
        0.005128895863890648,
        0.005481129977852106,
        0.0047041079960763454,
        0.004651444032788277,
        0.004901554435491562,
        0.004665141925215721,
        0.005869104061275721,
        0.006242251023650169,
        0.00601846631616354,
        0.0058836136013269424,
        0.006498042494058609,
        0.006857336964458227,
        0.006890635937452316,
        0.0065352716483175755,
        0.006820310838520527,
        0.007129083853214979,
        0.006566546857357025,
        0.006620416883379221,
        0.00642684381455183,
        0.006579071749001741,
        0.00638229213654995,
        0.005748882424086332,
        0.006076635327190161,
        0.005882790312170982,
        0.006566351279616356,
        0.006632764358073473,
        0.006432861555367708,
        0.006025105714797974,
        0.005886624567210674,
        0.006004386581480503,
        0.005850568879395723,
        0.005749491509050131,
        0.005552335642278194,
        0.005528231617063284,
        0.006123616825789213,
        0.006148617248982191,
        0.006569955497980118,
        0.005956187378615141,
        0.006052463315427303,
        0.005678015761077404,
        0.005780006758868694,
        0.0058497656136751175,
        0.005855925846844912,
        0.005978388711810112,
        0.00569902965798974,
        0.005794907454401255,
        0.005942612420767546,
        0.005996782332658768,
        0.006286490708589554,
        0.006273600738495588,
        0.006410853937268257,
        0.006964142434298992,
        0.0076926895417273045,
        0.007210786920040846,
        0.007034562062472105,
        0.0069141085259616375,
        0.0067370496690273285,
        0.006774951703846455,
        0.006180404219776392,
        0.006497037597000599
    ]
}