{
    "epoch": [
        0,
        1,
        2,
        3,
        4,
        5,
        6,
        7,
        8,
        9,
        10,
        11,
        12,
        13,
        14,
        15,
        16,
        17,
        18,
        19,
        20,
        21,
        22,
        23,
        24,
        25,
        26,
        27,
        28,
        29,
        30,
        31,
        32,
        33,
        34,
        35,
        36,
        37,
        38,
        39,
        40,
        41,
        42,
        43,
        44,
        45,
        46,
        47,
        48,
        49,
        50,
        51,
        52,
        53,
        54,
        55,
        56,
        57,
        58,
        59,
        60,
        61,
        62,
        63,
        64,
        65,
        66,
        67,
        68,
        69,
        70,
        71,
        72,
        73,
        74,
        75,
        76,
        77,
        78,
        79,
        80,
        81,
        82,
        83,
        84,
        85,
        86,
        87,
        88,
        89,
        90,
        91,
        92,
        93,
        94,
        95,
        96,
        97,
        98,
        99
    ],
    "train_loss": [
        0.2858232259750366,
        0.14434859156608582,
        0.11314757168292999,
        0.08856354653835297,
        0.07549500465393066,
        0.08092285692691803,
        0.06985854357481003,
        0.059926874935626984,
        0.05409973859786987,
        0.04973238334059715,
        0.05188659578561783,
        0.04829602316021919,
        0.04526086151599884,
        0.040879759937524796,
        0.03884851559996605,
        0.039712198078632355,
        0.03785279020667076,
        0.03511849045753479,
        0.03408733010292053,
        0.03267856687307358,
        0.032253656536340714,
        0.031095566228032112,
        0.032458141446113586,
        0.03246816247701645,
        0.030213141813874245,
        0.0350065752863884,
        0.03042060136795044,
        0.028724955394864082,
        0.02930045872926712,
        0.030525365844368935,
        0.03221597895026207,
        0.028202738612890244,
        0.027897577732801437,
        0.02734939567744732,
        0.026960263028740883,
        0.028717588633298874,
        0.027283066883683205,
        0.026899855583906174,
        0.02702486701309681,
        0.027247123420238495,
        0.0290426816791296,
        0.02737594209611416,
        0.027133550494909286,
        0.027068328112363815,
        0.027071356773376465,
        0.02889346517622471,
        0.027758682146668434,
        0.027447223663330078,
        0.027564043179154396,
        0.027545057237148285,
        0.02763635292649269,
        0.02757478691637516,
        0.027570970356464386,
        0.027822455391287804,
        0.027947505936026573,
        0.02798421122133732,
        0.02773512341082096,
        0.02771439217031002,
        0.027750810608267784,
        0.027784712612628937,
        0.02775045856833458,
        0.027278561145067215,
        0.027155691757798195,
        0.026701545342803,
        0.026784690096974373,
        0.026621730998158455,
        0.026542434468865395,
        0.02655920758843422,
        0.02658621035516262,
        0.026583626866340637,
        0.02658090926706791,
        0.026643244549632072,
        0.026779288426041603,
        0.026848290115594864,
        0.026709729805588722,
        0.026480961591005325,
        0.02644471451640129,
        0.026507986709475517,
        0.026362312957644463,
        0.026096578687429428,
        0.026314815506339073,
        0.026509545743465424,
        0.02663681097328663,
        0.026433592662215233,
        0.02613053470849991,
        0.02591116912662983,
        0.02571159414947033,
        0.025605391710996628,
        0.025510016828775406,
        0.025254013016819954,
        0.025046709924936295,
        0.025005551055073738,
        0.02487437054514885,
        0.02470868080854416,
        0.024505099281668663,
        0.024475915357470512,
        0.024326184764504433,
        0.024134347215294838,
        0.02397565171122551,
        0.023946117609739304
    ]
}