{
    "epoch": [
        0,
        1,
        2,
        3,
        4,
        5,
        6,
        7,
        8,
        9,
        10,
        11,
        12,
        13,
        14,
        15,
        16,
        17,
        18,
        19,
        20,
        21,
        22,
        23,
        24,
        25,
        26,
        27,
        28,
        29,
        30,
        31,
        32,
        33,
        34,
        35,
        36,
        37,
        38,
        39,
        40,
        41,
        42,
        43,
        44,
        45,
        46,
        47,
        48,
        49,
        50,
        51,
        52,
        53,
        54,
        55,
        56,
        57,
        58,
        59,
        60,
        61,
        62,
        63,
        64,
        65,
        66,
        67,
        68,
        69,
        70,
        71,
        72,
        73,
        74,
        75,
        76,
        77,
        78,
        79,
        80,
        81,
        82,
        83,
        84,
        85,
        86,
        87,
        88,
        89,
        90,
        91,
        92,
        93,
        94,
        95,
        96,
        97,
        98,
        99
    ],
    "train_loss": [
        0.7057967185974121,
        0.3317645788192749,
        0.12607690691947937,
        0.044847648590803146,
        0.03646830469369888,
        0.02275848761200905,
        0.01707518845796585,
        0.013655823655426502,
        0.012831536121666431,
        0.012327773496508598,
        0.010493959300220013,
        0.015188286080956459,
        0.014633853919804096,
        0.01815064623951912,
        0.015770869329571724,
        0.013633659109473228,
        0.012051183730363846,
        0.011376125738024712,
        0.01352575421333313,
        0.011110941879451275,
        0.012065756134688854,
        0.009479978121817112,
        0.009622727520763874,
        0.009075622074306011,
        0.008644863963127136,
        0.008724347688257694,
        0.008351934142410755,
        0.009220069274306297,
        0.009128839708864689,
        0.009114916436374187,
        0.008939660154283047,
        0.009318294934928417,
        0.009653552435338497,
        0.010987674817442894,
        0.00950789637863636,
        0.008540562354028225,
        0.00805177167057991,
        0.0077981590293347836,
        0.007401846814900637,
        0.0077148182317614555,
        0.007344139274209738,
        0.006998630240559578,
        0.007143622729927301,
        0.007336811162531376,
        0.007443166803568602,
        0.0074731591157615185,
        0.007196882274001837,
        0.006816919893026352,
        0.0066413963213562965,
        0.006610233336687088,
        0.00656229630112648,
        0.006396349519491196,
        0.0058885980397462845,
        0.006011090707033873,
        0.006117571610957384,
        0.0062309810891747475,
        0.00651760958135128,
        0.0063904449343681335,
        0.006396632641553879,
        0.0063364142552018166,
        0.006193210370838642,
        0.006161652971059084,
        0.006012748461216688,
        0.005920887924730778,
        0.005752689205110073,
        0.005701250862330198,
        0.006152461748570204,
        0.006567674223333597,
        0.006336442194879055,
        0.006334606092423201,
        0.006432277150452137,
        0.0066032432951033115,
        0.00636406010016799,
        0.006383996922522783,
        0.0066452957689762115,
        0.006217490416020155,
        0.0063221994787454605,
        0.006273751147091389,
        0.006592558231204748,
        0.006838452536612749,
        0.007066919934004545,
        0.007112074177712202,
        0.00704107154160738,
        0.0066835954785346985,
        0.006734080612659454,
        0.006914413999766111,
        0.007374766282737255,
        0.00753762386739254,
        0.007241260726004839,
        0.006799627095460892,
        0.0066635566763579845,
        0.006697329226881266,
        0.0066663362085819244,
        0.0066709015518426895,
        0.006412176880985498,
        0.006186684127897024,
        0.006047036498785019,
        0.005975315347313881,
        0.006080327555537224,
        0.0062477244064211845
    ]
}