{
    "epoch": [
        0,
        1,
        2,
        3,
        4,
        5,
        6,
        7,
        8,
        9,
        10,
        11,
        12,
        13,
        14,
        15,
        16,
        17,
        18,
        19,
        20,
        21,
        22,
        23,
        24,
        25,
        26,
        27,
        28,
        29,
        30,
        31,
        32,
        33,
        34,
        35,
        36,
        37,
        38,
        39,
        40,
        41,
        42,
        43,
        44,
        45,
        46,
        47,
        48,
        49,
        50,
        51,
        52,
        53,
        54,
        55,
        56,
        57,
        58,
        59,
        60,
        61,
        62,
        63,
        64,
        65,
        66,
        67,
        68,
        69,
        70,
        71,
        72,
        73,
        74,
        75,
        76,
        77,
        78,
        79,
        80,
        81,
        82,
        83,
        84,
        85,
        86,
        87,
        88,
        89,
        90,
        91,
        92,
        93,
        94,
        95,
        96,
        97,
        98,
        99
    ],
    "train_loss": [
        0.01913769356906414,
        0.015601333230733871,
        0.012221761979162693,
        0.012123658321797848,
        0.013027067296206951,
        0.01344506535679102,
        0.012735269963741302,
        0.012616519816219807,
        0.012462235055863857,
        0.0121703976765275,
        0.012176819145679474,
        0.012096467427909374,
        0.01208700891584158,
        0.01204646099358797,
        0.011943096294999123,
        0.01204748172312975,
        0.012052400968968868,
        0.011882320046424866,
        0.011886266991496086,
        0.011863527819514275,
        0.011886538937687874,
        0.011762361042201519,
        0.011972114443778992,
        0.011872830800712109,
        0.01176832988858223,
        0.011631038039922714,
        0.01160155888646841,
        0.011532610282301903,
        0.011507700197398663,
        0.011572981253266335,
        0.011636602692306042,
        0.011684354394674301,
        0.011680244468152523,
        0.011683003045618534,
        0.011724979616701603,
        0.011655994690954685,
        0.011373374611139297,
        0.011338147334754467,
        0.011371089145541191,
        0.011315573006868362,
        0.011282095685601234,
        0.01133241131901741,
        0.011324558407068253,
        0.01129820104688406,
        0.011244358494877815,
        0.011193224228918552,
        0.011225556954741478,
        0.011167418211698532,
        0.010954439640045166,
        0.010766125284135342,
        0.010706273838877678,
        0.010772843845188618,
        0.010730449110269547,
        0.010561498813331127,
        0.010366799309849739,
        0.01028536818921566,
        0.010223541408777237,
        0.010157881304621696,
        0.010086709633469582,
        0.009966377168893814,
        0.00984269194304943,
        0.009725267067551613,
        0.009449834935367107,
        0.009316747076809406,
        0.009161434136331081,
        0.009106879122555256,
        0.008540129289031029,
        0.00828889012336731,
        0.007949919439852238,
        0.007963557727634907,
        0.008038615807890892,
        0.008370042778551579,
        0.00892860908061266,
        0.00891748908907175,
        0.008889051154255867,
        0.008825128898024559,
        0.00884433463215828,
        0.008899182081222534,
        0.008970003575086594,
        0.009102468378841877,
        0.00929863192141056,
        0.00950260367244482,
        0.009819903410971165,
        0.010083016008138657,
        0.010344031266868114,
        0.01069014985114336,
        0.010947167873382568,
        0.011136374436318874,
        0.011218094266951084,
        0.011107582598924637,
        0.010979258455336094,
        0.010801148600876331,
        0.010663858614861965,
        0.010615715757012367,
        0.010604111477732658,
        0.010572707280516624,
        0.010537650436162949,
        0.010508749634027481,
        0.01044307928532362,
        0.01007130928337574
    ]
}