{
    "timestamp": "20250113_220409",
    "method": "ols",
    "configuration": {
        "m": 1.0,
        "c": 0.1,
        "k": 5.0,
        "force_type": "sine",
        "amplitude": 1.0,
        "freq": 1.0,
        "random_seed": 42,
        "x0": 0.0,
        "v0": 0.0,
        "t_max": 10.0,
        "dt": 0.02,
        "noise_std": 0.05
    },
    "true_parameters": [
        1.0,
        0.1,
        5.0
    ],
    "estimated_parameters": [
        1.0000000946279681,
        0.10000021457393785,
        5.000005113387993
    ],
    "parameter_errors": [
        9.462796812798047e-06,
        0.00021457393784007905,
        0.00010226775986055259
    ],
    "force_rmse": 8.11616503486644e-09,
    "optimization_info": {
        "success": true,
        "final_func_value": 3.3001939571467465e-14
    }
}